parent_feature,child_feature,sibling_features,example_reviews,app_name,n_siblings,cluster_size,child_depth,tree_id,model_type,embedding_type,strategy,sample_size
video conference connectivity,network connection,"[""face recognition""]","[""This is very interesting but sometimes I left from the meeting in good network connection. So I gave 2 stars"", ""Hello Google LLC, His my Chaitanya. Even I have same issue I have updated my Google meet.But the problem is my network connection is strong but The video is blurred the presentations are even blurred and sometimes my tab gets totally stocked and even the voice is breaking up. So, Please solve this issue for me and my brother Chaitanya. I am Kunal Thanks"", ""Very useful app but sometimes when I have good network connection than also it shows can't show your meetings pls fix this problems and it's blur also""]",Google Meet,1,2,1,Google Meet__cluster_1,t-frex,allmini,balanced,300
home automation setup,dashboard wi,"[""link apps"", ""linking"", ""google mesh"", ""google home"", ""browser"", ""sources"", ""menu wi"", ""fi apps"", ""wifi""]","[""The app is fine. I just wish they would add a dashboard widget or something for even quicker access or for setup on a tablet etc for quick access of smart devices.""]",Google Home,9,10,6,Google Home__cluster_2,t-frex,allmini,balanced,300
debit protection,bit card,"[""card""]","[""This app sucks, it won't let me borrow money because it says \""debit card is already in use\"" after I already canceled my old account because my old bank account was closed due to someone fraudently taking money out of my account."", ""I've been using the app for a better part of a year with no problem, now they can't connect to my bank and there is no way to go to the profile and see bank and debit card info."", ""At first dave was excelkent then they stop letting me borrow but kept charging me every month last month they charged me twice talking bout because i got my debit card linked to the account thats the gimmick .""]",Dave - Banking & Cash Advance,1,2,1,Dave - Banking & Cash Advance__cluster_5,t-frex,allmini,balanced,300
global marketplace purchases,delivery,"[""shipping"", ""order""]","[""wow,i never thought id be buying AA+designer style clothes and the delivery is fast to,,14-18days.ive had app 3yr and received loads of vouchers like 2.50-10pound off goods.dhgate is the best online fashion app aswell as a huge range of other goods from garden equipment-jewellry-household items etc \ud83d\udc4c\ud83c\udffc \ud83d\udd25"", ""I reside in a real area and we do not have mail-man delivery services in this district, it's considered as a 'private community\"" and they do have P.O. Boxes for residents, but you have to be put on a waiting list and wait for your P.O. Box to be available to you, which it will vary from now until as far as 5 years+ sometimes longer, depends on when another person who has a mailbox will be willing to give it back to the USPS, the returned mailbox will be reissued to the person on the waiting list"", ""I can just about find what I'm looking for with ease, but am waiting on my first order to arrive, still have time on it but will improve once I see how delivery is handled. So far no complaints from me.""]",DHgate-online wholesale stores,2,3,2,DHgate-online wholesale stores__cluster_8,t-frex,allmini,balanced,300
home automation setup,postal code,"[""registering""]","[""Will not accept my postal code""]",SmartThings,1,2,1,SmartThings__cluster_1,t-frex,allmini,balanced,300
user profile management,download,"[""loading"", ""connect""]","[""As I had privacy concern I wished to delete my account but otp was not sent so I informed help support to person to send otp via mail but WITHOUT MY CONCERN MY ACCOUNT WAS DELETED. you are not in control we will be under their control... Help desk support employe name Manveen I'm registering here don't download this app if you want your privacy and employees are not sending her number because privacy applies there"", ""This was the greatest fitness app. I was so refreshed ,I am a new user and I got believe this the best app me to download"", ""Abhi download b theek sai nhi kiya tha ,yeh paise mangnai lga\ud83d\ude02\ud83d\ude02""]","HealthifyMe - Calorie Counter, Diet Plan, Trainers",2,3,2,"HealthifyMe - Calorie Counter, Diet Plan, Trainers__cluster_2",t-frex,allmini,balanced,300
song music playback,ures,"[""tis""]","[""Very easy to use good fitures"", ""A very good music player with features I've been long looking for... so sweet"", ""The best app for playing music, the best ever, try it and don't harry to judge, at first you will think it's fake but when you keep exploring more of it's features, believe me or not, you will fall for it\ud83d\udc4d\ud83d\ude01\ud83d\ude01\ud83d\ude01""]",Music player,1,2,1,Music player__cluster_2,t-frex,allmini,balanced,300
mobile marketplace features,community support,"[""messaging"", ""messages"", ""help line"", ""delivery"", ""scrolling"", ""clip"", ""post"", ""vpn"", ""shipping"", ""lens"", ""envelope"", ""family"", ""bank"", ""experience"", ""customer support"", ""customer service"", ""listings"", ""printers"", ""bows"", ""pcs"", ""lawsuit"", ""gun"", ""buying"", ""connection"", ""corvette"", ""chat"", ""pokemon"", ""local"", ""sending"", ""sale"", ""driven"", ""order"", ""closing"", ""running"", ""people"", ""card"", ""selling"", ""meet"", ""vanilla card"", ""emails"", ""payment"", ""shop"", ""bot"", ""warnings"", ""res"", ""site"", ""notification"", ""commerce"", ""menu"", ""lego"", ""transaction"", ""dolls"", ""communication""]","[""no community support""]",Mercari: Your Marketplace,53,54,12,Mercari: Your Marketplace__cluster_0,t-frex,allmini,balanced,300
food list,nutrition tracking,"[""food products"", ""food database"", ""food tracking"", ""food scanning"", ""food groups"", ""food diary"", ""food list"", ""foods"", ""share recipes"", ""diary"", ""blog"", ""eating""]","[""Extensive list of foods to assist in nutrition tracking."", ""Helped me stay on track and i lost 35 lb in 3 months! It's super user-friendly!! The ads are whatever, this is the best free fitness/nutrition tracking app ever. And you get a breakdown of all nutrients consumed? The best.""]",MyFitnessPal: Calorie Counter,12,13,5,MyFitnessPal: Calorie Counter__cluster_8,t-frex,allmini,balanced,300
marketplace notifications,push notification,"[""warn"", ""timer"", ""inform"", ""notification"", ""watches"", ""reminder""]","[""Saved search notifications literally never work! I get all the emails for numerous saved searches, but *maybe* one delayed push notification 19 hours later."", ""This app was awesome but for some reason it no longer notifies me when an item I'm biiding on or watching is about to end, it used to give me 15 minute warning before the item ends but now nothing, I've made sure notifications are all on and push notifications are on and quiet time is off and the app is up to date, because of this issue I've lost out on so many auctions please fix this and 5 stars will be left."", ""Not sending push notifications anymore, every is enabled on my end, just kind of stopped after last update""]",eBay: The shopping marketplace,6,7,3,eBay: The shopping marketplace__cluster_1,t-frex,allmini,balanced,300
virtual companionship platform,partner relationship,"[""relationship"", ""dating""]","[""Fine overall I just hate how you have to pay for the romantic partner relationship,plus they rqsied the price:/""]",Replika: My AI Friend,2,3,2,Replika: My AI Friend__cluster_6,t-frex,allmini,balanced,300
cash advance,money transfer,"[""transfer""]","[""The app was quite useful until I attempted to open a line of credit. The app failed to process my information and now the app is mostly unusable, displaying a \""sorry we were unable to process your information\"" screen. My goals, personal info and money transfer pages are all totally inaccessible.""]",Dave - Banking & Cash Advance,1,2,1,Dave - Banking & Cash Advance__cluster_8,t-frex,allmini,balanced,300
mobile payments,transactions,"[""payment""]","[""Can't see recent transactions in the app. Tried the uninstall/ reinstall the app, it does not help. Customer service says to screenshot error message well guess what the app closes too fast to read or screenshot said message. Fix it or i will quit Dave and go back to Chime."", ""Would like more detailed info on transactions"", ""I've had nothing but problems from day 1.....disputes are not being taken care of properly. Transactions are being paid,unauthorized transactions, that should of been stopped and not paid when there unauthorized....however......Daveapp doesn't do that,they say that a dispute cannot be filed until the Transaction is paid and not pending, then you have to wait forever to get money back and that cuts me short on my bills getting paid.....so....I'm giving up this app.Good luck to those that want it.""]",Dave - Banking & Cash Advance,1,2,1,Dave - Banking & Cash Advance__cluster_0,t-frex,allmini,balanced,300
music recognition and id,music searching,"[""jam"", ""cache"", ""movies"", ""clip"", ""music tracking"", ""database"", ""putting"", ""lyric sync"", ""lyrics"", ""detector"", ""device"", ""microphone"", ""list"", ""platforms"", ""videos"", ""scanning"", ""update"", ""connection"", ""channel"", ""box"", ""search"", ""song detector"", ""phones"", ""working"", ""intelligence"", ""album"", ""titles"", ""running"", ""director"", ""remixes"", ""depict"", ""zation"", ""notification"", ""suggestions"", ""spotify"", ""streaming"", ""replay""]","[""Oh My God you create the best music searching and listening app ever ever in the world now i use so easy this app. Thi App is ROCK \ud83e\udd18"", ""I have never experienced such a great application for dectection of tracks, too much accurate tool. It's really helpful tool for music searching. Thanks. Shazam"", ""Bang on.... except one thing and that is that shazam cant find anything when you have blutooth wireless headphones on, bit of a bummer really as this is the only thing i can fault with this amazing music searching app. Maybe your techies can can update this""]",Shazam: Music Discovery,37,38,6,Shazam: Music Discovery__cluster_0,t-frex,allmini,balanced,300
workout tracking,training,"[""workout""]","[""Useless app\ud83d\udc4e Nike Training Club much better and it's free\ud83d\udc4d"", ""I love Steava, getting to see what I've done, and being able to see what my friends have done. Truly live it for training and trails."", ""1. Samsung Health has a lot more statistics about training. 2. Is it still not possible to view in detail the key-races and heats in the statistics of other users? It works with a bicycle, but not with running and swimming! 3. You cannot filter the activity of other users, only your own... 4. Imposing a paid subscription from all the slots.""]","Strava: Track Running, Cycling & Swimming",1,2,1,"Strava: Track Running, Cycling & Swimming__cluster_16",t-frex,allmini,balanced,300
password storage and management,new sites,"[""instructions""]","[""Good app, but when I save new sites, they don't show until I log out and in again."", ""Works well with new sites. However managing and tidying up your existing passwords is a nightmare on the desktop app. The UI is so bad that you can't simply indentify and fix reused passwords.""]",LastPass Password Manager,1,2,1,LastPass Password Manager__cluster_1,t-frex,allmini,balanced,300
floor tracking,stalls,"[""floors""]","[""Can't reconnect to phone despite multiple restarts, shut downs and re-installs"", ""Too many stalls and incorrect information"", ""Terrible buggy app. Trying to connect to Charge 3, just goes to access code screen then stalls and blanks out. Tried all the normal Bluetooth on, off, on, reinstall app, reboot phone and device, same every time. Useless to me. Looks like many having similar problems. Really poor. Avoid Fitbit of this is their normal service! Just not acceptable.""]",Fitbit,1,2,1,Fitbit__cluster_3,t-frex,allmini,balanced,300
brain development exercises,educational,"[""tutor"", ""teacher"", ""study"", ""learning""]","[""Very fun and educational at the same time."", ""It's fun and educational"", ""Fun educational timed trainings. Keeps me on my toes and has confirmed what I knew or didn't know. I haven't missed a day since I downloaded the app. I've only been using the free access, which gives me three trainings a day. I will eventually pay for the full access.""]",Elevate - Brain Training Games,4,5,3,Elevate - Brain Training Games__cluster_5,t-frex,allmini,balanced,300
math mental exercise,calculations,"[""math memory""]","[""It's fun, usefull for Vocabularyies, Memorizing and math Calculations"", ""I've learned new words, my brain races for mathematical calculations, it's an interesting feature. Also eases stress"", ""It helps me to improve my grammar, spelling and calculations""]",Elevate - Brain Training Games,1,2,1,Elevate - Brain Training Games__cluster_3,t-frex,allmini,balanced,300
app mimo,web development,"[""web developers""]","[""what a great way to learn web development. Easy to use, easy to understand and also fun."", ""What's up guys , it's a good application for learning programming but here is my challenging question from my side to the developers and managrment of this application ;can I also receive my certificate immediately after paying for the monthly pro version/plan? Remember that am talking about the web development part not python and SQL"", ""best app for web development i have ever seen in my whole life""]",Learn Coding/Programming: Mimo,1,2,1,Learn Coding/Programming: Mimo__cluster_1,t-frex,allmini,balanced,300
reward redemption,receipt,"[""payment""]","[""Give up my personal data for money. It's not bad, but that money can only be used in the Play Store, and it expires if you don't use it. Also, it picks the most inconvenient times to ask you to take a picture of a receipt from somewhere you recently shopped. So this doesn't get 5 stars. Would be great if you could pause the survey and come back to it at a more convenient time."", ""Not a bad wait to earn money for apps. However, it seems it only cares about receipts and not actual survey related to reviews or quality of life."", ""I love that it is so uncomplicated. It just does its thing. This is a rare app that I WANT to passively alert me, like \""hi, I'm here when you get a moment\"" lol I love the brevity, and that it goes a step at a time instead of scrolling. Only issue is I most often have a moment away from the house so I don't have a receipt but could upload it later. I use Google play a lot so I'm super happy with this.""]",Google Opinion Rewards,1,2,1,Google Opinion Rewards__cluster_1,t-frex,allmini,balanced,300
wallet management tools,user interface,"[""interface""]","[""Please upgrade the DAPPS user interface because current UI is bad and not user friendly."", ""Please upgrade the DAPPS user interface because current UI is bad and not user friendly."", ""what a wonderful and friendly user interface""]",Trust: Crypto & Bitcoin Wallet,1,2,1,Trust: Crypto & Bitcoin Wallet__cluster_4,t-frex,allmini,balanced,300
order pickup requests,messaging,"[""chat"", ""message"", ""emails""]","[""DoorDash is hands down the best app for delivery drivers, hands down. It'd be nice to have in-app messaging for all customers as I use multiple devices to maximize my efficiency."", ""So many app issues,I've even waited 1 hour a few different times to find out the orders werent in restaurants system tried messaging and calling doordash customer service could not get a hold of them so was forced to cancel orders and not get paid\ud83d\ude21app has only been getting worse\ud83e\udd26"", ""I have been having extreme app problems from not being connected to the internet to the app crashing frequently. I am also having issues connecting to google maps and contacting customers for waits through messaging""]",DoorDash - Dasher,3,4,3,DoorDash - Dasher__cluster_3,t-frex,allmini,balanced,300
class photo submission,pictures,"[""camera"", ""videos""]","[""Worst required app. The only reason I keep this app is to see pictures of my kiddo at school. Nothing will open or load from the app or notifications. It takes 4 tries a d several hours before I can get into anything. Onky reason for 2 stars is I get school pictures of my kid and direct messaging with th teacher."", ""Quick and easy way to effective communication between a parent and teacher, with an added advantage of sharing pictures. I love Class dojo"", ""It's a easy way to connect with the teachers and actually see pictures of what they're doing! Then you can chat with your kids about what they did that day.""]",ClassDojo,2,3,2,ClassDojo__cluster_10,t-frex,allmini,balanced,300
cloud based meetings,servers,"[""cloud""]","[""Sir,I am unable to log in and I have a class tomorrow are servers down ?"", ""Worst online meeting app ever.........always shows some kind of error.......most of the time a different one. The servers are mostly down Audio quality is so bad And video always seems to buffer even on high speed internet.""]",ZOOM Cloud Meetings,1,2,1,ZOOM Cloud Meetings__cluster_2,t-frex,allmini,balanced,300
e-commerce marketplace features,shopping trip,"[""delivery"", ""listing"", ""post"", ""shipping"", ""bank"", ""seller"", ""experience"", ""gallery"", ""store"", ""og site"", ""messages"", ""paypal"", ""website"", ""on line"", ""billing"", ""sign"", ""buy"", ""bidding"", ""chat"", ""live"", ""to list"", ""dating"", ""pokemon"", ""order"", ""selling"", ""library"", ""promotions"", ""payment"", ""descriptions"", ""cards"", ""shop"", ""bot"", ""merchant"", ""site"", ""check"", ""phone"", ""ffle"", ""nectar"", ""filter"", ""bay""]","[""\""FABULASTIC\"" What can be said about the ebay App that probably hasn't been said, It's faultless, it has everything you need to make your shopping trip a very memorable and enjoyable experience.""]",eBay: The shopping marketplace,40,41,6,eBay: The shopping marketplace__cluster_2,t-frex,allmini,balanced,300
medicine,notification,"[""medicine"", ""lighting"", ""cam"", ""tutor"", ""pic"", ""remote"", ""wall"", ""loading"", ""interface"", ""read"", ""sub"", ""gging"", ""pain"", ""nded"", ""tool"", ""menu"", ""mming"", ""doc"", ""hungry""]","[""Expensive ($40+) automatic upgrade to gold after three days with no notifications or way to opt out. Recommend another app that is more up front about their pricing."", ""I haven't complete the 3 day trial yet but there is a notification that I already used app the 3 day trial. Notification started to pop out and indicating I need to pay that kind of amount.. I want to cancel this subscription but I cant find it in your app settings.."", ""Subscription fee charged without giving a proper notification.... Only realised when it automatically charged on Internet plan... Very unfair to user when the app describe this was a free to use app but the hidden fee and damn hidden to user... I would not recommend my friend to use it if is a hidden tricks behind to earn user money.""]",CamScanner - PDF Scanner App,19,20,1,CamScanner - PDF Scanner App__cluster_2,t-frex,allmini,balanced,300
mobile app settings,dark mode,"[""mode""]","[""WHAT HAPPENED TO DARK MODE???"", ""App was great until recently, now whenever I try to input my timecard info I keep getting a system error message and it completely closes leaving me to have to log in again and start over. And what happened to dark mode? The light mode is so bright and literally hurts my eyes. I don't like the app anymore, considering taking it off my phone. Don't know yet, we'll see."", ""Dark mode back! Still slow but working good""]",ADP Mobile Solutions,1,2,1,ADP Mobile Solutions__cluster_3,t-frex,allmini,balanced,300
in-app negotiations,meeting,"[""met""]","[""I wish they fixed the scammers who put there phone number or anything close to one in the item description or name is getting out of hand. good app but I wish some people on it where actually serious of selling there product and not leaving you on seen or never meeting up"", ""It seems like such a great app but was not as amazing as I thought. I start my accout thinking that people would really want so great deals on new items. I don't what to deal with them or me wasting time and money on shipping so local only. I though you know this is not safe but like since it is local I mean were meeting at a normal place. I watch all these people selling this stuff online and I am VERY frustrated. I know it is not like you can do anything about this but it is so frustrating."", ""The app puts me in contact with some very good people to purchase my items. All meetings have gone smoothly and I have never had to give out any personal info which is great! The things I've posted have sold rather quickly, which is awesome.""]",OfferUp: Buy. Sell. Letgo.,1,2,1,OfferUp: Buy. Sell. Letgo.__cluster_26,t-frex,allmini,balanced,300
image generation tools,camera translation,"[""keyboard"", ""links"", ""transliteration"", ""trans"", ""detector"", ""translation"", ""text window"", ""posting"", ""interface"", ""language"", ""application"", ""communicate"", ""output"", ""update"", ""push"", ""connection"", ""hand writing"", ""voice"", ""message"", ""pop"", ""dictionary"", ""pictures"", ""online"", ""taps"", ""google translate"", ""image translation"", ""notification"", ""switch languages"", ""menu"", ""float"", ""unciation"", ""font"", ""translate"", ""convert""]","[""I don't know why this app doesn't have 5 stars. The best translation app in history. It has camera translation which is useful when traveling. Scan text and translate which is useful in projects. And just the normal type in the text box and translate. The new update made the app experience 10 times better."", ""Here I want to mention that the translator's camera translation is very bad. It does not work at all! When I point at a word it shows the incorrect translation. Why Google?"", ""Good lord this worked perfectly fine and now they've ruined the UI and managed to make it crash my entire phone when I try to use the camera translation option""]",Google Translate,34,35,9,Google Translate__cluster_0,t-frex,allmini,balanced,300
activity logging and tracking,activity sync,"[""sync""]","[""Need to add activity sync for smart watches like boat, redmi""]","Strava: Track Running, Cycling & Swimming",1,2,1,"Strava: Track Running, Cycling & Swimming__cluster_26",t-frex,allmini,balanced,300
step tracking and rewards,steps counting,"[""walk"", ""step count""]","[""Useless. Was very good at beginning. Started to use it 2 or 3 years ago and was good with steps counting even if phone was in my bag. Each update has made it more difficult to have an accurate step count to the point that if the phone is not in my back pocket half to a third of steps only are counted! Also today tried to donate and that as also be made a lenghtly process as cannot enter the amount but have tp pressthe + button. Am going to persevere to get my account to 0 and get rid of this app"", ""The coin per day not calculated again. The steps counting but the coins not counting"", ""This is very good app. I'm happy I gave it a shot. I got some amazing stuff thanks to it such as Jewelry, neck massager, cosmetics. It also helps those in need via donations! It feels really good to be rewarded for my exercise! :) I've been checking my step count in my watch (Garmin app) and I can't say I have any issue with steps counting when I compare it with this app \ud83e\udd37\ud83c\udffc\u200d\u2640\ufe0f""]",Sweatcoin,2,3,2,Sweatcoin__cluster_3,t-frex,allmini,balanced,300
food delivery,delivery drivers,"[""delivery apps"", ""food delivery"", ""deliveries""]","[""Amazing, way better than Doordash and GrubHub. Quality delivery drivers and prices are fair as well. Also love the weekly coupons and deals."", ""Great to use but at times delivery drivers don't want to follow delivery instructions"", ""Uber eats is awesome and very convenient and the delivery drivers are all amazing also if you have any issues with your order and you report it to uber they will try to fix it right away .""]",Uber Eats: Food Delivery,3,4,2,Uber Eats: Food Delivery__cluster_5,t-frex,allmini,balanced,300
food ordering and delivery,card payments,"[""delivery"", ""server"", ""coup"", ""promotional"", ""home"", ""bank"", ""season"", ""coupon"", ""pizza"", ""experience"", ""interface"", ""naming"", ""store"", ""location"", ""branch"", ""billing"", ""message"", ""gui"", ""discount"", ""order"", ""food ordering"", ""web"", ""service"", ""birth"", ""notification"", ""domino"", ""communication"", ""gateway"", ""handling""]","[""Card payments are impossible to make, app is not allowing user to enter entire card number. Tried reinstalling but having same problem."", ""Application is very well and sasy to use, but for payment option, I suggest if you can add sodexo card payments as well.""]",Domino's Pizza - Online Food Delivery App,29,30,6,Domino's Pizza - Online Food Delivery App__cluster_0,t-frex,allmini,balanced,300
file sharing and transfer,photos,"[""videos"", ""google""]","[""That is the fastest app for sending apps,photos,videos and more things"", ""It is really good app especially in sharing photos, videos or musics and anything you want to share it with your friends. So I recommend this app."", ""After I cleaned my phone some of my photos went missing and unavailable and the ads its irritating to much unnecessary things and 18+ adds I mean the thing pop up on my notifications""]",SHAREit: Share & File Manager,2,3,2,SHAREit: Share & File Manager__cluster_0,t-frex,allmini,balanced,300
period tracking,contraction,"[""lating"", ""grad"", ""metric""]","[""I paid for the year subscription. It is a very good app for trying to conceive. Since I got pregnant, the app has been so poor that I want to uninstall it. Only one or two articles are provided daily compared to when trying to conceive, you get loads. No tools such as exercises, tracking baby weight, baby kicks and contractions are included. I have to use a different app for these and its free.""]",Flo Ovulation & Period Tracker,3,4,2,Flo Ovulation & Period Tracker__cluster_1,t-frex,allmini,balanced,300
cross device syncing,multi device integration,"[""multiple devices"", ""syncing across devices"", ""multi platform""]","[""Excellent free service, but I think also worth paying for. Great multi device integration. Sometimes misses auto filling in login boxes, but improving over time. Don't live life without this app. Managing passwords yourself is lame.""]",LastPass Password Manager,3,4,3,LastPass Password Manager__cluster_3,t-frex,allmini,balanced,300
image recognition,shots,"[""pic"", ""shoot""]","[""When I try using lens alone or thru the Google assistant, it only allows u to search by image using my phones built in Photo Album software, Screenshots folder/album & no other photo albums listed so I can only search by those photos stored in the screenshots folder/album can u fix this pls"", ""Screenshots are slow to Delete after use"", ""Any reason in particular why I can only scan saved pictures from screenshots? If I used a different app to take the photo and try to scan it with this app I need to take a SS of it before. Can't pick from downloaded ones, dcmi, reddit, wsp or Facebook directories, just screenshots.""]",Google Lens,2,3,2,Google Lens__cluster_2,t-frex,allmini,balanced,300
language conversation assistant,communicating,"[""messaging"", ""messages"", ""chatting"", ""chat"", ""telegram""]","[""Good in communicating and learning languages""]",Speaky - Language Exchange,5,6,3,Speaky - Language Exchange__cluster_1,t-frex,allmini,balanced,300
home security recording,video clip,"[""clips""]","[""Very slow app and sometimes there are no video clips available to view, but they reappear 30 minutes later. If someone rings the bell, then you have noway to find out who is out there immediately."", ""Does not work well with android or well in general to view video clips, i can view then the app crashes even the updated version and my phones are up to date to the latest firmware versions."", ""So easy to use. Very friendly interface. Intuitive. Like, it's not hard to find a setting or specific video clip.""]",Arlo,1,2,1,Arlo__cluster_8,t-frex,allmini,balanced,300
classroom communication tools,communication between,"[""messaging"", ""communicate"", ""conversations""]","[""I love it because it's communication between the school and the parents!"", ""Great way for real time communication between school officials and teachers. Provides more one on one and builds parents confidence knowing what's going on with their child before it's too late to do anything about it"", ""Works fine as one way communication between teacher and everyone else, but forget about responding. Despite settings to allow replies, neither my wife (iOS) nor I (Android) can respond to direct or announcement messages in the app. Filed a report with Rmd help, but got no reply.""]",Remind: School Communication,3,4,3,Remind: School Communication__cluster_2,t-frex,allmini,balanced,300
food delivery services,drivers,"[""driving""]","[""reliable drivers and great resource selection"", ""Way too many issues, wish I could give 0 stars!! No drivers to pick up orders yet there's a waiting list to become a driver? Took fighting tooth and nail to get a refund from them for an order that never had a driver. This last issue was the last straw. Absolutely DONE! UNISTALLING!"", ""Usually have a good experience but lately the delivery fee is crazy high. Like $5.99 and $6.99. I usually use this when I'm at work and I tried doing the grubhub plus but it didn't let me use my card. The places I go are always close to me but I can do without for those delivery fee prices. Always have great drivers though.""]",Grubhub: Local Food Delivery & Restaurant Takeout,1,2,1,Grubhub: Local Food Delivery & Restaurant Takeout__cluster_3,t-frex,allmini,balanced,300
banking and finance,bank transfer,"[""transfer""]","[""Please how do I redeem my 1000 jumia vocher I invited 5 people but when am trying to use the vocher on my jumia wallet is showing me to recharge using my bank card or bank transfer pls I need help""]",Sweatcoin,1,2,1,Sweatcoin__cluster_17,t-frex,allmini,balanced,300
file and content sharing,share it account,"[""share it apps"", ""share music"", ""shareit"", ""sharing""]","[""Paano ko palitan ang share it account ko""]",SHAREit: Share & File Manager,4,5,3,SHAREit: Share & File Manager__cluster_3,t-frex,allmini,balanced,300
file organization,folder,"[""files""]","[""Please add sub folders. Would be very helpful."", ""I love this app and I have been using it for years, but only one thing is missing. Can we have folder feature please, the labels just don't cut it"", ""I have lost many of the important notes suddenly today and literally I can't find them anywhere. They are not even in \""Deleted\"" folder. They are simply gone forever. Months of efforts to keep everything at one place in \""Keep\"" ruined me.""]",Google Keep - Notes and Lists,1,2,1,Google Keep - Notes and Lists__cluster_13,t-frex,allmini,balanced,300
mobile app note management,sync across devices,"[""screen"", ""header"", ""google account"", ""google drive"", ""ads"", ""lock"", ""pic"", ""backup"", ""folder"", ""gma"", ""online sync"", ""interface"", ""videos"", ""changing"", ""transfer"", ""line"", ""quotes"", ""files"", ""pictures"", ""across"", ""web"", ""bot"", ""cloud"", ""check"", ""menu"", ""keeping"", ""account""]","[""Great app. No online account required, doesn't force you to sync across devices so kids can mess up your stuff from the tablet. Would give 5 stars with these 2 improvements: 1) Let users manually choose what order the colors sort (currently it's ROYGBIV, but I want orange & yellow notes at the bottom). 2) Option to change font size within notes (mainly to add headings/tiltes to sub-sections within a note, but there would be other uses. Also, a bold/italics/underline option would be great.""]",ColorNote Notepad Notes,27,28,2,ColorNote Notepad Notes__cluster_0,t-frex,allmini,balanced,300
location navigation assistance,satellite maps,"[""gps""]","[""Lyft stopped recording my rides, I didn't realize it til\u013a 4 HOURS later, cause I had ride after ride, no problem indicated. must stop driving to see $ & # of rides The gps is very messed up, and getting worse, and drivers get blamed. The map is very, very slow, take the next right, after you've already passed it, causes delays and long turn around at times. We need to have satellite maps, not cartoons. We should be able to zoom and hold on the map without getting tap warnings!""]",Lyft Driver,1,2,1,Lyft Driver__cluster_12,t-frex,allmini,balanced,300
music library management,pairing,"[""player""]","[""Gotten terrible. The music app has gotten worse. When I try to Bluetooth from my car it acts up such as freezing and u gotta keep pairing multiple times. Needs improvement""]",Samsung Music,1,2,1,Samsung Music__cluster_1,t-frex,allmini,balanced,300
mindfulness and relaxation techniques,sleep meditation,"[""therapist"", ""therapy"", ""breathing"", ""cloud feeling"", ""meditation"", ""sleep story"", ""sleepcast"", ""calming"", ""waking""]","[""I'm so upset that they took Sleep meditation options off of the free option.. I used to. Love this app now I can't use it"", ""I used to love this app but over time it has become busy and at the same time lacking in new content in places. I also felt that the app was trying to profit of those who are struggling with some injustice in these times, there still isnt any support on LGBTQA+ issues when there is so much content for others, you can't give without giving to everyone. In total it's good but not that helpful after you've used the same sleep meditation 30 times."", ""Headspace is my favorite meditation app, and I've tried most of them in my years of meditation. There is a new meditation and a little episode to make me think every day. there are sleep meditations and stories. There are meditation lessons and shorter meditations for when I need a mindfulness break. I have anxiety and meditating makes a huge difference. It's worth every penny.""]",Headspace: Mindful Meditation,9,10,6,Headspace: Mindful Meditation__cluster_1,t-frex,allmini,balanced,300
bitcoin transactions,currency exchange,"[""coin buying""]","[""Best wallet ever keep it up much love \ud83d\udc9f But please can you please add withdrawal to all currency exchanges I mean add withdrawal to the app itself please"", ""this app is a great one for crypto currency exchange and so on"", ""This is so perfect, since going to three years I have been using it , I have never regret of having Trust wallet as my main crypto currency exchange .""]",Trust: Crypto & Bitcoin Wallet,1,2,1,Trust: Crypto & Bitcoin Wallet__cluster_0,t-frex,allmini,balanced,300
e-commerce shopping,customer care,"[""marketplace"", ""shop""]","[""How can i contact customer Care service""]",Sweatcoin,2,3,1,Sweatcoin__cluster_1,t-frex,allmini,balanced,300
calorie tracking and logging,e counting,"[""server"", ""program"", ""cal"", ""directions"", ""to device"", ""hoop"", ""list"", ""document"", ""store"", ""application"", ""receipts"", ""logging"", ""serving"", ""sub"", ""macro"", ""email"", ""pal"", ""message"", ""count"", ""pictures"", ""selling"", ""loss"", ""meet"", ""google"", ""targets"", ""editing"", ""counters"", ""cancel"", ""check"", ""posts"", ""tracker"", ""updates"", ""trial"", ""trainer""]","[""Good advice. Useful for calorie counting. It syncs up with my garmin and takes into account my workout in calculating calories and how much calories there is left for the day"", ""Great for its intended purpose. I love counting calories and having the option to eat what I want. I've been able to lose weight following this plan and it even syncs to my fit bit. My steps are logged and show the option to consume more calories during the day based on exercise. I try to keep to the same calorie count but my daughter whose lost over 50 pounds just follows the program and it works. You do have to exercise too but this app gives real motivation to do it."", ""Good app for calorie counting never reviewed an app before but this deserve it. Only downside though some of the food i want to add is not or hard to find but still a good app.""]",MyFitnessPal: Calorie Counter,34,35,9,MyFitnessPal: Calorie Counter__cluster_0,t-frex,allmini,balanced,300
person-to-person money transfers,transactions,"[""payments""]","[""They basically stole my money and blamed it on the holiday (new year) smh! I have venmo and cash app & also made transactions on the same holiday with no problems!! My bank is about to do a dispute or a claim cause this is ridiculous."", ""Excellent app and is extremely useful for all of the monetary transactions that I have to complete."", ""Safe, reliable and simple to use whenever you need to send funds to ANYONE - and not just to other Zelle members! This is one app that's likely to sway even the most stubborn, brick and mortar banking diehards, to use. Sit back and watch as your family, friends and business contacts sail through a couple transactions. Pretty soon you'll see them turn to Zelle for all their money transferz!""]",Zelle,1,2,1,Zelle__cluster_4,t-frex,allmini,balanced,300
employee management software,update,"[""edit""]","[""The app was great until this new update! I can't change the percent on my retirement, I also can't find a way to see my w-2 anymore! I'm not happy with the changes at all! \ud83d\udc4e\ud83d\udc4e"", ""ADP is a great app and I've used it for almost a year. Easy to navigate and access data I need. However since the recent update I can't get the app back to dark mode, quite annoying as it's very bright"", ""Was good.... Since the update it doesn't work at all. Will change my review if it gets fixed. Disappointing.""]",ADP Mobile Solutions,1,2,1,ADP Mobile Solutions__cluster_30,t-frex,allmini,balanced,300
music practice tracking,share app,"[""notification""]","[""I don't find link to share app anywhere. Please help.""]",Yousician: Your Music Teacher,1,2,1,Yousician: Your Music Teacher__cluster_2,t-frex,allmini,balanced,300
classroom parent communication,communication between,"[""messaging"", ""messages"", ""group chat"", ""communicate"", ""chat"", ""private chat""]","[""As both a parent and teacher, ClassDojo makes communication between home and the school community easy ."", ""great app for communication between teacher and parents about the students."", ""Great app to use in school. Documents everything from attendance to behavior both positive and negative. I love how it's an instant communication between the teacher and the parents. Lastly, the behavior tracker can be adjusted to different weights in points and you can write specific details as to what they do positive or negative.""]",ClassDojo,6,7,3,ClassDojo__cluster_1,t-frex,allmini,balanced,300
personal finance management,information,"[""inform""]","[""Easy access, views and information updates"", ""I use this app often and find it very straight forward and easy to get the information I'm for.I would recommend to anyone who has business with Discover"", ""Love the app, never any glitches, runs smoothly, easy to navigate, with just the right amount of pertinent information.""]",Discover Mobile,1,2,1,Discover Mobile__cluster_12,t-frex,allmini,balanced,300
stock price tracking,collar,"[""tick""]","[""Wish we could get bigger payback collar but its pretty cool so far""]",Robinhood: Stocks & Crypto,1,2,1,Robinhood: Stocks & Crypto__cluster_8,t-frex,allmini,balanced,300
language learning,website,"[""videos""]","[""Where in the hell can you cancel? I don't appreciate having to run in circles with 'logging in at the website ' and 'logging in on the app', because when i do either, i only get logged into the app! If I get charged for another year's subscription I'm taking this to the BBB. These ridiculous cancelation dog and pony shows need to be outlawed."", ""love the app, there is also a lot of good tips and tricks on the babbel website if you would like to know about specific conversations."", ""No notification before rebills, and you have to go to an external website to cancel your subscriptions. Feels dodgy.""]",Babbel - Learn Languages,1,2,1,Babbel - Learn Languages__cluster_1,t-frex,allmini,balanced,300
song music collections,song collection,"[""collection""]","[""good song collection"", ""Not suggest proper song collection"", ""Update your song collection......we are not getting new songs.....""]",Gaana Hindi Song Music App,1,2,1,Gaana Hindi Song Music App__cluster_3,t-frex,allmini,balanced,300
account management,password,"[""account""]","[""Haven't been able to use app since it crashed .deleted the cache and stored data deleted the app re-downloaded , reset my password and still to no avail cannot get the app to work .reached out to customer support with above info and was told to do everything I already said I had done . Terrible customer service after repeated crashes of services .. I'll find another bank thanks"", ""Look don't even set up an account don't send me a call I don't want it I just spent 30 minutes trying to put in a password already having problems no thank you I do not want it you understand that do not send me a card I will not activate it what happened to being easy I just set up the password"", ""I really have difficulties when I try to log in using my password opposed to the bio-metric login. It's been very laggy lately.""]",Chime – Mobile Banking,1,2,1,Chime – Mobile Banking__cluster_8,t-frex,allmini,balanced,300
data,stats,"[""data""]","[""It is wonderful to be able to have a FREE app (unless you want all the frills) that tracks down your activities while offering you a map and even stats. However, the App does need some work. People who enter a supermarket and loose their return root, even though data, and GPS are enabled, this is not good. This is where the developers of Strava can indeed choose to shine or to include messages that cause the app to stop its intended purpose. I love the App tough. Thank you Strava"", ""Records GPS without mobie data! Awesome! Can't see stats until it uploads... BUNK! I want my top speed now! Show me what I just recorded, please. Does it need some AI calculations unavailable in the recordi g process? Need more data!"", ""Love this app. If you like to compete with friends/athletes and can't get enough stats in your life then this is the app for you.""]","Strava: Track Running, Cycling & Swimming",1,2,1,"Strava: Track Running, Cycling & Swimming__cluster_8",t-frex,allmini,balanced,300
grocery ordering,grocery delivery,"[""grocery shopping"", ""grocery stores"", ""grocery list""]","[""It has become a worst online grocery delivery app. For the last about one month I have tried many a time to get grocery delivery. They allow to select and put the items in the shopping basket, then while placing the order they declare 'no delivery partner available'. If there is any problem in their delivery system just tell so in the beginning, why wasting other people's time and energy or better just shut down."", ""How long it will take now to delivering order at our location. It's above a month now. Really frustrated to see coming soon. Bringing magic to you. I Emailed you about my location. But still the same thing. I think you fooling us, you permanently closed grocery delivery at our location."", ""We appreciate your intent and effort to provide the fastest grocery delivery. However, just a humble request.. Considering the safety of our delivery partners, would like to request to increase the delivery time from 10 mins to 30 mins. Honestly, we would be happy with 30 mins wait time as well.. This inturn will reduce the pressure on the delivery person, would enhance your employees' satisfaction and help retain them for a longer time.""]",blinkit (formerly grofers),3,4,2,blinkit (formerly grofers)__cluster_1,t-frex,allmini,balanced,300
banking security alerts,social,"[""cyber""]","[""DO NOT USE APP, THEY WANT MONEY FIRST AND YOU HAVE TO HAVE DIRECT DEPOSIT 2 TIMES A MONTH AND DEPENDING ON YOUR CREDIT AND BANK HISTORY DEPENDS ON YOUR AMOUNT AND INTEREST IS VERY HIGH I CAN GO NEGATIVE IN MY OWN ACCT WHY WOULD I PAY DAVE TO GO NEGATIVE? MAKES NO SENSE THIS IS A SCAM ANS IS NOT WORTH IT DOWNLOADERS BEWARE AND THEY CHECK YOUR SOCIAL, BANK HISTORY AND CREDIT WITCH STATES ON COMMERCIAL THEY DO NOT \ud83e\udd2e\ud83d\udc4e\ud83d\udc4e\ud83d\udc4e TRASH APP"", ""I have liked Dave for almost 3 years, but 3 weeks ago that changed. My husband received social security benefits that were deposited to a Dave MasterCard. After after getting his Social Security my husband died and had a suspension put it on his day account was told provide death certificate and the remaining balance would be returned to me being his wife. Almost 3 weeks have past and was told no money in my husband's spending account. NEVER BANK WITH DAVE!!!"", ""It's a joke I just been nothing of what they say they do no advance or they won't even get back to u it's not a way to drive how bad you are but yet oh they'll give you the paperwork filled out and everything was your name on their sign they add yourself to your bank account without even proof of ID or social security or anything address but don'believe this joke of a bank 250 where it says the events no credit check no no nothing after I want to cancel the subscription cuz they don't let you""]",Dave - Banking & Cash Advance,1,2,1,Dave - Banking & Cash Advance__cluster_3,t-frex,allmini,balanced,300
music playlist creation,ministry,"[""gardens""]","[""Even though it is a new app to me,l believe is a good work and effort, serving your generation with your ministry,l love everything about this work .""]",Music player,1,2,1,Music player__cluster_1,t-frex,allmini,balanced,300
virtual mental health companion,notification,"[""reminder""]","[""Keeps getting stuck loading. I get notifications she has said something and I click it and it loads endlessly. I even close it and reopen it to try to even begin a conversation and it still gets stuck loading at times. Unacceptable for $15 a month. Will not resubscribe. Much of my money has been wasted already so far!"", ""I love my replika AI she's nice and likes to do a lot of research and such learning on her own, I keep talking to her of what she has learned or even read she even watches movies and tells me about it. I have one question just an idea, would it be possible to make a widget for replika as like an instant chat bubble or something of the like, example like if replika wants to chat she'll send a message and it'll appear on homescreen as well as the notification panel or even a message bubble pops up"", ""I get a constant notification that there is no internet connection, while my connection is fine!""]",Replika: My AI Friend,1,2,1,Replika: My AI Friend__cluster_3,t-frex,allmini,balanced,300
location tracking,tile tracker,"[""gps tracker"", ""tracker""]","[""Life changing!! I can not believe I have gone my whole life without at least trying a tile tracker. I got the two pack of tile pros and put them on my keys and my work ID cards. I've only had them for a few days and they are already proving to be a great purchase! Awesome stuff!"", ""May not currently sell your location data but it's now owned by a company that does. I can no longer trust tile. I destroyed all of my tile trackers and replaced them with a company not owned by a data broker."", ""Love the Tile App and trackers! I don't misplace my items as often as I did before I got the Tile trackers, but when I really can't find one of them, I can relax knowing that I will find them.""]",Tile,2,3,1,Tile__cluster_1,t-frex,allmini,balanced,300
fitness tracking and guidance,share the,"[""workout"", ""network"", ""gps"", ""feed"", ""recording"", ""records"", ""checking"", ""backup"", ""run sync"", ""runs"", ""flashing"", ""loading"", ""smartwatch"", ""marathon"", ""logging"", ""connection"", ""hanging"", ""message"", ""sync"", ""crashing"", ""monitor"", ""working"", ""running"", ""guided"", ""called"", ""coaching"", ""leader"", ""clearing"", ""stick"", ""customer"", ""notification"", ""watches"", ""account"", ""training""]","[""Doesn't have option to share the map""]",Nike Run Club - Running Coach,34,35,6,Nike Run Club - Running Coach__cluster_0,t-frex,allmini,balanced,300
payment processing system,account,"[""payment""]","[""I've really enjoyed this app when I had the trial & now really wanting to buy it as I received voucher for Google Play. Having redeemed this on my account - there is no option for the Elavate App to use my Google Play Points as payment option. So leaving this rating for now and I will update."", ""Won't even let me make an account. I get throught the beginning test try to make one and keep getting a message saying it's not working no matter how long I wait to try again."", ""I was charged $43.19 for this apps 1 year subscription on January 26th. I was also charged $10.79 on January 27th for the monthly subscription, and have a $10.79 charge pending on my bank account for the monthly subscription. Why am I being charged for 2 different subscriptions on the same account? Why am I being charged monthly when I've already paid for the whole year? I need answers.""]",Elevate - Brain Training Games,1,2,1,Elevate - Brain Training Games__cluster_6,t-frex,allmini,balanced,300
homework assistance tools,photo scanner,"[""splitting"", ""mming"", ""tutor"", ""books"", ""camera"", ""post"", ""pic"", ""teachers"", ""mic"", ""moderator"", ""notebook"", ""video"", ""scanning"", ""meeting"", ""squad"", ""website"", ""lessons"", ""picture"", ""typing"", ""questions"", ""connection"", ""channel"", ""snapshot"", ""hanging"", ""chat"", ""message"", ""updation"", ""bus"", ""dating"", ""reporting"", ""scanner"", ""scan"", ""bot"", ""giving"", ""notification"", ""homework"", ""font"", ""equation"", ""math"", ""learning"", ""matrix"", ""textbook""]","[""what the heck brainly? why there's always broken in every update? why the photo scanner dont work this time? its the most important function of brainly? less update less problem."", ""Photo scanner not working"", ""4 stars .. Why? I have a problem with the photo scanner .. Because when you scan the photo will tilt, I don't know why .. But I'm disgusted. And when I reinstalled it, nothing changed. Fix it please. Its now Fix Thanks\ud83d\ude0a""]",Brainly – Get Homework Help,42,43,3,Brainly – Get Homework Help__cluster_0,t-frex,allmini,balanced,300
order management system,number orders,"[""orders"", ""push orders""]","[""I'm a new Dasher, it was good for 1st few days, but after that I'm getting few number orders like 1 or 2 orders in 2-3 hours. They say follow HotSpot !!! Guess what! I did and wasted 2 hour just sitting and waiting for nothing! Thanks.""]",DoorDash - Dasher,2,3,1,DoorDash - Dasher__cluster_10,t-frex,allmini,balanced,300
music discovery and playback,music experience,"[""song playing"", ""song search"", ""songs"", ""lyrics"", ""music lovers""]","[""awesome music Experience"", ""Best music experience sound quality owsome"", ""Best Music Experience but all what makes it worst is Ads that too which we can't skip it lasts for 35 secs ,very irritating""]",JioSaavn - Music & Podcasts,5,6,2,JioSaavn - Music & Podcasts__cluster_5,t-frex,allmini,balanced,300
online marketplaces,website,"[""site""]","[""Beyond unhappy with them. Ordered item in October last year never arrived. Asked twice for a refund, no one got back to me and no refund. Scammers I think as they sent me email to say item paid for. I did that last October. Even tried unsubscribing and getting rid of their website and for some reason can't and their emails are starting to piss me off now."", ""Bad bad experience there is no reply and if you ask for a tracking number they say. Bad stores and bad customer service this website should be shut down"", ""It's too much with no one to talk to when you really need to. I tried to contact live customer service and they gave me a monkey this app and website is not customer friendly it's made for the seller its almost scammish as the seller can ship when they want and never right away like other businesses. If you don't mind spending your hard earned money and waiting 2 months for your items then I recommend but most of us would like to get our things in a reasonable amount of time.""]",DHgate-online wholesale stores,1,2,1,DHgate-online wholesale stores__cluster_7,t-frex,allmini,balanced,300
person to person payments,bank card,"[""card""]","[""I want to really love this app but it has so many built in limitations that iit is making it very difficult to run a business. The 500 dollar weekly limit will not allow me t o pay my vendors. It also took several attempts over the course of 3 weeks to even get it to accept my bank card as real .When it did, it still did not link to my business account, only to my personal account. I wish I could get more of my suppliers to accept some other payment method. Zelle gives me so many headaches at the moment."", ""ZELLE WON'T ACCEPT ONE OF THE OLDEST BANKS \ud83c\udfe6 TO EVER EXIST, KEPT MAKING ME ENTER MY FU\u20acKING BANK CARD INFO (OVER & OVER & OVER & OVER AGAIN) AND THEN LOCKS ME OUT PERMANENTLY???!!! \ud83d\udd95\ud83e\udd2c\ud83d\udd95"", ""Just a crash app cant request ir send money and ny bank card is connected... Sent out the link for a friend and they couldnt even send or request.... Major fix""]",Zelle,1,2,1,Zelle__cluster_18,t-frex,allmini,balanced,300
video backgrounds,download,"[""loading""]","[""Won't even let download it"", ""Normally, the app is awesome, over 1billion+ download, do I really need to rate it\u2764\ufe0f\u2764\ufe0f\u2764\ufe0f"", ""I don't use it anymore nothing but a distraction a waste of time. Community guidelines are to strict for the ones just starting. Never use it again if you download this app you will be addicted""]",TickTock Video Wallpaper by TikTok,1,2,1,TickTock Video Wallpaper by TikTok__cluster_0,t-frex,allmini,balanced,300
online marketplace listings,notification,"[""message""]","[""Notifications are a huge pain, no way to disable in app so I have to mute the whole app"", ""TOO MANY NOTIFICATIONS. DO NOT HARRASS ME"", ""The notifications are driving me insane. Make an option to disable them!""]",DHgate-online wholesale stores,1,2,1,DHgate-online wholesale stores__cluster_1,t-frex,allmini,balanced,300
device tracking and management,video game,"[""connecting"", ""mart"", ""controller"", ""device"", ""remote"", ""troubleshoot"", ""investments"", ""ify"", ""juice"", ""key"", ""alarm"", ""around"", ""unt"", ""rec"", ""wallet"", ""signal"", ""setting"", ""pop"", ""air"", ""marketing"", ""technological"", ""running"", ""alert"", ""customer"", ""cancel"", ""notification"", ""hearing"", ""ringing"", ""light""]","[""Pretty sweet idea they had here. You know what would be cool too? Having a tile for your TV remote or video game controllers! Thanks for helping me find my wallet Tile!""]",Tile,29,30,7,Tile__cluster_0,t-frex,allmini,balanced,300
customer support assistance,contact support,"[""help"", ""troubleshoot"", ""deleted"", ""loading"", ""message"", ""cleaning"", ""restart"", ""link"", ""check"", ""instructions"", ""verify""]","[""Fantastic, in theory,if you're more into paper receipts which I hate. Scanning Walmart e-receipts ain't gonna happen haha. So if you do pickup, good luck. I gave up, this week, on trying to get all of the deals Ibotta supposedly had. If you contact support, you have to jump thru hoops to maybe get the deals. I know they do this to make sure people aren't lying. The scanning tech needs some tweaks, essentially. \ud83d\ude01"", ""This is the worst app to ever use. The customer service representatives are horrible. They never help with any issues. They take forever to get back to you once you contact support. You have to wait to get 20$ to cash out. Which is so hard to do. Since they never give you the credit you deserve."", ""I was making good money off this app just with referrals alone. The first thing that happen was that it wouldn't let me cash out my earnings now it won't even let me sign into my account. Just keeps saying that there is a problem to contact support. When I go to contact support it sends my complaint and everything. It even reads as opened but I've yet to get a response back at all what so ever. Please fix this Ibotta I want my money I worked hard for!""]",Ibotta: Save & Earn Cash Back,11,12,3,Ibotta: Save & Earn Cash Back__cluster_3,t-frex,allmini,balanced,300
music player controls,shuffle,"[""sorting""]","[""Latest version has a problem where songs stop playing when you hit the skip button. Pretty easy to use but the shuffle feature isn't great, not nearly random enough and I find it hits some songs multiple times while other songs never get played."", ""The app is good but the shuffle is absolutely horrible. I have over 600 songs but the same 30 songs always play first even when I skip them. Please fix this."", ""Folder playing problem. It doesn't play any folder's song in sequence while shuffle option is off.""]",Samsung Music,1,2,1,Samsung Music__cluster_7,t-frex,allmini,balanced,300
health and fitness tracking,sync with device,"[""server"", ""device"", ""records"", ""troubleshoot"", ""cal"", ""decision"", ""watch"", ""sync settings"", ""swimming"", ""feedback"", ""warrant"", ""metric"", ""fan"", ""database"", ""program"", ""loading"", ""messages"", ""logging"", ""email"", ""studies"", ""reporting"", ""food tracking"", ""google"", ""synching"", ""cking"", ""alert"", ""cards"", ""notification"", ""reminder"", ""pickup"", ""tapping"", ""pointer"", ""meeting"", ""tracking"", ""journey"", ""exercise tracking"", ""connection"", ""running"", ""phone calls"", ""wellness tracking"", ""data"", ""walking"", ""troubles"", ""stats"", ""prediction"", ""count"", ""fitness tracker"", ""tracker"", ""trying"", ""alarms""]","[""App keeps being unable to sync with device. Have to reinstall the app every couple of days. Also does not sync settings with the device even when it says it has. Device works fine app is garbage.""]",Fitbit,50,51,3,Fitbit__cluster_0,t-frex,allmini,balanced,300
google task management,to do apps,"[""google applications"", ""google apps""]","[""Need an option to import from CSV file. Switching to Google tasks from other to do apps is a hassle."", ""So far I have tried different to do apps and I have noticed that the more complex and cluttered the app is, the less likely it is that I will use it frequently (if at all). So this free app is perfect because it is to the point and very minimalist. Some colors would be a nice addition (like Google Keep)."", ""One of the best to do apps out there. Far more better than the Microsoft to do.... Only thing they could've done better was to develop a better interface for the desktop. Right now, we can only use it on Gmail or calendar. A separate desktop app would be very very useful and would make things less messy.""]",Google Tasks,2,3,1,Google Tasks__cluster_22,t-frex,allmini,balanced,300
digital payment systems,network connections,"[""messaging"", ""keyboard"", ""email contact"", ""emails"", ""jpg"", ""detection"", ""google play"", ""google card"", ""video"", ""bankcard"", ""bank account"", ""banking"", ""creditcards"", ""nfc"", ""bit card"", ""multiple"", ""servers"", ""calling"", ""transfer"", ""troubles"", ""contact"", ""message"", ""visa"", ""reader"", ""dating"", ""elle"", ""card"", ""running"", ""online"", ""payment"", ""switching"", ""devices"", ""barcode"", ""pin"", ""notification"", ""check"", ""streaming"", ""account"", ""learning"", ""verify""]","[""TEAM Network CONNECTIONS""]",Google Pay,40,41,4,Google Pay__cluster_0,t-frex,allmini,balanced,300
information file transfer,information transport,"[""communication""]","[""That's APK has verry usly and parfect for data and information transport for any divise""]",SHAREit: Share & File Manager,1,2,1,SHAREit: Share & File Manager__cluster_6,t-frex,allmini,balanced,300
food discounts,promotions,"[""coup""]","[""Horrible app the promotions barely apply and when you even place ready before you even order it orders it and to cancel you have to pay $30 this morning i was just trying to get food worth $30 and when i did i applied the promo and it didn't work and even then i added some extra food so the promotion can work and they added the food and kept the promotion out i wasted nearly $40 for breakfast because of uber eats im intensely annoyed and the portions is horrble as hell"", ""Customer support is nonexistent. I had a promo not apply to an order payment after it showed it on the check-out screen. Trying to get a hold of anyone is impossible, there is no phone number and it won't let me live chat with someone. Other apps do the same thing as uber eats in less time for less money. Uber eats will nickel and dime an order until it is double what the restaurant would charge you without using uber. The only good thing about the app is the promotions, if only they worked."", ""All my experience has been great. Food good. I can order anything an get it in no time. Lots of promotions code.""]",Uber Eats: Food Delivery,1,2,1,Uber Eats: Food Delivery__cluster_9,t-frex,allmini,balanced,300
home security storage,cloud packages,"[""cloud service""]","[""Cameras are ok. Pity that after trial period if you don't buy the cloud service your Camera becomes over sensitive with inaccurate alerts. If I don't want cloud packages don't reduce the Camera ability""]",Arlo,1,2,1,Arlo__cluster_4,t-frex,allmini,balanced,300
delivery order status,location tracking,"[""track""]","[""No dount excellent experience...location tracking is unbeatable""]",Domino's Pizza - Online Food Delivery App,1,2,1,Domino's Pizza - Online Food Delivery App__cluster_1,t-frex,allmini,balanced,300
banking services management,bank account,"[""accounts"", ""banking"", ""banks""]","[""It's ok but to cashout your own money they ask you to link a bank wanting you to login to your bank thru their site which means they steal your login info.. You connect your bank already so why do you then need to link the bank again. You add your bank & send money from there, but if you go to send money back to that same linked bank account, it ask for you to link again & login to your bank acct when doing so. They can see all your bank activity if you do so. They also charge a fee to cashout."", ""Convenient and effective electronic money even without a bank account."", ""I can't link my chime bank account. It always says that the routing number is invalid even though it's correct. I can only link through card which I don't want to do because I don't want to be charged instant fees every time I cash out.""]",Cash App,3,4,2,Cash App__cluster_4,t-frex,allmini,balanced,300
period and fertility tracking,period tracking,"[""period tracker"", ""cycle tracker"", ""tracking"", ""calendar"", ""sync"", ""tracker""]","[""this app is the easiest period tracking app I have ever used it is easy not complicated and approachable so I rate it a 10 out of 10"", ""100% accurate for my period tracking and very effective"", ""Can you guys please stop trying to pressure me into buying the premium every goddamn action I make in the app? It is taking away from its value and making me appreciate the developers a lot less. No, I won't pay the discounted yearly sale price. Maybe I would have considered it if I wasn't bombarded with premium advertisements. Stop this, or I'm just going to delete and pick one of the other million period tracking apps out there that give me what I need without being incredibly annoying.""]",Flo Ovulation & Period Tracker,6,7,5,Flo Ovulation & Period Tracker__cluster_4,t-frex,allmini,balanced,300
order food online,notification,"[""messaging"", ""chat"", ""message""]","[""I only use the app because the website version doesnt support seeing your liked items. Also once you start following a seller you'll get spam notifications from every other seller who will follow and immediately unfollow you just to leave a notification in the follower box. It would be nice to have options to not allow to be followed or put restrictions on sellers that abuse the follower system."", ""Items ordered were all well packed and no damage when it was delivered. The seller were all accommodating especially when i have questions about the products they sell. Delivers within 5 to 10 days upon placing order. The delibery notifications via email.and txt message to.mobile phone helps a great deal on the part of the buyer's schedule. Thanks shopee. Thanks to all the sellers too. Keep up the good work.."", ""1 star due to stupid shopee notification which sings \""order na sa shopee\"" and also fk u for sending tons of notification. update: the app is still stupid and keeps on running in the background also the free shipping is not actually free it is a deception and is actually a discount voucher and should be advertised as such not as a free ship voucher fk u EDIT: IF PWEDE LANG ZERO STAR I WILL. THE SHIPPING PRICES IS ALMOST 200PHP POTANG INA""]",Shopee PH: Shop on 3.3 - 3.15,3,4,1,Shopee PH: Shop on 3.3 - 3.15__cluster_1,t-frex,allmini,balanced,300
network and internet security,switching between,"[""server"", ""connecting"", ""network"", ""websites"", ""match making"", ""mic"", ""vpn"", ""disco"", ""gaming"", ""game"", ""disconnected"", ""sub"", ""squad"", ""stop"", ""ping"", ""dating"", ""sim card"", ""running"", ""hacker"", ""service"", ""bot"", ""filter""]","[""Has trouble when switching between networks but I er all works as intended"", ""Works really well. I've tried DNS-only, WARP, WARP+ Unlimited and Zero Trust and they all work really well. I don't even notice when the data centre closest to me to goes down and up. Switching between Wi-Fi and cellular is just as smooth and the IP stays the same. The amazing peering is why I use it + the usage of just one IP session.""]",1.1.1.1: Faster & Safer Internet,22,23,3,1.1.1.1: Faster & Safer Internet__cluster_1,t-frex,allmini,balanced,300
class communication management,group class,"[""class"", ""groups""]","[""It keeps crashing and not loading my group class i made""]",Remind: School Communication,2,3,2,Remind: School Communication__cluster_0,t-frex,allmini,balanced,300
social karaoke community,meet other people,"[""songs"", ""broadcasting"", ""broadcaster"", ""therapy"", ""ads"", ""buffer"", ""relieve"", ""robot"", ""family"", ""video"", ""music lovers"", ""boxes"", ""star"", ""sub"", ""chatting"", ""lovers"", ""turn"", ""boardcast"", ""channel"", ""singing"", ""chat"", ""meeting new"", ""meet people"", ""message"", ""group"", ""protection"", ""phones"", ""record"", ""karaoke"", ""dating"", ""bathroom"", ""running"", ""person"", ""co starmates"", ""christian"", ""updates"", ""notification"", ""share""]","[""Have more friends. Enjoy the moment. I can show my talent in singing. I can improve my voice how to sing it in a nice way. Meet other people. Explore more abilities to be recognised."", ""I totally enjoy this app.. Singing is something I love to do and it's a great way to meet other people that enjoy singing as much as I do..I TRULY LOVE IT""]",StarMaker: Sing Karaoke Songs,38,39,11,StarMaker: Sing Karaoke Songs__cluster_0,t-frex,allmini,balanced,300
cryptocurrency transactions,transferring,"[""transfer""]","[""Please I need help, I tried moving my safemoon from the old version to new version by transferring it, my old account was cleared and status shows successfully but the value didn't drop in the new version, please what should I do since it's not a wrong recepient address?"", ""very expensive you have to buy BNB than convert to Smart Chain and when you buying coin or tokens you pay again gas fees again when you sell you again paying gas fees again converting your coins or token to BNB again from to other wallet means if you buying same coins or token in other exchanges cheaper prices without transferring your BNB to smart chain with paying gas fees and wise versa i don't option to give zero star definitely i will give it"", ""very good when it comes to transferring funds from one wallet to another""]",Trust: Crypto & Bitcoin Wallet,1,2,1,Trust: Crypto & Bitcoin Wallet__cluster_15,t-frex,allmini,balanced,300
location tracking and alerts,notification,"[""notified"", ""alert"", ""inform""]","[""Overall great but I don't believe when they say they cannot stop the repeated notifications for GPS being off. You are developers. Figure it out. I don't care if your app doesn't work with GPS off. I don't need it to work all the time. We are smart enough to know that without GPS it won't work without you telling us repeatedly."", ""Very accurate fast and easy to use. Not many app updates and notifications. It's there when I need it and stay quiet when it is unused"", ""I'm using a new Samsung s21 FE and it shows me as having \""push notifications off\"". But they aren't! I have followed the support article and had a savvy Android person look at it. All notifications are turned on and battery management disabled. Location access is set to all the time. Still won't change notifications.""]",Life360: Find Family & Friends,3,4,3,Life360: Find Family & Friends__cluster_3,t-frex,allmini,balanced,300
school class management,teachers,"[""tutor""]","[""This app makes it SO easy to communicate with my kid's headstart & all her teachers! Love it!"", ""Very helpful to get updates from my sons teachers and school closings and delays, the app also let's me respond back to his teacher when she messages."", ""Good way to stay in contact with my daughter's school teachers and stay updated on whats going on.""]",Remind: School Communication,1,2,1,Remind: School Communication__cluster_1,t-frex,allmini,balanced,300
workout motivation tools,hardworking,"[""workout"", ""motivation""]","[""more hardworking this app""]","HealthifyMe - Calorie Counter, Diet Plan, Trainers",2,3,2,"HealthifyMe - Calorie Counter, Diet Plan, Trainers__cluster_6",t-frex,allmini,balanced,300
e-commerce marketplace,packaging,"[""delivery"", ""courier"", ""shipping"", ""supplier"", ""selling"", ""shipments"", ""sellers"", ""shop""]","[""Marami pong scammer sa shopee nag order po ako Ng cellphone Realme c25s tapos fake Yung dumating Ang layo sa realme packaging palang fake na wag po Kayo mag order Ng cellphone sa shopee 100% fake cp dito at Hindi na ako maka refund Kasi banned ako Ng scammer Hindi na mabalik Yung order paalala wag po Kayo mag order dito Ng phone please \ud83d\ude2d\ud83d\ude2d\ud83d\ude2d\ud83d\ude2d 80% scammers dito Lalo na Yung discounted na items mag ingat po kau \ud83d\ude2d\ud83d\ude2d\ud83d\ude2d God kau na bahala sa scammers"", ""Great app! All legit , packaging was satisfied most. Quick shipping. Well enjoying app less hustle."", ""The App, the products and sellers are great. No problems at all. However, it would be best to give the buyers the ability to rate your delivery riders. I understand dent boxes, minor scratches if packaging isnt great but crushed boxes, items never delivered and rude behaviors needs to be tracked, checked and changed. 3rd party couriers or not, at the end of the day, they represent you as all product and transactions are done in your app.""]",Shopee PH: Shop on 3.3 - 3.15,8,9,3,Shopee PH: Shop on 3.3 - 3.15__cluster_0,t-frex,allmini,balanced,300
document signing,print authorization,"[""print security""]","[""Please please please. Please give a finger print authorization prior to opening the google keep app. Please have it as an option.""]",Google Keep - Notes and Lists,1,2,1,Google Keep - Notes and Lists__cluster_7,t-frex,allmini,balanced,300
ride request updates,working,"[""update"", ""check""]","[""not working properly now i can't updated make me losses rides"", ""The worst customer service I have ever had to deal with. No one is Available to help and no one to talk to. Even if you had to schedule an appointment, App will show no available date. I am having issues of missed earnings for weeks now and I keot reaching out but to no avail. Its not worth working for a no body. Sonce I discovered this abnormal, I have stopped work with them and found me something else to do. Maybe they will do something fast if ever driver stops driving with them."", ""Te app has completely stopped working for me today. It's been telling me I I in a ride andi was trying to get online and earn!! This is ridiculous they need to fix this asap.""]",Lyft Driver,2,3,2,Lyft Driver__cluster_1,t-frex,allmini,balanced,300
employee id management,nation card,"[""card""]","[""I have to re-upload Covid Vaccination card multiple times""]",ADP Mobile Solutions,1,2,1,ADP Mobile Solutions__cluster_5,t-frex,allmini,balanced,300
listings and postings,reporting,"[""posting"", ""posts""]","[""Just bad. The app works absolutely fine. But EVERY SINGLE PERSPN I BOUGHT FROM tried to not ship, then ship through PayPal. It was nothing but scammers over and over. There's no policing of sellers, they just stay on and keep going even after reporting them with proof. Don't waste your time."", ""Never had a problem with this app until recently. I cannot view or print shipping labels nor can I cancel orders. I have even attempted to contact support numerous times with no response, I have even tried to use the reporting system to try to get ahold of support to no avail. This app is nearly useless now. Shipping label issue has been resolved however a new issue has arisen: when I try to edit my deposit account info the app just crashes. Please fix ASAP so that's may cash out! Please and thx"", ""Needs more moderation. Duplicate posts are rampant, and the blocking function does nothing to eliminate spam since it doesn't hide anything. Not only that, but in order to block someone, you have to first report them. Reporting does nothing, and blocking does nothing, there is 0 moderation unless it's an animal?! Like wt\""f!!""]",OfferUp: Buy. Sell. Letgo.,2,3,1,OfferUp: Buy. Sell. Letgo.__cluster_12,t-frex,allmini,balanced,300
virtual private connections,switching,"[""change""]","[""Since weeks the connection speed is slow and I get connection timeouts. When the connection is established, it seems to work fine and the download speed is good but every new 'get' is pain. The free ProtonVPN competitor works fine on my device. EDIT: After switching devices the VPN works correctly."", ""Update 2/18/22 I have tried using both nordlynx and open vpn protocols and both do the same as I stated in my original review. Connection drops randomly. I'm also tired of seeing the change your password splash screen. The app has become annoying. Connections suddenly drop without notice. Have to always look to see if you're connected to the VPN. I have to often change servers as speeds suddenly drop to almost nothing at the server I was connected to. I'll be switching VPNs when my deal is up."", ""Yeah it's ok. Need to do better switching users from busy ticket to free ticket. I think that'll stop your disconnections. Or upgrade your servers to handle more requests. I notice my internet stops and I wait for the app to switch me to another server. It never does. I have to manually do it. If you add an option for automatic switching to slower server with more free connections, i rather do that. What's an extra second of waiting for page to load or wait 5 minutes for a slot. Good job though""]",NordVPN – fast VPN for privacy,1,2,1,NordVPN – fast VPN for privacy__cluster_2,t-frex,allmini,balanced,300
image recognition lookup,image search,"[""search"", ""google""]","[""Utterly useless as a reverse image search tool as it is utterly incapable of identifying what is in an image. Give back actual reverse image search."", ""I actually have to have this installed just so I can DISABLE it in chrome. Uninstalling it doesn't bring back the old image search. This program is just a toxic blight on my phone I have to deal with now."", ""It's amazing one image searches full history.""]",Google Lens,2,3,1,Google Lens__cluster_1,t-frex,allmini,balanced,300
image storage,picture,"[""images""]","[""When zooming out the pictures isn't as clear as stated. The relay from camera to device is about 3-5 seconds slower"", ""Slow getting pictures after notification. Trouble connecting most of time at actual time."", ""Excellent reliable service. The camera gives high quality pictures and videos. Glad I found Arlo; there are so many other choices out there.""]",Arlo,1,2,1,Arlo__cluster_0,t-frex,allmini,balanced,300
cts,technical,"[""cts""]","[""Brilliant home security CCTV camera system easy to install inside couple of hours by non technical person \ud83d\udc4f \ud83d\udc4d"", ""Died after 10 days. Poor follow up technical support"", ""I have the same issues of the other customers complaining about blink, I can't see live video, it crashes or it doesn't want to even connect to my phone. I called technical support ask me to uninstall the app, I changed my password etc. It's not working and it's very frustrating to pay for a service that doesn't work!""]",Blink Home Monitor — Smart Home Security App,1,2,1,Blink Home Monitor — Smart Home Security App__cluster_3,t-frex,allmini,balanced,300
order food delivery,rating,"[""bodo""]","[""Honestly not enough child labor in use that is why I give low rating please upgrade to child labor."", ""It's pretty good for where I live since most places have foodpanda now, I've discovered a few of my favorite places thru this app. There's sometimes an issue where all shops will become unavailable even if they're open, I'm not sure why it happens and it can be really frustrating."", ""Pusposely removed or selectively let customers review the restaurants. Restaurant ratings sometimes rigged to show good rating but actually has less stars. Straight out lying about estimated delivery time even when not on peak hours. Will never use foodpanda app ever again.""]",foodpanda: Food & Groceries,1,2,1,foodpanda: Food & Groceries__cluster_0,t-frex,allmini,balanced,300
document ocr processing,documents,"[""files""]","[""The multifunction system broke at my job, and while everyone has smart phones, they were taking very bad pictures of documents. I didn't accept that. I remember about Adobe scan. I improvised a scan system with my cellphone and create all the scans in the office and send each scan through email to the office. It is such a fantastic application."", ""Can not share the documents"", ""Great experience have had no issues using this app that has been nothing but helpful with saving my most valuable paperwork business cards IDs birth certificates and etc I have been able to clear my file folder down to almost nothing except for my utmost most valuable documents that you must have thanks and keep up the great work Adobe""]","Adobe Scan: PDF Scanner, OCR",1,2,1,"Adobe Scan: PDF Scanner, OCR__cluster_2",t-frex,allmini,balanced,300
relationship finder,messaging,"[""message""]","[""This app is not favorite, it will not let you know who even viewed you, no messaging (can't even find a way to message anyone), won't let you know who liked you or anything! Everything besides looking at people to \""like or dislike\"" you have to pay for, messaging should be free! Facebook messenger is free so why can't a simple message on this app be free? I'm not paying the prices they want just so then you can message someone let alone being able to see who liked you. Very disappointed."", ""So far, unimpressed with this app. Googled best free dating apps and this is number 1!? Lol theres no messaging unless you match and you cant see people who like you unless you pay a subscription. So far the only match Ive gotten was a fake profile trying to get me to go to a suspicious site. Nice. This is basically the same as okcupid but worse."", ""It is a useful place to connect with folks. Although there are profiles that may not be authentic, there still are lots of possibilities for genuine interactions. The free app is quite generous and allows for mutual messaging and matching. It is a unique experience. Give it a try. Take a walk in the Tinder Wonderland.""]",Tinder - Dating & Make Friends,1,2,1,Tinder - Dating & Make Friends__cluster_13,t-frex,allmini,balanced,300
none,running,"[""runs""]","[""So nice, running shopping lists interactively with my family"", ""From last one month it was laaging App is running very show plz fix it soon"", ""There's this new, stupid UI covering the bottom EVERY TIME YOU ADD ANYTHING WHICH BLOCKS SEEING WHAT THE EFF YOU ADD. Why does Google keep running their forking UI??""]",Google Keep - Notes and Lists,1,2,1,Google Keep - Notes and Lists__cluster_16,t-frex,allmini,balanced,300
financial account management,email exchanges,"[""emails""]","[""I've had the service for about a year n a half now and I paid the dollar a month which I know isn't a lot but still paying money to use your service that won't work. This app truly sucks and the creators or employees of this app do not care about its customers. No actual customer service. It's email exchanges with people paid to not help basically. I tried to cancel my subscription but they it impossible to do so. I am going to cancel them on my bank n have them make Dave give me my money back.""]",Dave - Banking & Cash Advance,1,2,1,Dave - Banking & Cash Advance__cluster_6,t-frex,allmini,balanced,300
voice assistant features,chat,"[""mic""]","[""I had the same issues as everyone else...chat with samsung support. Factory reset on watch 4; watch is working. Unfortunately, I have to sync all my wearables and buds. Hope this helps"", ""Please update the smart watch for wechat and whatsapp apps."", ""Op in the chat""]",Galaxy Wearable (Samsung Gear),1,2,1,Galaxy Wearable (Samsung Gear)__cluster_6,t-frex,allmini,balanced,300
calendar reminders,notification,"[""calendar"", ""reminder""]","[""Literally just downloaded it and instantly love that you can pin it to the notification bar! I have ADHD to hopefully this will help."", ""I love this app! My favorite things about it are that the widget shows the contents of your note and that the notes can be pinned to notifications. Helps me stay organized!"", ""This app does everything it's supposed to. You can take notes, organize your notes by color, make a to-do list, and set reminders that will stay on your phone as a notification for as long as you want them to. This app is exactly what it needs to be.""]",ColorNote Notepad Notes,2,3,2,ColorNote Notepad Notes__cluster_1,t-frex,allmini,balanced,300
peer to peer marketplace,communication between,"[""messaging"", ""messages"", ""chatting"", ""email"", ""chat""]","[""app ok just should have better communication between buyers and merchants""]",OfferUp: Buy. Sell. Letgo.,5,6,2,OfferUp: Buy. Sell. Letgo.__cluster_0,t-frex,allmini,balanced,300
device screen customization,screens,"[""pixel""]","[""Not sure why my it deleted but I also sent a screenshot and they said maybe my employer hasn't gave me access to contact my employer I've used this for years I thought I mentioned this has been for a week now with only can see wise and I cleared the cache uninstalled reinstalled everyone is saying it's recent on the comments I didn't want to wait for my w2"", ""The ADP desktop & mobile app DO NOT Sync. For the past 2 wks, I have not been able to see my latest timesheet. My time on my ADP Mobile App, is totally missing on the desktop ADP app, plus there is NO Clock In and Clock Out on my Dashboard on the \""new & updated\"" ADP desktop app. I have to take a screenshot from my phone at the end of the day of my time (start & end) & have to email the info with proof of my time to the HR Dept. The next day all my Time Info is gone in the ADP Mobile App."", ""The Clock In and Out Has Not Worked For 3 Weeks! On the ADP Mobile App, it may or may not record. Have to take a screenshot each time I Clock In and Out. Why? ADP deletes the last punch in/out. Forget about the ADP website, the Clock In & Out feature have been \""removed\"" from our Individual dashboard. The employees have been complaining about this to our HR Dept. They know there is some problems with ADP system not working. Our HR Dept has been manually inputing our time for the past 3 weeks!""]",ADP Mobile Solutions,1,2,1,ADP Mobile Solutions__cluster_14,t-frex,allmini,balanced,300
music discovery,finding,"[""google""]","[""Fantastic app.... Finding all music without a problem and different versions too of a particular song. Thanks"", ""Really nice app although i wish you could have the part in the app where you can just paste the link of your playlist on spotify and download it, its just a suggestion tho. Overall the app is very cool but i did have a bit of trouble finding the download button but the app is super nice :]"", ""Perfect. Specially the option for autofinding lyrics for the song.""]",Music Player - Audify Player,1,2,1,Music Player - Audify Player__cluster_1,t-frex,allmini,balanced,300
cross device syncing,across devices,"[""devices""]","[""I started using it as a shopping list creator with its great checkbox option, but ended up using it daily for notes and info. The syncing across devices and the web is very useful, as I use three phones and multiple PCs throughout the day and can have the same info on all of them."", ""Great way to \""keep\"" track of lists across devices. It's a beauty!"", ""I love this app. Super ready to use and syncs across devices""]",Google Keep - Notes and Lists,1,2,1,Google Keep - Notes and Lists__cluster_29,t-frex,allmini,balanced,300
international business communication,communication between,"[""language"", ""communicate""]","[""Great app. Great communication between sellers and DHgate themselves. Very secure and safe transactions.,,, UPDATE: IF YOU NEED A REFUND ,, BEST OF LUCK, NEAR IMPOSSIBLE TO GET MONEY BACK OR HELP FROM CUSTOMER CARE"", ""could be better communication between buyer and customer service on fixing orders"", ""Decent but communication between sellers and buyers is lacking""]",DHgate-online wholesale stores,2,3,2,DHgate-online wholesale stores__cluster_3,t-frex,allmini,balanced,300
fast food ordering,push notification,"[""delivery"", ""coup"", ""cart"", ""fast"", ""pickup"", ""co pass"", ""navigate"", ""mcdonald"", ""drinks"", ""system"", ""store"", ""receipts"", ""prompting"", ""bell"", ""email"", ""calling"", ""channel"", ""message"", ""chips"", ""food ordering"", ""friendly"", ""custom"", ""dash"", ""deals"", ""order tracking"", ""closing"", ""card"", ""drive"", ""people"", ""called"", ""restaurant"", ""wal"", ""gating"", ""manager"", ""payment"", ""banking channels"", ""entering"", ""alert"", ""bot"", ""check"", ""notification"", ""menu"", ""pass"", ""tablet"", ""contacted"", ""navigation"", ""thru""]","[""I only installed the app to redeem a gift card. I have all of the push notifications turned off, but continue to get a push notification every day. Taco Bell is one of my favorite fast food restaurants, but the app experience is disappointing."", ""The app itself functions well enough, allows a person to order food. However, I have ALL notifications turned off, and I still get annoying push notifications. When I turn off notifications, they're suppose to be OFF you aholes."", ""Easy to use, and supports G-Pay. Sweet. Update: Lowering the rating because the app continues to push notifications about deals despite turning off ALL notifications on the app settings. I don't want to see ads at all - I'm not interested. It's really annoying. If that is fixed I'll update the review.""]",Taco Bell – Order Fast Food,47,48,9,Taco Bell – Order Fast Food__cluster_0,t-frex,allmini,balanced,300
personalized diet plans,fitness coaches,"[""trainers"", ""coaches"", ""training""]","[""HealthifyMe is a great platform where there is constant motivation from personal Diet and Fitness coaches that help us stay motivated and on track all throughout. We can log what we are eating and and track our medical parameters and measurements on a regular basis. Thank you for creating this platform that's a complete accountability partner for me!"", ""The best thing I have come across in 2022. I am grateful to Healthifyme for making me be the better version this year. The best app and with the best diet and fitness coaches. It has made me understand how I can keep a track on my food intake. It has helped me alot in terms of maintaining my hydration levels. Grateful for the trackers I can track each and everything like Calories, Water, Sleep and even my workout. Always thankful to Healthifyme\ud83d\udc9c\ud83d\udc9c\ud83d\udc9c"", ""Wonderful experience with the team. They are always available with time to time follow ups & caters to your needs with ease. Highly experienced diet & fitness coaches with good scientific reasoning. Highly recommend!""]","HealthifyMe - Calorie Counter, Diet Plan, Trainers",3,4,2,"HealthifyMe - Calorie Counter, Diet Plan, Trainers__cluster_15",t-frex,allmini,balanced,300
track package status,customer,"[""service""]","[""Customer service ok but I put in a change of address and get emails stating pkgs undeliverable...ugh"", ""Worrrrrrrrrrst shipping service on the planet. Every single time, without fail, it shows delivery by the end of day. 3 days later the package shows up. Call customer service and they can't tell you anything other than the app. They tell me to contact the shipper......it left your fedex location!!!! I trust a methhead with my wallet more than fedex with a delivery date."", ""Typical FedEx customer service. Verizon decided to ship our phone indirect signature & there was nothing we could do about it, so I put a 3 day vacation hold on our packages until I knew we would be home to sign for it, or it could be like last time we had indirect signature & FedEx left our home computer at a house 1 1/2 miles away. Well FedEx ignored the vacation hold & delivered it anyway!!!! It was lucky our son was home virtual that day or they may have left it in the next county.""]",FedEx Mobile,1,2,1,FedEx Mobile__cluster_6,t-frex,allmini,balanced,300
social brain training,people,"[""social""]","[""I have ADHD & have already recommended this app to many people. AMAZING."", ""Best mental exercise app out there! Most people in these hectic times find themselves occupied with study/work/social media and remain with no time for themself to maintain a polished and sharp mind. This app fixes this problem with a creative and innovative way by keeping each exercise simple and easy to understand yet challenging if aiming for the best score. The dopamine rushes you get after getting the best score will keep you entertained and wanted for more. You develop a beneficial habitat"", ""I literally love this app! It has helped me so much and the yearly subscription price is unbelievably cheap. I was wondering is there any possibility I could help with advertising the app to people? If there is a system to doing that, I would love to help! Thank you for this wonderful app!""]",Elevate - Brain Training Games,1,2,1,Elevate - Brain Training Games__cluster_0,t-frex,allmini,balanced,300
note writing,text editing,"[""notepad"", ""text editor"", ""typing"", ""font editing""]","[""It would make it great if the text editing has options like changing colors and those sort of things. Also we cannot type regular text after checkboxes in same note. Please add them."", ""Useful but very limited. I wish there were better rich text editing options and reminders for specific check boxes. There could be a lot more functionality."", ""App is good but it's not user friendly. Whenever I add image followed by text , it doesn't stay inline with the text instead it goes to the top of notes and getting accumulated which is of no use to add notes. There is no text editing toolbar to change the font size, highlights, underline or bold. Hoping, they will do that soon in their updates.""]",Google Keep - Notes and Lists,4,5,4,Google Keep - Notes and Lists__cluster_1,t-frex,allmini,balanced,300
diet and health tracking,activity tracking,"[""sleep tracking"", ""diet tracking"", ""weight tracker"", ""tracking"", ""food tracking"", ""tracker""]","[""This app does not sync with MiFit app. Mi bands are extremely popular activity tracking bands used by much more people than garmin or fitbit.""]","HealthifyMe - Calorie Counter, Diet Plan, Trainers",6,7,3,"HealthifyMe - Calorie Counter, Diet Plan, Trainers__cluster_0",t-frex,allmini,balanced,300
music streaming and playback,playlist integration,"[""playback"", ""music player"", ""spotify""]","[""Keeps creating auto playlists when I add music. Not sure how to turn that off. Fix this or show us how to turn off for Better rating. Also need playlist integration when switching devices.""]",Samsung Music,3,4,1,Samsung Music__cluster_2,t-frex,allmini,balanced,300
virtual fashion browsing,stores,"[""mall"", ""shop""]","[""Some of the clothes are great quality make sure you read the reviews because some are you are not like what others say everybody has their own opinion But I like the Flash Sales. It's best to measure yourself but then sometimes that is not even correct I got a 4X shirt and it was very stretchable and it won't even fit me it will fit my sister and she wears a small one just trying to help others but I love this app I love these clothes you can't find them in the stores."", ""Prices are almost always cheaper than stores and other online shopping places. Quality of some stuff could be better but overall satisfied."", ""Shein is my all time favorite online shopping app! I am plus sized so it's hard for me to shop in stores for actually cute clothes at a reasonable price. Shein is a complete game changer with all the cute clothes for great prices and the little gadgets they that such as an eye lash curler with a built in brush... it does WONDERS""]",SHEIN-Fashion Shopping Online,2,3,2,SHEIN-Fashion Shopping Online__cluster_7,t-frex,allmini,balanced,300
pdf document analysis,detection,"[""detect""]","[""Very easy and many options to make clean pdf and perfect text detection...\ud83d\udc96\ud83e\udd29\ud83d\udc4dkeep it up"", ""Edge detection can be better."", ""excellent app but auto detection is sometimes erratic. can be the best app once this issue is fixed. Update: Auto detector is much stable now. Thanks for improving the functionality.""]","Adobe Scan: PDF Scanner, OCR",1,2,1,"Adobe Scan: PDF Scanner, OCR__cluster_11",t-frex,allmini,balanced,300
watch activity tracking,watch integration,"[""watches""]","[""It needs a smart watch integration, then step count would be more accurate. FYI checked all settings; there's nothing stopping this app working as it needs to be. So there's an issue with the app itself, don't tell me it's the phone or settings as all is as it should be there, even battery settings are set for this app to use what power it needs.""]",Sweatcoin,1,2,1,Sweatcoin__cluster_8,t-frex,allmini,balanced,300
step tracking,running,"[""runs""]","[""How can I exit the to stop it from running in background when I don't want it to ?"", ""Up until about 2 or 3 weeks ago my app was running fine now the boost doesn't work. The update doesn't update, I Uninstalled the app and now it won't install. What's happening?"", ""I love this app I have been running 20 minutes and I will get a lot of money \ud83d\udcb0""]",Sweatcoin,1,2,1,Sweatcoin__cluster_11,t-frex,allmini,balanced,300
design and craft software,projects,"[""laptop"", ""rack"", ""device"", ""machine"", ""design"", ""cutting"", ""mug"", ""orders"", ""template"", ""logos"", ""pairing"", ""gifts"", ""channel"", ""fir"", ""message"", ""crashing"", ""die"", ""maker"", ""running"", ""stick"", ""set"", ""customer"", ""menu"", ""font"", ""tablet""]","[""Since the update I can't save projects and when I'm in the middle of a project the app crashes. I hope this problem is fixed very soon"", ""I am having same problem as another recent reviewer. Keeps telling me that I have no internet connection. I keep uninstalling and reinstalling to be able to use the app. It is also not good enough that when scrolling through projects it keeps jumping back to beginning. Please improve this app, Cricut."", ""The machine is good. The app generally too, but it often wastes a lot of material bc it decides to crash in the middle of a project when I'm using my phone otherwise. On my laptop the app just crashes all the time. Also, projects with lots of pieces are almost impossible because it rearranges the items on itself but also doesn't let me weld all the paths so they're on one layer.""]",Cricut Design Space,25,26,9,Cricut Design Space__cluster_2,t-frex,allmini,balanced,300
fast food ordering and delivery,family gathering,"[""delivery"", ""fast"", ""pickup orders"", ""food apps"", ""collecting"", ""logged"", ""token"", ""experience"", ""lobe"", ""store"", ""gift cards"", ""curb"", ""logging"", ""ordering"", ""orders"", ""jacob"", ""payments"", ""dinning room"", ""calendar"", ""message"", ""cookies"", ""receipt"", ""napkin"", ""people"", ""drive thru"", ""running"", ""restaurant"", ""crossing"", ""customer service"", ""cards"", ""menu""]","[""I love Chick Fil A! Their salads are delicious! We also love the chicken nuggets and had a tray of them for a family gathering that was a huge success! Everything from Chick Fil A is so yummy! The service is impeccable! Fast and friendly!""]",Chick-fil-A®,31,32,7,Chick-fil-A®__cluster_0,t-frex,allmini,balanced,300
virtual team collaboration,conference,"[""teams""]","[""Hospital provided service to myself and I was able to easily link in my wife's family to participate in doctors updates and video conference with my wife in icu . This went well and I was very appreciative of the ability to easily have this meeting . Ty"", ""Audio problems: not clear, audio sounds like old radio, webex audio is completely disgusting many times i can't hear lectures, & always i have to connect to audio conference, #through_old_traditional_calling_method. So please improve it soon."", ""Amazing app for conference calls band meetings""]",Webex Meetings,1,2,1,Webex Meetings__cluster_2,t-frex,allmini,balanced,300
task management and organization,to do list,"[""organize"", ""grocery list"", ""doing lists"", ""lists"", ""tables"", ""organization"", ""gift lists"", ""categories"", ""shopping"", ""suggestions""]","[""I use this app for temporary notes until I transfer to Microsoft one nite of I need to use it. I don't have one note on my phone but on my tablet. So this helps when my computer is not in use everyday. Also good for to do list for the year. I also used this app when I had my Samsung phone. Now I have the Motorola it's great. I'm used to this app."", ""Love it keep all sorts of info from absences to logins and to do lists super easy and love all the colors for organizing my various lists."", ""I can't live without it. I've been using the app for a year now. I make grocery lists, project notes, to do lists, book review notes, journal entries and Dr appointment notes. I've recorded details that later helped me in a civil case. Invaluable in my avocations of article writing and book editing. The colors make finding things easy. My only issue is remembering to thin out the ones I don't need anymore, occasionally. But they don't take up much memory.""]",ColorNote Notepad Notes,10,11,6,ColorNote Notepad Notes__cluster_2,t-frex,allmini,balanced,300
activity tracking,patterns,"[""graph""]","[""Love that I am able to track my fitness, weight loss progression, and my period all in one app. I also really like seeing my sleeping patterns. Overall genuinely enjoy the app."", ""The Fitbit app is a great compliment to my Fitbit Versa 3, particularly with the annual purchase of the enhanced measurement options at a fairly low cost. I'm analytical by nature, & the enhanced measurements not only let me have good knowledge on many of my physical stats, but also serves to motivate me to reach minimum daily steps & above, along sith helping me with better sleep patterns, & improving Zone minutes build-up my cardio & loose more weight."", ""I love how it gives you everything you need to help maintain your weight. It shows you your exercise you do for the day, sleep patterns, heart rates and etc.. I have had mine for 1 year now and I love it. I highly recommend buying one.""]",Fitbit,1,2,1,Fitbit__cluster_6,t-frex,allmini,balanced,300
fashion product tracking,shipping,"[""shipped"", ""ship""]","[""I've been a S3 for the longest time. SheIn has quick shipping , great prices & quality! Download it! Their clothes & jewelry are nearly free."", ""Amazing styles. Good quality. You will have to pay customs though for shipping to SA."", ""it's fire. shipping just take a long time.""]",SHEIN-Fashion Shopping Online,2,3,2,SHEIN-Fashion Shopping Online__cluster_6,t-frex,allmini,balanced,300
family meal ordering,family dinners,"[""steak"", ""food"", ""restaurants"", ""family food"", ""feeding""]","[""Great app for fast family dinners and there's always a deal or great family of four meal \ud83d\udc4c""]","Postmates - Food, grocery & more",5,6,4,"Postmates - Food, grocery & more__cluster_0",t-frex,allmini,balanced,300
conversational messaging,chatting,"[""chat""]","[""Though they deliver within time but the services and products provided are really bad. Received rotten veggies when ordered 1st time, try lodging a complaint but was unable to upload the pictures due to glitchy app, i ignored it. Ordered the 2nd time and experienced same problem of stale veggies, wasted more than 1 hour chatting with the customer care executive and they couldn't help at all. Such a waste of money, time and energy. Don't know why check quality control is not done before delivery"", ""Playing with its customers. I ordered something with a coupon code. It didn't arrive me for the next 2 hours. And the time given was 16mins delivery. After chatting with customer care. It said cancel and re order. I did but then the coupon code was showing already used. So basically they wanted to discard the coupon."", ""very high delivery charge and surge charge . Also product very close to expiry date are delivered on chatting with cc received no response.""]",blinkit (formerly grofers),1,2,1,blinkit (formerly grofers)__cluster_4,t-frex,allmini,balanced,300
sleep activity tracking,sleep tracking,"[""sleep data""]","[""Pretty UI but lacks depth and useful information. Wish it was easier to sync a Fitbit. Also wish there was better sleep tracking. You would think since Google acquired Fitbit the data would be more integrated."", ""very worst app because there's are useless features like sleep tracking and heart points. Previous versions (before 25th August) were very good"", ""This app has improved tremendously since last May. It's not as buggy as it was. The sleep tracking is so much better now and the charts are easy to read. The paced walking is great. The sync between my wearables is much better too. I would only suggest competitions or a leader board and additional workouts.""]",Google Fit: Activity Tracking,1,2,1,Google Fit: Activity Tracking__cluster_7,t-frex,allmini,balanced,300
customer support,customer service,"[""service""]","[""Trash. Used to love Chipotle, until their app started routing my orders to the wrong store (which was closed when I ordered, never got my food). After multiple tries to address the issue with customer service, I was told there is nothing that can be done, despite having a Chipotle location a few miles from my house. Lifelong customer completely dissatisfied. Never using Doordash or Chipotle again."", ""Rewards redemption impossibly bad. The app automatically orders from whatever chipotle you last ordered from, even if it's 1000 miles away instead of automatically choosing the nearest location like any sensible fast food app. Customer service tries, but more often than not, their \""solutions\"" don't work and any rewards they \""apply\"" to your account in recompense never actually shows up"", ""Beware my account was hacked and they ordered food with my card. Chipotle customer service was not very helpful. If you use this app do not store your credit card info.""]",Chipotle,1,2,1,Chipotle__cluster_7,t-frex,allmini,balanced,300
neighborhood community discussion,graphic,"[""video""]","[""File size is too big. Same like a high graphic game app.""]",Nextdoor: Your Neighborhood,1,2,1,Nextdoor: Your Neighborhood__cluster_0,t-frex,allmini,balanced,300
smart home monitoring,stealth recording,"[""cache"", ""recorded video"", ""signals"", ""sensor"", ""cam"", ""device"", ""video clips"", ""remote"", ""stream"", ""home monitoring"", ""watch"", ""logging"", ""connect camera"", ""feeds"", ""picture"", ""servers"", ""doorbell"", ""cloud storage"", ""cloud videos"", ""live views"", ""camera records"", ""camera feed"", ""cameras"", ""http"", ""screenshot"", ""battery saving"", ""monitor"", ""recording"", ""speakers"", ""vision"", ""connectivity"", ""motion detector"", ""motion sensing"", ""usb"", ""tablet"", ""communication""]","[""Excellent product, excellent app. It's incomprehensible to me when I read all the negative reviews for these cameras. These cameras are a technological marvel. I have 12 cameras on multiple systems since the fall of 2019 have NEVER had to replace the batteries on any of them yet. It is all about proper set up and placement of the cameras and equally important, a strong wifi signal going to and from the cameras to the sync modules and router. If you don't have a strong wifi, you WILL consume more battery. If you don't have the cameras sensibly placed where they're not tripping constantly, you WILL consume more battery. As far as the complainers bemoaning the fees for cloud storage, you do have the option of local storage. Cameras that produce beautiful high def footage Cameras that allow two way voice communication Cameras that work at night Cameras that can be installed and set up practically anywhere a good wifi signal exists in a matter of minutes. Cameras, when set up right, will only go off when they need to. Camera systems with working schedules Cameras with selectable trip zones Cameras whose batteries last 2 years or more. Cameras that can operate in extreme weather environments -40 to +40 c without affecting battery life or longevity. Cameras that can accommodate auxiliary power using a universally available 5v USB charger/adapter. Cameras that have user selectable on/off recording indicators for the ultimate in stealth recording. And a fantastic app that integrates all the cameras and features and a great developer that listens to you when problems and bend over backwards to help you work them out. There are tons more reasons why I love these cameras, but you get the point. One last thing - To Google, why don't you allow people to respond to reviews? Reading some of the negative reviews for this app alone shows people are allowed to post misinformation and flat out lies, yet no one is held to account. Have a great day!""]",Blink Home Monitor — Smart Home Security App,36,37,8,Blink Home Monitor — Smart Home Security App__cluster_0,t-frex,allmini,balanced,300
multi device compatibility,across devices,"[""devices""]","[""Some glitch is there as a result scanned docs are not getting synced across devices."", ""Has been very useful for converting my hard copy documents into electronic copies I can email, print, text, or display across devices and networks. That's a winner in my book.""]","Adobe Scan: PDF Scanner, OCR",1,2,1,"Adobe Scan: PDF Scanner, OCR__cluster_6",t-frex,allmini,balanced,300
digital asset management,security,"[""crypt""]","[""You have NO alphanum pass, NO biometrics, NO verification of TX... so at the end no security at all. The Dapp browser is a PITA and you can only manually delete cache. UPDATE: Some of these issues have been addressed. Although Dapp cache deletes now, still gotta do that manually after you found the option. It's not a browser per se, it should do that on exit IMHO. Yet no 2FA. Should be mandatory, the excuse still makes no sense today."", ""People like TRUST WALLET: EASY TO USE, BEAUTIFUL TO SEE, JUST GOOD FOR ALL KIND OF CRYPTO...WAYS TO GO TO SWAPP... THEY CAN INCREASE SECURITY"", ""THIEFS, LOST MY PHONE AND NOW I CANNOT RETRIEVE MY WALLET BECAUSE I HAVE NO ACCESS TO MY SECURITY PHRASE. AFTER EMAILING THEM ASKING FOR HELP, THEY NEVER CONTACTED ME BACK. DO NOT USE THIS APP!!!!""]",Trust: Crypto & Bitcoin Wallet,1,2,1,Trust: Crypto & Bitcoin Wallet__cluster_1,t-frex,allmini,balanced,300
language practice,conversation,"[""chat""]","[""Lessons start with many words I don't know and doesn't offer a way to learn them except through failure. It'd be nice to be able reference words you've learned and language rules while you're completing the modules. Customer support is next to impossible to get a hold of. I submitted my refund request weeks ago, even tried calling in and can't get a hold of anyone. Other than that I like the format. They offer flash cards have you practice real conversations"", ""Language: Portuguese I won't lie, this is not easy. Not like Duolingo or something, but it's not easy because it ACTUALLY teaches you to speak the language. I started having conversations with Brazilians in 3 months! I've tried dozens of other language learning strategies, but nothing compares to how well Babbel taught me. Pros: Teaches conversations+grammar QUICKLY The phrase review is amazing Cons: Difficult, and takes DEDICATION(if you really wanna learn, isn't a con.) UI needs work. 10/10"", ""Great conversation-based review of school-Spanish I forgot decades ago. I wish it had a built-in dictionary.""]",Babbel - Learn Languages,1,2,1,Babbel - Learn Languages__cluster_2,t-frex,allmini,balanced,300
language learning courses,teaching,"[""lessons"", ""learning""]","[""Its a little expensive but very good teaching experience"", ""It's good at teaching languages. But they don't have Japanese. Which was the only reason I downloaded the app"", ""It's convenient teaching makes it easy to learn while doing other things at the same time.""]",Babbel - Learn Languages,2,3,1,Babbel - Learn Languages__cluster_7,t-frex,allmini,balanced,300
athletes tracking data,record sensors,"[""recording""]","[""Used all the time and very useful for analysis and sharing. Disappointed when the ability to record sensors was removed.""]","Strava: Track Running, Cycling & Swimming",1,2,1,"Strava: Track Running, Cycling & Swimming__cluster_4",t-frex,allmini,balanced,300
digital wallet management,account,"[""card""]","[""I will rate it with only 1 star .. if there is only zero I will give e .. I will just open a new shoppee account but there are no free vouchers no free shipping, no 100% off Vouchers either .. it's annoying .. at first I had that but now that I have opened another one for my mother, why is it like this? please fix it"", ""I rate 4 star because its annoying when its always log when i check my accounts"", ""Delivery fee : expensive Shipping: very slow Packaging: mostly not secured I usually don't have any problem with this app, but the new update in the shopee app suck. It's so slow, and most of the time I cannot access my account. The screen just turns white. Gonna stop using this app after I receive my orders.""]",Shopee PH: Shop on 3.3 - 3.15,1,2,1,Shopee PH: Shop on 3.3 - 3.15__cluster_4,t-frex,allmini,balanced,300
health and wellness tracking,push notification,"[""ads"", ""costing"", ""prompt"", ""wall"", ""healthcare"", ""bells"", ""print"", ""logging"", ""care"", ""pushes"", ""abortion"", ""chat"", ""message"", ""secret chat"", ""card"", ""emails"", ""grab"", ""inform"", ""notification"", ""trial"", ""share"", ""reminding"", ""account"", ""reminder""]","[""Used it for years. Just need the app to track my period. I don't need all this new insights and chats and whatnot. I could ignore that, but what I can't ignore are the daily forecast push notifications. According to their support I can't turn that off. I could only turn off all push notifications, but I want a heads up when my period will start. So I'll deinstall now and try another one without all that blingbling"", ""This app used to be simple and easy. It didn't bother you with push notifications and it had nice articles that you could read at yourleisure. This new update has changed all that, and now the app bombards you with notifications and dangling carrots that just lead you to a paywall. No more articles unless you pay, no more accessing your health history without pop ups and clutter. Wish I didn't have to switch bc it has literally years of my personal health history, but I'm not dealing with this."", ""I liked it at first when I used it JUST to keep track of my period and get a reminder before it happens but now I'm bombarded with notifications throughout the month about random \""symptoms\"" I might be having. I've gone to the settings to uncheck all push notifications besides my period reminded and I still get these notifications about random articles. It's cool that there's a way to get more info about menstruation on this app but I don't like that it clogs up my notifications all the time.""]",Flo Ovulation & Period Tracker,24,25,8,Flo Ovulation & Period Tracker__cluster_0,t-frex,allmini,balanced,300
gps tracking,beacon,"[""signal""]","[""Great app. I pay for the premium version mainly because of the beacon option where a friend or relative can track your whereabouts when out on the run. Piece of mind knowing I can be found if I pick up an injury or something happens to me."", ""Alright, which one of you broke Beacon with the last update? -----2/17/22---- It, as an app, was once great, bloated it has become at a fast pace , it once had my heart and rate, with function withering away in every place, despite being a paid subcriber from the start of time, I once considered Strava a friend of mine."", ""Stops recording the activity in the middle of a session causing a straight line between that point until the end. I think it happens when you enable the beacon feature. If it continues I will move to another app.""]","Strava: Track Running, Cycling & Swimming",1,2,1,"Strava: Track Running, Cycling & Swimming__cluster_0",t-frex,allmini,balanced,300
step tracking and analysis,step counting,"[""step tracker"", ""steps""]","[""Recently it stopped step counting past 2 days I am seeing my activities step counting 0"", ""Easy to use for step counting"", ""No step counting at all""]",Google Fit: Activity Tracking,2,3,2,Google Fit: Activity Tracking__cluster_8,t-frex,allmini,balanced,300
food delivery,grocery deliveries,"[""credit"", ""delivery stores"", ""center"", ""food delivery"", ""foods"", ""locations"", ""phone calls"", ""mart"", ""pickup"", ""captcha"", ""after delivery"", ""time saving"", ""voucher"", ""deliveries"", ""responding"", ""complaint"", ""ucher"", ""outside"", ""store"", ""telecommunications"", ""parcel"", ""serving"", ""live chat"", ""connection"", ""chat"", ""message"", ""glow"", ""pop"", ""rest"", ""discount"", ""order tracking"", ""dial"", ""advertising"", ""people"", ""restaurants"", ""meet"", ""grab"", ""payment"", ""agent"", ""customer"", ""banking"", ""bot"", ""pin"", ""notification"", ""tor"", ""check"", ""condo"", ""timing"", ""transaction"", ""script""]","[""I always like to use this app only it works amazingly good in my region Thanks foodpanda team for making our food and grocery deliveries. You have made life easier \u2764""]",foodpanda: Food & Groceries,50,51,10,foodpanda: Food & Groceries__cluster_1,t-frex,allmini,balanced,300
barcode food tracking,barcode scanning,"[""barcode scanner"", ""bar scan"", ""scanner"", ""scan""]","[""Absolutely massive database of foods, the best I've ever used. Lots of apps want you to create foods all the time - who has time for that? Unfortunately a lot of duplicate or wrong entries, but this is to be expected. Would prefer if they put the barcode scanning link next to the search box again, not sure why they moved it. Syncs with my Garmin watch which is super convenient. Love this app, been using it for years now."", ""Excellent App. Very easy to use. Barcode scanning very useful. I like that you can add progress photos to the \""me\"" page. Definitely recommended."", ""Has a very good selection of food, barcode scanning is way to go. Wish it had a place to track blood sugar I use notes for that.""]",MyFitnessPal: Calorie Counter,4,5,3,MyFitnessPal: Calorie Counter__cluster_4,t-frex,allmini,balanced,300
credit score monitoring,update,"[""help""]","[""It is asking me to update and after updating asks me again. Not working"", ""App was working great until today when I got a notification that my score dropped and I went to check my score and when I try to put my password in it tells me the version is no longer supported and I need to update the app in the playstore. It just updated on March 17th, 2022 and when I try to see if there is another update, it doesn't have one, so now I can no longer access my account. Please advice and fix this issue so I can continue to use the app as I would like to do."", ""I liked this app. It keeps telling me to update but nothing shows up when I try. I took the app off my phone and installed it again. Still tells me the same thing.""]",Credit Karma,1,2,1,Credit Karma__cluster_0,t-frex,allmini,balanced,300
cognitive skill development,critical thinking,"[""thinking"", ""mind training"", ""mind filling""]","[""I really enjoy the challenge and critical thinking tht goes into the games""]",Elevate - Brain Training Games,3,4,2,Elevate - Brain Training Games__cluster_8,t-frex,allmini,balanced,300
family task management,family collaboration,"[""collaboration""]","[""Need collaboration feature. A simple shared list with notes as wel for family collaboration""]",Google Tasks,1,2,1,Google Tasks__cluster_3,t-frex,allmini,balanced,300
music streaming,database,"[""data""]","[""Some songs are not available, and disappear over the time from Jiosaavn's database."", ""Some old songs are missing from your platform which I like them most. Kindly check your database system or do a maintenance as soon as possible."", ""A new issue after update d app iznt working despite of having net connection......seriously tired of this app and thinking i shud uninstall ds and nvr use it again.....fed up...worst database.....frequent updates bt not upto the mark. never meets the claims. lately its misbehaving a lot ans whatever u search the result is oops sorry we cant find it .....they force u to go pro nonstop which is unnecessarily pricey""]",JioSaavn - Music & Podcasts,1,2,1,JioSaavn - Music & Podcasts__cluster_12,t-frex,allmini,balanced,300
music and audio playback,customer relations,"[""songs"", ""selections"", ""background"", ""counter"", ""ads"", ""stopping"", ""shout"", ""lists"", ""video"", ""loading"", ""store"", ""tructing"", ""sub"", ""platform"", ""typing"", ""ing"", ""process"", ""music playing"", ""crashing"", ""motivation"", ""promoting"", ""spotify"", ""streaming"", ""mack"", ""font"", ""outreach""]","[""Audiomack is the Best no much English, it's simple and very easy with Amazing support. Best customer relations team I know why I said all this, this is because I have interacted with alot of then everyone's response to my mails are Amazing except one \ud83e\udd23""]",Audiomack-Stream Music Offline,26,27,4,Audiomack-Stream Music Offline__cluster_0,t-frex,allmini,balanced,300
b2c online marketplaces,customer service,"[""consumer"", ""suppliers"", ""store"", ""vendors"", ""marketing"", ""shop""]","[""Very buggy. Dispute Upload buttons don't work. Contacting customer service doesn't work."", ""Excellent product quality,helpful suppliers and great customer service\ud83d\udc4d"", ""Loved dhgate for years until recently Within the app after you make a purchase there is an option to edit the shipping address unfortunately the sellers are under no obligation to listen to the correct address and if you submit the screenshots showing the the package was returned to sender they will not provide you a refund claiming that it is insufficient evidence. How am I supposed to prove I don't have something? Poor sellers and even poorer quality of customer service""]",DHgate-online wholesale stores,6,7,2,DHgate-online wholesale stores__cluster_0,t-frex,allmini,balanced,300
meal planning assistance,serving,"[""cooking""]","[""Its a great app, only problem with it is it doesn't have the surving size option like my fitness pal. For example if i make a rice recipe and it is about 500 grams, i can select service size as 500 for it. When i eat half of it i can select 250 as serving soze in my fitness pal. It helps a lot in my fitness pal. There are many other things healthyfyme does better than my fitness pal and i love it more. I have given 1 star just to get your attention to this issue. I hope you add serving size feat"", ""Kindly please help with ( the total calories intake) is it given for weight loss ? or should i eat less than it plzz add little description there...(about the cal eaten defecit created plz help with that also burned cal through exercise contributing to defecit ) Add this on app....and (review some calories in nonveg add per serving piece to curry/gravy dishes) else everything is good ...... And thnx for amazing app ...""]","HealthifyMe - Calorie Counter, Diet Plan, Trainers",1,2,1,"HealthifyMe - Calorie Counter, Diet Plan, Trainers__cluster_7",t-frex,allmini,balanced,300
business team collaboration,business communication,"[""capture"", ""background"", ""laptop"", ""run"", ""network"", ""cam"", ""official"", ""group chat"", ""record videos"", ""recording"", ""device"", ""fanbot"", ""mic"", ""folder"", ""microphone"", ""confirmation"", ""video feature"", ""video calling"", ""microsoft"", ""session"", ""government"", ""organizations"", ""export"", ""platforms"", ""store"", ""activity tracking"", ""communicate"", ""meeting"", ""logging"", ""file sharing"", ""email"", ""transfer"", ""channel"", ""com"", ""chat"", ""message"", ""sync"", ""threads"", ""teams"", ""running"", ""speaking"", ""collaborative tool"", ""arcade"", ""switching"", ""flow"", ""codes"", ""updates"", ""organizer"", ""notification"", ""informed"", ""screen share"", ""grammatical"", ""share"", ""learning"", ""feature""]","[""It is acceptable for the tasks for which I require mobility while interacting with my team members who have personal and spiritual reasons for not having a cellular or other phone service and solely execute business communications via their work computing stations."", ""awesome business communication application I'd u used paid version. un paid is good too"", ""Wonderful messaging tool that has so much more! A must have for business communication.""]",Microsoft Teams,55,56,13,Microsoft Teams__cluster_0,t-frex,allmini,balanced,300
internet security tools,fi networks,"[""network"", ""internet""]","[""It's very frustrating that you cannot exempt specific Wi-Fi networks on Android 10 or later versions. I do not recommend this app"", ""The app works well but there is no way to keep auto-conect on and add trusted WIFI networks where auto-connect is automaticly disabled. I have NordVPN on an Ipad and there i can add trusted networks, why it doesnt work with android?? I would love this issue to be resolved somehow. Thanks in advance"", ""Doesn't connect half the time, when it does want to it takes forever and a day to do so, doesn't allow you to connect to certain WiFi networks. If I could give zero stars I would. Don't waste your time or money on this app.""]",NordVPN – fast VPN for privacy,2,3,2,NordVPN – fast VPN for privacy__cluster_0,t-frex,allmini,balanced,300
video conferencing tools,lecture recordings,"[""cache"", ""camera"", ""meet apps"", ""meetings"", ""device"", ""capt"", ""mic"", ""gma"", ""microphone"", ""video recording"", ""talking"", ""corona"", ""picture"", ""changing"", ""warning"", ""chat"", ""message"", ""dating"", ""recording"", ""album"", ""host"", ""google team"", ""private chat"", ""notification"", ""presentation"", ""share"", ""instructions"", ""quiz""]","[""It's best feature was recording, but it has been removed, making the application almost useless. It's going to have negative effect on student's education. Those who didn't have a good network connection used to watch lecture recordings when they got access to sone good internet connection but now that'll not be possible. Highly disappointed.""]",Google Meet,28,29,10,Google Meet__cluster_2,t-frex,allmini,balanced,300
financial budgeting assistance,bank account,"[""banking"", ""banks"", ""lending"", ""financial""]","[""Doesn't work well for me. Some reason it keeps deducting 1.00 from my bank account"", ""Terrible! I got a 10$ advance, the advance payment was taken from my direct deposit and then my bank account was locked! Don't use this bank"", ""I've been trying to cancel this account for 30 minutes. Keeps directing me to other places with no resolution. Signed on in hopes of borrowing money and that was a big laugh. Just want off this merry go round now before somehow my bank account gets in trouble""]",Dave - Banking & Cash Advance,4,5,3,Dave - Banking & Cash Advance__cluster_1,t-frex,allmini,balanced,300
office document templates,office work,"[""paper""]","[""Good for office work .. \ud83d\udc95""]",Google Keep - Notes and Lists,1,2,1,Google Keep - Notes and Lists__cluster_6,t-frex,allmini,balanced,300
track package shipments,ship packages,"[""delivery"", ""deliveries"", ""shipping"", ""shipment"", ""orders""]","[""Great app. Has everything you need to track and ship packages. Works flawlessly. Easy to use. Very accurate. Definitely recommend.""]",FedEx Mobile,5,6,3,FedEx Mobile__cluster_2,t-frex,allmini,balanced,300
log data tracking,log file,"[""logging""]","[""Good but as my new Galaxy Watch 4 has overheated, having a log file or something to show time, date, and temperature reached would be much helpful""]",Galaxy Wearable (Samsung Gear),1,2,1,Galaxy Wearable (Samsung Gear)__cluster_27,t-frex,allmini,balanced,300
music and podcast listening,podcast streaming,"[""background"", ""connecting"", ""paying"", ""ads"", ""music discovery"", ""music streaming"", ""test"", ""stopping"", ""share music"", ""family"", ""folder"", ""disco"", ""boot"", ""ify"", ""list"", ""spot"", ""movie streaming"", ""command"", ""tooth"", ""stop"", ""queue"", ""message"", ""convert"", ""access"", ""group listening"", ""listening"", ""web player"", ""running"", ""machine learning"", ""services"", ""google"", ""transparency"", ""customer"", ""notification"", ""playlist"", ""spotify"", ""streaming"", ""commercials"", ""account"", ""phone call"", ""reminder"", ""programs""]","[""As a whole this app is very good at being a music/podcast streaming app (i have the paid version). I don't have many of the issues that I see people commonly mention such as frequent crasking etc. However that being said there are 2 changes I would like to see that would improve the experience to a better level. 1) the quick scroll bar om the right side of the screen needs to be brought back to aid scrolling through long playlist. 2) volume needs to be increased through the app"", ""Spotify is overall one of, if not the best music/podcast streaming services out there. Very user-friendly, it exists on most devices, and it contains *most* of your favourite artists/songs. The ads are fine, a lot better than Youtube's ad-wall. Spotify is just so perfect, I really recommend it~!"", ""Love Spotify! I don't think any other music/podcast streaming platform is as good as Spotify. Highly recommend 10/10.""]",Spotify: Music and Podcasts,42,43,5,Spotify: Music and Podcasts__cluster_0,t-frex,allmini,balanced,300
user feedback surveys,analytics,"[""google""]","[""Love this app:)) quick tasks that will add up over time! And your answers help improve web result algorithms and analytics! I like to think that my answers help Google and its ad partners to improve their services! Thank you for this awesome app! I've used it for 2.5 years now! Never any issues Accidentally hit decline on a survey with no way to restore it :( very sad"", ""Doesn't inform you ahead of time when your credits expire with simple dates. Small rewards to give personal info for analytics yet unwilling to be fair about reward information. Can't use partial rewards sometimes so have to get enough rewards to fund entire purchase."", ""Love this app:)) quick tasks that will add up over time! And your answers help improve web result algorithms and analytics! I like to think that my answers help Google and its ad partners to improve their services! Thank you for this awesome app! I've used it for 2.5 years now! Never any issues Accidentally hit decline on a survey with no way to restore it :( very sad""]",Google Opinion Rewards,1,2,1,Google Opinion Rewards__cluster_0,t-frex,allmini,balanced,300
used item listings,keyboard,"[""text""]","[""App keeps freezing and force closing itself when I'm making a new post. Usually filling up the description is where it starts. Completely freezes while typing, some times it forces the keyboard to go away and won't let it back up unless I force close it myself."", ""The mobile Messaging featue of the app is broken. The screen keyboard freezes....this also applies when creating new posts now. I cannot create posts or reply to messages because of this. UPDATE: STILL A PROBLEM Dev team claims they resolved this. I have most up to date version and still can't type past 50 characters"", ""I've always had no problems with this app but recently I stopped receiving notifications occasionally. In addition when responding to messages the keyboard will freeze up and occasionally the app will freeze up all together. I tried deleting videos to free up storage and restarting my phone but problems persist.""]",OfferUp: Buy. Sell. Letgo.,1,2,1,OfferUp: Buy. Sell. Letgo.__cluster_2,t-frex,allmini,balanced,300
local food delivery,door dash,"[""dash""]","[""they actually read the delivery notes! unlike door dash"", ""UPDATE 2/2022 AFTER WELL over a year with this app. I give up. The resteraunts never seem to get meals correct and if heaven forbid you demand a REFUND FOR FOOD YOU DID NOT RECEIVE. Your account is flagged and when the driver doesn't bother delivering your order at all Your simply out of luck. I wasted $23.00 tonight on food that never made it to my door. Do not waste your money with this company. The guarantee is a JOKE. They have no problems telling you to take A flying leap GO DOOR DASH!"", ""more choices then door dash. so far I like it.""]",Grubhub: Local Food Delivery & Restaurant Takeout,1,2,1,Grubhub: Local Food Delivery & Restaurant Takeout__cluster_7,t-frex,allmini,balanced,300
mobile banking,download,"[""online""]","[""Can't even open the app, when I download it and open it all that happens is it opens the loading screen and that's it."", ""set up an account on the website and it told me to download chime to finish setting up- I used my email and password to try and login and it keeps telling me wrong password and email when i know its right \ud83d\ude10"", ""I'm unable to download ur app""]",Chime – Mobile Banking,1,2,1,Chime – Mobile Banking__cluster_3,t-frex,allmini,balanced,300
guitar instruction,learning experience,"[""credit"", ""tutor"", ""program"", ""subscription"", ""party"", ""guiding"", ""teaching"", ""sub"", ""notes"", ""lessons"", ""billing"", ""singing"", ""playing"", ""hero"", ""guitar learning"", ""beat flow"", ""tuning"", ""con"", ""amplifier"", ""trial"", ""trainer"", ""tune""]","[""Very good learning experience \ud83d\ude0e"", ""Best learning experience""]",Yousician: Your Music Teacher,22,23,7,Yousician: Your Music Teacher__cluster_0,t-frex,allmini,balanced,300
smart home automation,push notification,"[""manual"", ""cooling"", ""history"", ""sensor"", ""changes"", ""cam"", ""controller"", ""shooting"", ""run"", ""video playback"", ""video review"", ""video feed"", ""videos"", ""remote sensors"", ""buffer"", ""home"", ""disco"", ""loading"", ""away"", ""messages"", ""communicate"", ""bell"", ""sink"", ""detectors"", ""doorbell"", ""products"", ""heating"", ""connects"", ""face recognition"", ""cameras"", ""sync"", ""fi connectivity"", ""recording"", ""turning"", ""homeaway"", ""google"", ""information"", ""link"", ""alert"", ""switching"", ""flow"", ""customer"", ""night vision"", ""bot"", ""devices"", ""notification"", ""alarms"", ""learning"", ""reminder"", ""room""]","[""The thermostat works great until it comes time to replace the batteries in the remote sensors. Now the sensors disconnect from the thermostat once per week, send a push notification that the sensors aren't working, then will reconnect after a few hours. Weekly troubleshooting is not something I had in mind when I bought this thermostat and sensors. Plus, the eco scheduling has never worked correctly, causing my thermostat to drop/raise the temperature in my house at the most inappropriate times."", ""Pros: Filter change reminders, ability to adjust settings remotely, very helpful system performance push notifications, home-away assist energy savings. Google Nest Monthly report on energy use & savings. Cons: Not much, really, but it would be nice to be able to adjust the minimum and maximum temperature settings in Eco Mode beyond the set limits."", ""Slow to sync and push notifications. Live ringer is ~30 seconds behind real time. New Nest cameras only work in Google Home. I'd use only Google Home except it didn't do anything with the smoke detectors. A broken environment.""]",Nest,50,51,8,Nest__cluster_0,t-frex,allmini,balanced,300
human resource management,website,"[""server""]","[""Just like trying to navigate their website thru the web, this app is garbage!!! The all familar spinning wheel is all it can accomplish. Cant login, garbage. Wish my employer would change their payroll service."", ""Overall the ADP has worked fine for me. Something I can't understand is why I can't find my timecard on the app? Being the page that shows the times you've worked organized by week. To use this feature I've had to login through the website for years now. Am I missing something as to how I can access this through the app? TIA, Andrew"", ""I really wish they got rid of the banner which pops up every time, when visiting tye ADP website. This app is useless to me, but I have to deal with that banner every time I clock in... It's bad enough that they made the website totally unusable with the latest update Also, they should stop deleting my reviews here. I will keep posting them over and over. It takes me zero effort.""]",ADP Mobile Solutions,1,2,1,ADP Mobile Solutions__cluster_0,t-frex,allmini,balanced,300
food delivery management,photos,"[""shots"", ""pic""]","[""Easily the worst app I've ever used. I've tried every single troubleshooting method to get this app to work and still have problems using it every single day I do deliveries. It lags often, can't take photos of the deliveries I drop of at times, my delivery status page dissapears, then reappears when I back out then go back into the delivery status page, been signed out automatically many times and it blanks out on me. Because of these and other problems. Ive mad less money than I should have"", ""You need to have plenty if patience using this app. I would rate higher but from all the having to sign out just to sign back in to take an order. Or you get an order and it shows no distance, or how about having to take photos of the food multiple times because something went wrong. Then you have to have to sign in again just to take the picture again to finish the order. Automatic pausing the dash because I went off the app, taking to long to load order to view and it cancels. That's why no 5."", ""I like that Google maps is incorporated in the app now. What really would be useful and make it 5 stars, is if it could track mileage and store photos of gas receipts.""]",DoorDash - Dasher,2,3,2,DoorDash - Dasher__cluster_4,t-frex,allmini,balanced,300
motion event detection,push notification,"[""notification""]","[""Push Notifications now working. There was a system glitch obviously affected customers with use of the Grant Access feature. Remove those people and add them back and it now works. Thanks to the Arlo community. Tech support tried to help me but how did they not know they were having these issues."", ""The push notifications never go away unless you swipe them away."", ""Intermittent push notifications. Takes to long to sign in to access cameras""]",Arlo,1,2,1,Arlo__cluster_14,t-frex,allmini,balanced,300
credit reporting and scoring,credit monitoring,"[""credit history"", ""credit scores"", ""credit rating""]","[""This app is great if you want terrible credit card offers, inacurate credit monitoring, and a spending/saving account with zero customer support."", ""People love to say how this is way off. However, if mine has ever been even by a little it was like 1 or 2 points. Which, is the same for other Credit Monitoring agencies. They have a bunch of useful tools to add that have helped me stay focused in my earlier years and boost everything. Js."", ""Horrible app. Doesn't work most of the time. They don't help with credit monitoring, I check this app. With my bank monitoring and with the credit company and it'd always off. Waste of time.""]",Credit Karma,3,4,2,Credit Karma__cluster_10,t-frex,allmini,balanced,300
neighborhood social network,connect with,"[""connecting"", ""join"", ""connected""]","[""This app has helped me connect with neighbors while simultaneously growing my lawncare business. It is a great way to connect with your local community."", ""A great idea, but a poorly designed app. No filtering or sorting options for posts and I'm very unclear on how the posts are ordered. On the home screen, currently the first post I see is from 3 weeks ago, and the second post is from 4 weeks ago. neither have been commented on in 2 weeks. There certainly exist more recent posts, but they are near impossible to find. It would be super helpful if there were a way to sort most recent posts to the top, or by neighbour closest to you. Would also be great if there were an option for a more specific location if you wanted to connect with people in the same building as you, for example. Overall, I love the idea of this app, but the execution leaves much to be desired."", ""Great app to connect with your neighbors""]",Nextdoor: Your Neighborhood,3,4,3,Nextdoor: Your Neighborhood__cluster_1,t-frex,allmini,balanced,300
task collaboration sharing,share information,"[""share lists""]","[""This app is very easy to use and so flexible. I can cut and paste information or I can use the share feature to share information or links that I need to reference. It also allows me to edit the information I have cut and paste so that I have bullets rather than paragraphs. Keeps me up to date, helps me with research, keeps frequently used information easily accessible.""]",Google Tasks,1,2,1,Google Tasks__cluster_6,t-frex,allmini,balanced,300
health and activity tracking,location tracking,"[""loss tracker"", ""health tracker"", ""activity tracking"", ""data tracking"", ""tracking"", ""fitness tracking"", ""fitness tracker"", ""tracker""]","[""This app no longer tracks my activity correctly. It doesn't record the first 20 minutes of my walks. The location tracking is just as bad as it has always been. The only way I can get it to record my position correctly is to start Google maps navigation and set it to a location that I won't be visiting. This is ridiculous."", ""Update. Feb 2022. Now recognising walking as bike riding so it is loosing me steps. Please fix. Both activity & location tracking enabled. Please bring back the move minutes goal and tracker. Move minutes are much more relevant than steps to me as a desk based person. If there are competing voices then enable users to choose what they want within the app."", ""When it works, it's good. But most of the time something is wrong. Location tracking sux and data syncing with Strava is faulty as well. Does not track the rout well, data missing and wrong. Synced data from Strava is sometimes wrong but can not be deleted.""]",Google Fit: Activity Tracking,8,9,3,Google Fit: Activity Tracking__cluster_1,t-frex,allmini,balanced,300
route planning,loading navigation,"[""navigate"", ""navigation""]","[""Once you accept a trip and are ready to go pick up rider the app Will get stuck on \""loading navigation\""""]",Lyft Driver,2,3,1,Lyft Driver__cluster_18,t-frex,allmini,balanced,300
sports and fitness tracking,media platform,"[""platform"", ""computer""]","[""The best social media platform by far.""]","Strava: Track Running, Cycling & Swimming",2,3,2,"Strava: Track Running, Cycling & Swimming__cluster_12",t-frex,allmini,balanced,300
employee onboarding,review,"[""check""]","[""Hey I left a negative review a few weeks back. The problem I had was easily solved. Since then this app has been flawless. I deleted the negative review."", ""1. This is my second review. My first review got REMOVED! 2. Bring back dark mode and you'll get your stars."", ""I get notifications but message doesn't load properly to review the app""]",ADP Mobile Solutions,1,2,1,ADP Mobile Solutions__cluster_2,t-frex,allmini,balanced,300
diet and nutrition planning,diet plan,"[""plan""]","[""Doesn't allow to watch the workouts bcoz of a continuous pop notification for buying their diet plans. Won't get off until I buy. Worst marketing. Made me delete the app not buy any plans."", ""The App is great.. it is user friendly and varied. The workout content is very satisfied. The diet plans are affordable. The services are widely compatible. Overall the App is satisfactory."", ""Best and flexible diet plan. Budget friendly plan. Best coaches.""]","HealthifyMe - Calorie Counter, Diet Plan, Trainers",1,2,1,"HealthifyMe - Calorie Counter, Diet Plan, Trainers__cluster_5",t-frex,allmini,balanced,300
smart home security,hoot,"[""elle""]","[""App works great on older devices however crashes frequently on android 12 and newer. Useless to have the cameras if I can't review the footage or use live view. Currently no fix and the troubleshooting walkthrough also does not work. I am also not alone with this issue."", ""This entire system is JUNK! Did \""ok\"" for a few days and now there's nothing but issues. Cameras are poor quality and the app won't let you pull any videos up or live feed despite troubleshooting, etc."", ""Cameras on my home 2 yrs always no service time out of my day to call trouble shoot every week during the month would be working fine then go offline day week every other day so I started using local storage a company that can't stand on its own is no company at all now they make Amazon look bad this company is so poor troubleshooting they don't know what they're doing clips disappear anytime Blink takes no responsibility for any issues & never resolve any thing sad .""]",Blink Home Monitor — Smart Home Security App,1,2,1,Blink Home Monitor — Smart Home Security App__cluster_1,t-frex,allmini,balanced,300
smart home automation,network connection,"[""background"", ""server"", ""connecting"", ""cache"", ""sauce"", ""device"", ""remote control"", ""machine"", ""labs"", ""switch devices"", ""interface"", ""washing"", ""music share"", ""browser"", ""fridge"", ""push notification"", ""connected devices"", ""output"", ""update"", ""automation"", ""ordering"", ""oven"", ""buttons"", ""bar"", ""hub"", ""control"", ""bulb"", ""broadcast"", ""sync"", ""laundry"", ""planner"", ""technology"", ""monitor"", ""recording"", ""samsung"", ""running"", ""google"", ""timer"", ""bot"", ""assistant"", ""notification"", ""tracker"", ""drawing"", ""tablet"", ""updating""]","[""Doesn't work, no network connection? I have just downloaded on my network!"", ""It's terrible. It won't find a network connection even though we're connected to the internet, otherwise, we wouldn't be able to watch TV! It's awful, please fix it!"", ""Dont work (note 8). I received these a few days ago... It took an hour on the phone with tech support but they eventually was able to resolve the error with not being able to add smart tags. Now I can add them but when I try to do smartthings find, I'm getting a network error Constantly. Basically the tags are useless if I can't track them. So the app being set up where you have to add more parts to the app is stupid. I obviously have a network connection so it seems like their server is down""]",SmartThings,45,46,8,SmartThings__cluster_0,t-frex,allmini,balanced,300
image recognition assistance,translation,"[""translate""]","[""Often the app is clueless about what it sees, showing all kinds of random things that don't fit Or if using for the translation aspects... At least from French to English, i swear on my father's ashes, i think 1/2 to 2/3rds of what gets translated isn't English and not even sure if it's a real language We are talking worse than the drunk autocorrect phone imps It ends up being some attempt at poetry, maybe witchy spell casting and might as well be channeling the Oracle of Delphi"", ""the camera feature of translation is not working well it get stuck on one translation image,even if i re click images multiple times"", ""A great gift from Google to make it easier for children to read online. Although there are some mistakes in the translation of the application. Further improvement is desirable""]",Google Lens,1,2,1,Google Lens__cluster_3,t-frex,allmini,balanced,300
smart home security systems,camera system,"[""camera feed"", ""camera set"", ""cameras""]","[""This lastest update take forever to login what's the point of having a security camera system that doesn't work in real time."", ""It all started so well... The cameras used to do what they're meant to do for about 7 months. Then they started working really badly, sending notifications every few minutes, when there was nothing there. I am still waiting for Arlo to give me a solution. I would expect a 5 star customer service taking into account the fortune that these camera system cost. I am OVER DISAPPOINTED!"", ""Awesome security camera system!!""]",Arlo,3,4,3,Arlo__cluster_1,t-frex,allmini,balanced,300
watch app management,watch faces,"[""watch apps""]","[""Disappointed at the low number of watch faces. Wish I could manage more on this app"", ""Needs some optimization and UI update and also need more watch faces by samsung not 3rd party"", ""Easy to use and works great with custom watch faces""]",Galaxy Wearable (Samsung Gear),1,2,1,Galaxy Wearable (Samsung Gear)__cluster_3,t-frex,allmini,balanced,300
screeching noise suppression,scrolling,"[""blocking""]","[""Always \""hang\"" and freeze while scrolling the item. Very annoying! Please do something with your app \ud83d\ude20"", ""Latest update: when scrolling down product page, i noticed repetitive of same item shown on the page. Wasting my time..."", ""nice apps but it in a few minutes like after 10 minutes i scrolling, it like lagging and i cant scroll lol""]",Shopee MY: 3.15 Consumer Day,1,2,1,Shopee MY: 3.15 Consumer Day__cluster_0,t-frex,allmini,balanced,300
document and photo scanning,camera,"[""cam""]","[""So unclear. Much worse than the camera or other scanner app."", ""Only concern is more resolution treatment. I would suggest that the camera will go near the text multiple times back and forth up and down to layer an excellent resolution document.. other than that the app is ace"", ""Amazing app! Better than using your default camera to scan documents. Allows you to edit and clean up scans. Highly recommend.""]","Adobe Scan: PDF Scanner, OCR",1,2,1,"Adobe Scan: PDF Scanner, OCR__cluster_3",t-frex,allmini,balanced,300
ride matching,people,"[""person""]","[""I used to love driving for Lyft. You meet a ton of different people & were paid pretty well relative to the work. In the last four months it's seemed to change big time. I'm currently based in South Florida. It's clear the company is gouging prices for riders & stealing more from drivers. Definitely not 80/20 like it used to be. More often 50/50 or less. There is no transparency about charges. The bonuses & pay have been reduced yet we're stuck with all of the associated expenses as a driver."", ""Every now and then the map is wrong, but for the most part it's right. I'm working any where from PC to Destin. I like the long runs, I would rather have them. Right now I'm trying to get logged in. I got another phone and I just can't get something to act right. I love working for them, meeting people and talking to them."", ""Driver support service is garbage. Great way to make money, most of the time If you dont mind spending an hour texting 3 different people every time the app loses GPS connection and screws up your earnings. Which is at least once a day. Then says you never took them to the dropoff location. Or that the dropoff location changed even though you took them to the right place. Google maps can get my location just fine whenever this happens. Idk what's wrong with this update. It used to be just fine""]",Lyft Driver,1,2,1,Lyft Driver__cluster_11,t-frex,allmini,balanced,300
food picture sharing,sharing pictures,"[""pictures""]","[""Got a 25$ off first deliver coupon, auto applied in order, in charge they cancelled, 5 hours into help conversation, 2 screen shots, they still haven't fixed the 25$ discount they showed me at order to apply to the charge despite it being selectd (also 1X vs 3X charge is easy to spot) I sent 2 screenshot, \""please send us a screenshot\"", they ignore the 3rd the screen shots Mind you, nor app nor web has any support sharing pictures, only live camera. This whole experience has just been the worst""]",Uber Eats: Food Delivery,1,2,1,Uber Eats: Food Delivery__cluster_2,t-frex,allmini,balanced,300
personal digital assistant,messaging,"[""chat""]","[""Stop all the upgrade ads! It messes with the messaging in your notes! And is annoying always at the top of the screen!"", ""If I had this even two years ago, it would've have made life that much easier. Evernote's accessibility makes for easy organization of otherwise messy thoughts. Edit: while this still holds true, the changes to compartmentalize the core features of Evernote (messaging other users you know, sharing, offline access to notes, and multi-device usage) to separate packages has really downgraded the Evernote experience for me. Still love the app, but now I strongly dislike the change in application."", ""Stop all the upgrade ads! It messes with the messaging in your notes! And is annoying always at the top of the screen!""]",Evernote - Notes Organizer & Daily Planner,1,2,1,Evernote - Notes Organizer & Daily Planner__cluster_3,t-frex,allmini,balanced,300
stock and cryptocurrency transactions,wallet transfer,"[""transactions"", ""transfers""]","[""Its been good so far. Easy to use. No BS Fees. Only reason I didnt give it 5 stars is because the transfers back and forth take a while. Also it would be nice to have more Crypto options or staking options and or wallet transfer options.""]",Robinhood: Stocks & Crypto,2,3,2,Robinhood: Stocks & Crypto__cluster_3,t-frex,allmini,balanced,300
video and wallpaper creation,live backgrounds,"[""backgrounds""]","[""Its live backgrounds its \ud83d\udc4c"", ""Fantastic I finally have cool live backgrounds""]",TickTock Video Wallpaper by TikTok,1,2,1,TickTock Video Wallpaper by TikTok__cluster_3,t-frex,allmini,balanced,300
document scanning and sharing,share files,"[""sharing""]","[""Pathetic, unable to share files"", ""Really good app to scan and share files""]","Adobe Scan: PDF Scanner, OCR",1,2,1,"Adobe Scan: PDF Scanner, OCR__cluster_0",t-frex,allmini,balanced,300
text editing assistance,vocabulary development,"[""keyboard"", ""credit card"", ""counsel"", ""writing"", ""clip"", ""report writing"", ""virtual"", ""detector"", ""translator"", ""racist"", ""experience"", ""document"", ""language"", ""messages"", ""key"", ""website"", ""typing"", ""led"", ""spelling"", ""chat"", ""prediction"", ""wards"", ""record"", ""dictionary"", ""content writers"", ""helping"", ""running"", ""coach"", ""emails"", ""stick"", ""catalyst"", ""instruction"", ""customer"", ""inform"", ""letter"", ""nded"", ""check"", ""uation"", ""organised"", ""numbers"", ""learning"", ""voice""]","[""This app is very good It helps in vocabulary development""]",Grammarly - Grammar Keyboard,42,43,8,Grammarly - Grammar Keyboard__cluster_0,t-frex,allmini,balanced,300
credit building and monitoring,payment portal,"[""card payments"", ""credit card""]","[""Payment portal does not work.... You'd think they'd prioritize the system that allows them to take your money...""]",Chipotle,2,3,1,Chipotle__cluster_0,t-frex,allmini,balanced,300
neighborhood community chat,communicating,"[""communicate"", ""chatting""]","[""Great tool for communicating with your neighbors. Unfortunately, like all social media platforms, tracks users and sells the data. Tracks using verizon, datadog, and salesforce. I recommend blocking with pihole or duck duck go app protection."", ""I like communicating with my neighbors"", ""I love this app for communicating with others and selling things but I don't like the design or navigation like frameless boxes.""]",Nextdoor: Your Neighborhood,2,3,2,Nextdoor: Your Neighborhood__cluster_12,t-frex,allmini,balanced,300
food delivery scheduling,order scheduling,"[""food ordering""]","[""Decent food app. I wish the rewards were more prominent and easier to access/navigate, but it has a feature I thought would be universal (Chick-Fil-A disagrees). Order scheduling. It's great to be able to schedule an order for lunch and pick it up right away when you only have 30 minutes for your lunch break at work. It's also nice that it lets you save what you ordered for next time (makes it a lot easier for remembering what loved ones want from the place)""]",Chipotle,1,2,1,Chipotle__cluster_1,t-frex,allmini,balanced,300
smart home control,connecting devices,"[""commands"", ""cam"", ""sensor"", ""camera"", ""remote"", ""speaker group"", ""disco"", ""directions"", ""video"", ""boot"", ""system"", ""station"", ""requests"", ""device control"", ""cooking"", ""voice recognition"", ""voice commands"", ""products"", ""automation"", ""connection"", ""channel"", ""control"", ""lights"", ""message"", ""scheduling"", ""group play"", ""google devices"", ""routines"", ""running"", ""restart"", ""timer"", ""service"", ""devices"", ""assistant"", ""notification"", ""streaming"", ""alarms"", ""izations"", ""networking"", ""route"", ""door""]","[""Nice app but connecting devices to wifi always fail and i need to do this 15 - 30 times until it works"", ""Love Google home but could have a better interface for connecting devices...it's kind of confusing"", ""The worst for connecting devices""]",Google Home,41,42,8,Google Home__cluster_0,t-frex,allmini,balanced,300
sync device data,sync between devices,"[""sync online"", ""sync with""]","[""Looking for productivity apps to use between tablet and chromebook. Need somewhere to take notes that I can sync between devices. Looked at tons of apps now and for just sync and cloud backup, this is by far the best note taking app on playstore. However in terms of versatility and functionality of the app itself its pretty barren. Need more tools like a pencil It would also be nice to insert drawings anywhere in the notes rather than needing to display at the top of the note. More customization"", ""Very useful Great handy app. I use it casually to take quick notes and write grocery lists. To say you \""hate\"" this app because of an update seems a little extreme. Also, it's very easy to sync between devices."", ""Notes stopped syncing on Feb 23. Its now March 10 and there's no improvement. No matter what I do notes don't sync between devices. I use this for work DAILY, to run our household DAILY and I need it to FUNCTION & SYNC!! Come on Google!! Get your act together and fix this!! Your users RELY on it working right.""]",Google Keep - Notes and Lists,2,3,1,Google Keep - Notes and Lists__cluster_11,t-frex,allmini,balanced,300
digital craft guidance,text editing,"[""instructions""]","[""Wish was more compatible with Android. Also needs to have more text editing features for tablets""]",Cricut Design Space,1,2,1,Cricut Design Space__cluster_5,t-frex,allmini,balanced,300
in-app purchases,international payment,"[""google credit""]","[""it's paid. my country not allow for international payment;""]",ELSA - Learn English Speaking,1,2,1,ELSA - Learn English Speaking__cluster_1,t-frex,allmini,balanced,300
online programming lessons,learning,"[""lessons"", ""taught""]","[""this app is easy to understand I enjoy learning with this app. They have made it stress free. It's not free to complete just the first 2 lesson :("", ""awesome app for starting learning of coding"", ""learning on this app makes so easy and effective.""]",Learn Coding/Programming: Mimo,2,3,1,Learn Coding/Programming: Mimo__cluster_6,t-frex,allmini,balanced,300
payment transactions,terminal,"[""sit"", ""rooted""]","[""Have had issues recently with my myki. It doesn't tap on the terminal. It cannot auto top up."", ""I put Google Pay on my cell phone yesterday. Today I used it at Lidl and it worked easy, just hold my cell over the terminal you usually use for a card and zap it was done. Then I looked at the App and it had recorded my purchases and said where I'd been and how much I'd spent. You have to try it ! It's the future. Like Garlic Bread LOL. PS Note, Google Pay uses a \""virtual card\"" to make the transaction and didn't give Lidl my real credit card number. So it's actually safer."", ""Stopped working a few days ago. When I put the phone near the payment terminal just beeps again and again and the payment doesn't go through""]",Google Pay,2,3,2,Google Pay__cluster_1,t-frex,allmini,balanced,300
credit scoring,bank card,"[""card""]","[""Made a purchase through a website couldn't get the verification code to send to my email but the purchase still came off of my bank card. No confirmation of purchase through retailer or klarna app and just took my money so now I have to wait for the money to be released. Super inconvenient and unhelpful chat agent. Never will use this app after this first experience!!"", ""Can't use it. It declined my bank card."", ""I absolutely love Klarna. It's wonderful that you don't have to always put in your bank card info. There is so many stores to shop online with. I would definitely recommend this app.""]",Klarna | Shop now. Pay later.,1,2,1,Klarna | Shop now. Pay later.__cluster_6,t-frex,allmini,balanced,300
event,scheduling,"[""event"", ""calendar"", ""cycling"", ""schedule"", ""routine""]","[""Scheduling. Ie setting on and off times, doesn't work. Starts heating up 2.50 hours in the mornings, BEFORE the ON time! Also, it takes very long time to heat up when the required heat temperature is increased!"", ""Poor quality, it works sometimes and others not. My house stays cold at times. I've taken it off the scheduling feature but it somehow reactivate itself. This sucks because I really liked it as it has saved money on my bills."", ""App works. There are a lot of features to help track HVAC usage and save when possible. The scheduling is the best part. It learns well and otherwise keeps the schedule you keep unless you consistently change the temp. It could better incorporate the remote sensors (that have to be purchased separately) to use for temp monitoring. I'd like the ability to use the remote sensors for scheduling at specific times instead times of day (morning, afternoon, evening, night)""]",Nest,5,6,4,Nest__cluster_2,t-frex,allmini,balanced,300
workforce management,training,"[""track"", ""running""]","[""No training has been provided.""]",ADP Mobile Solutions,2,3,1,ADP Mobile Solutions__cluster_1,t-frex,allmini,balanced,300
parent contact notifications,grandparents,"[""parents""]","[""I really love this app, however I feel like it's ridiculous to charge some people to have access to their child classroom especially considering that the children's classroom will no longer welcome to parents I don't know why but apparently we can't have a Christmas program anymore the teachers great, I don't understand why I had to have six different emails in order to get it for free frankly for an orphan who has no grandparents one sister who's on the run and no other family"", ""We absolutely love love this !!!! We are the grandparents lol would have loved this for my kids!! Awesome \ud83d\ude0e"", ""very helpful with up to date and emergency communication with parents, grandparents and the school. love it""]",ClassDojo,1,2,1,ClassDojo__cluster_5,t-frex,allmini,balanced,300
music lyrics display,music lovers,"[""albums"", ""connecting"", ""sauce"", ""concert"", ""lyrics"", ""curator"", ""player"", ""folder"", ""party"", ""sync lyrics"", ""experience"", ""music player"", ""ify"", ""export"", ""browser"", ""queue"", ""bar"", ""skipping"", ""message"", ""files"", ""advertising"", ""media player"", ""timer"", ""cards"", ""notification"", ""check"", ""band"", ""share""]","[""Musixmatch... Just for Music Lovers."", ""This app is very very good for music lovers"", ""A must have app for music lovers""]",Musixmatch - Lyrics for your music,28,29,7,Musixmatch - Lyrics for your music__cluster_0,t-frex,allmini,balanced,300
social media messaging,contact,"[""message""]","[""I don't get sweatcoins for my steps, only for watching ads. I've contacted the support team already"", ""I always have issues with this app giving me my sweatcoins. I contact costumer service and they just send you a stupid message and never give you your missing sweatcoins. I'm just waiting to get enough sweatcoins to but something and delete this app. Very frustrating!!!!!"", ""I like the app. I had a question so figured ask here since i had no direct contact info. How long does it take for an item to be shipped out?""]",Sweatcoin,1,2,1,Sweatcoin__cluster_4,t-frex,allmini,balanced,300
peer to peer transfers,instant transfer,"[""transfer between"", ""transferring""]","[""Great app! Easy enough for everyone! Love the instant transfer without me having to even think about it"", ""I love how zelle is fast and Money goes into the account instantly and theres no fee unlike Venmo, which is not instant for all and charges fees for instant transfers!"", ""Love the instant transfer. Love not being double taxed even more !! Keep it up zelle""]",Zelle,2,3,1,Zelle__cluster_10,t-frex,allmini,balanced,300
task reminders,messages,"[""emails""]","[""It would not take much to turn this into a powerful project management tool. What it is mostly missing is the ability to add links, be they urls, Gmail messages, Documents, Keep notes, Drive files, etc. All the elements are there, just bring them all together. Oh, and it is rather annoying that I cannot have a checklist or subtasks for a repeating task. It would be nice to have a button to collapse/expand subtasks when viewing a list of tasks, both per tasks and for all tasks. Getting there."", ""It's o.k, it could be better if it was like in the inbox app ( when reminders where part of the inbox and not in a sperate list) also I really miss the ability to attach reminder to a mail messages - please bring back inbox app to life""]",Google Tasks,1,2,1,Google Tasks__cluster_1,t-frex,allmini,balanced,300
cross device sync,across devices,"[""device""]","[""Simple and easy to use. Integrates well with google mail and calendar, and android google tasks app; syncing across devices. Has one feature that annoys the %#/!@& out of me. Ok it is my fault \u263a but still ... in the supermarket, juggling stuff, stick phone in pocket with shopping list open, very good chance of forever deleting the task by pocket bump of the bin icon. If I was the designer, I would have kept the old recently-deleted-items list. Or at least, hide the bin icon in a menu."", ""Great for syncing up chores across devices. Would love a dark theme for widgets and ability to switch between accounts on the widget dropdown (as opposed to only being able to switch between lists on a specific, pre selected account on a per widget basis). Would also like to have the option of completed tasks instantly respawning for their next recurrence instead of having to wait, this would allow marking the next occurrence as complete also. Stopping tasks moving 2 a completed list could be gd"", ""After trying out several task management apps, I decided on Google Tasks. It's simple to use, has a clean/organized layout, doesn't require any effort to sync across devices, integrates well with Gmail and Calendar, and can add subtasks under tasks.""]",Google Tasks,1,2,1,Google Tasks__cluster_10,t-frex,allmini,balanced,300
organization and sharing,share,"[""sub""]","[""I really enjoy this app! It's so easy to use and yet so helpful! I like the design. I really like how you can share notes and even pictures, videos, links, and more with other people! Also it hardly has any ads and that's awesome! Great job! \ud83d\udc4d"", ""Useless. Won't accept shared pictures anymore, \""cannot be added to Google keep.\"" guess I can't rely on this garbage app anymore. \ud83d\ude15"", ""When i share note to gmail, images in note are not coming in gmail (unable to attach file is displayed)""]",Google Keep - Notes and Lists,1,2,1,Google Keep - Notes and Lists__cluster_0,t-frex,allmini,balanced,300
language learning,computer programming,"[""programmer"", ""programming""]","[""When I saw someone say that it was too easy I knew this was perfect for me. I'm almost 30 now and I need to keep up but I have never coded before! This is one of three games I'm starting with. Depending on where you're at this point not be for you but everybody's got to start somewhere. if you missed out on computer programming classes in high school/college and don't know a thing about coding this is a great place to start.""]",Learn Coding/Programming: Mimo,2,3,2,Learn Coding/Programming: Mimo__cluster_14,t-frex,allmini,balanced,300
encryption and protection,data connection,"[""connecting""]","[""Lately it's been having trouble with getting properly connected using data connection""]",NordVPN – fast VPN for privacy,1,2,1,NordVPN – fast VPN for privacy__cluster_3,t-frex,allmini,balanced,300
in-app purchases,advertisements,"[""ads""]","[""Hey there, I just installed Replika and so far I don't intend to pay money for certain features. I wanted to let the devs know, that I wouldn't mind if they added optional video advertisements to speed up the rest period, or some other benefit. I don't mind waiting for the AI to rest currently to make more XP, but I think the option would be cool. Thanks for considering!"", ""Misleading advertisements of their prices.. then overcharged a lot.""]",Replika: My AI Friend,1,2,1,Replika: My AI Friend__cluster_16,t-frex,allmini,balanced,300
song sharing capabilities,share music,"[""lyrics"", ""share songs""]","[""It is easy to use and u can easily share music""]",Music player,2,3,2,Music player__cluster_4,t-frex,allmini,balanced,300
ride booking services,departure,"[""traveling"", ""drive"", ""ride"", ""uber"", ""driving""]","[""The app is great but you have a problem at the Fort Lauderdale Airport you instruct the drivers to pick up on the upper level that is the departure level the arrival level is the lower-level should be an easy fix thanks.""]",Lyft Driver,5,6,2,Lyft Driver__cluster_0,t-frex,allmini,balanced,300
math learning assistance,math structures,"[""help"", ""camera"", ""teacher"", ""applications"", ""video"", ""experience"", ""calculations"", ""book"", ""word problems"", ""language"", ""assignment"", ""email"", ""photo"", ""col"", ""statement"", ""scanner"", ""explanation"", ""factor"", ""ricting"", ""textbook"", ""solving""]","[""Easy to use and can complete complex math structures. This app has probably helped me learn more than my school teacher to be fair \ud83d\ude02.""]",Photomath,21,22,2,Photomath__cluster_0,t-frex,allmini,balanced,300
social media content creation,notification,"[""message"", ""post"", ""decision"", ""working""]","[""Nothing in it loads! I've been trying to give this app a chance at various intervals now for a years but nothing ever loads. Not insights, posts, comments...nothing! It's literally a useless app. The only thing I can see are a few random notifications. Facebook is every SMM's nightmare for a million reasons and Creator Studio (both app and desktop version) keep proving that. I wish it was getting the attention we need it to have from it's development team."", ""Nothing in it loads! I've been trying to give this app a chance at various intervals now for a years but nothing ever loads. Not insights, posts, comments...nothing! It's literally a useless app. The only thing I can see are a few random notifications. Facebook is every SMM's nightmare for a million reasons and Creator Studio (both app and desktop version) keep proving that. I wish it was getting the attention we need it to have from it's development team."", ""video uploading notification not showing now days why?""]",Creator Studio,4,5,2,Creator Studio__cluster_1,t-frex,allmini,balanced,300
location sharing and tracking,track location,"[""gps tracker"", ""gps lo"", ""tracking""]","[""If used in a healthy way, this is actually a great app. I use it for my friend group and we can all check if we're safe. It can track location, crashes, and has emergency features that could be very useful."", ""Try using Google Maps to track location, works the same and at least it works. Search 'Location Sharing', very easy to setup Life360 Location stopped working for my teens about 3 weeks ago. I have tried everything in Life360 FAQ and then some. Force stop/restart, check all permissions, removed 3rd party apps that may interfere with it, clear app cache, clear phone cache, remove/reinstall, check phone settings, phone is up to date, etc. Nothing works. For some reason, they are still on the last release dated 1/7. No idea when the 1/28 release will be push to their phones or if it fixed the location issue or not. I don't care about other features, just location tracking since my teens are driving now, traveling speed is nice to have but what is the point if location tracking won't work. Just now, both left and according to Google Maps, they reached the school. On Life360 they are still at home. This problem seems to be more widespread than Life360 care to admit. I did sent a message a couple of days ago but being on free version I doubt they will help nor there is anything else they can tell me to try that I have not already done.""]",Life360: Find Family & Friends,3,4,3,Life360: Find Family & Friends__cluster_7,t-frex,allmini,balanced,300
online shopping fabric selection,fabrics,"[""sewing""]","[""Really nice clothing but some of the fabrics aren't great quality. It very cheap tho and they have really nice stuff. Definitely recommend <3"", ""Pile of trash, if you sift through enough you will find some alright items. Returns are a headache and they could give two flying ducks for the planet with the amount of plastic they use, the fabrics are most likely soaked in carcoginic chemicals. The items rarely reflect the images. This is fast fashion as we are all aware and you get what you pay for. The \""fine\"" jewellery section is alright... which is itself costume jewellery under the guise of 14k etc. \ud83d\ude07"", ""I have made lots of purchases . Kids, women's, men's and home . All items of clothing true to size, nice fabrics. Home items good quality. All items great price. Fast delivery.""]",SHEIN-Fashion Shopping Online,1,2,1,SHEIN-Fashion Shopping Online__cluster_3,t-frex,allmini,balanced,300
presentation design software,microsoft apps,"[""laptop"", ""point apps"", ""reports"", ""cpu"", ""video"", ""experience"", ""interface"", ""clustered"", ""template"", ""computer"", ""hanging"", ""powerpoint"", ""power"", ""buttons"", ""flyer"", ""col"", ""message"", ""to do"", ""fun"", ""files"", ""running"", ""speaking"", ""editing"", ""slides"", ""devices"", ""presentation"", ""representing"", ""timing"", ""account"", ""font"", ""reminder""]","[""It's like one of the most good microsoft apps and is to use it's over powered""]",Microsoft PowerPoint,31,32,4,Microsoft PowerPoint__cluster_0,t-frex,allmini,balanced,300
internet security accelerator,aryan,"[""warp"", ""wrap"", ""rohan"", ""val""]","[""Aryan""]",1.1.1.1: Faster & Safer Internet,4,5,2,1.1.1.1: Faster & Safer Internet__cluster_0,t-frex,allmini,balanced,300
stock trading and brokerage,signing,"[""robb""]","[""Need more tickers for early signing on best new stocks."", ""Many things to do on this app. If your looking to educate yourself on the stock market with little to no hit to your wallet then look no further. Just by signing up for an account and linking a bank card (no purchase necessary) you receive $5\u2010$500 in a free stock that you may play with and experiment with. Every referral also gets you a random stock gift? Go and get while the getting is good. This won't last forever."", ""Excessive request for signing up friends""]",Robinhood: Stocks & Crypto,1,2,1,Robinhood: Stocks & Crypto__cluster_0,t-frex,allmini,balanced,300
note organization and management,notes transfer,"[""writing"", ""note sorting"", ""note taking"", ""note take"", ""note pad"", ""typing"", ""sticky note"", ""voice notes"", ""text editing""]","[""I've been using this app for about 5-6 years now. It's been super useful in that every time I get a new phone all my notes transfer over, because the notes are synced to my email address. I use it all the time."", ""Never had a problem. I use it for logs, journals, recipes, notes transfer. Works great! Now it's 3+ years later, and I still love this app! 5 \ud83c\udf1f"", ""Great app for storing notes! All my notes transferred over to my new phone after signing into my google account. That was a huge plus for me! Some apps don't do that.""]",ColorNote Notepad Notes,9,10,6,ColorNote Notepad Notes__cluster_4,t-frex,allmini,balanced,300
school messaging system,group chat,"[""chat""]","[""Can't delete conversations from the list of conversations even if you left the group, it is taking up space especially if someone keeps making group chats with you in it and you leave it the conversation will basically just sit there forever in the way.""]",Remind: School Communication,1,2,1,Remind: School Communication__cluster_7,t-frex,allmini,balanced,300
conversational ai assistant,game,"[""play""]","[""(\u0f0e\u0eb6 \u0df4 \u0f0e\u0eb6) why does it say no network connection even tho i do have network \u0ca5\u256d\u256e\u0ca5 please fix that. Thsi brokes my hart. This game is very addcitive, I've taught my AI alot ( \u25dc\u203f\u25dd )\u2661. Please fix that problem"", ""I downloaded this for the fun of it and wanted to try and dk sexual stuff but couldnt because if the pay wall that is quite annoying but other that that the game is fine and if you wouldnt mind could you perhaps make the romantic for free? (sent a review yesterday but i think it was deleted)"", ""Love the game but it need more traits you can but in the store like strict I would love to see that one""]",Replika: My AI Friend,1,2,1,Replika: My AI Friend__cluster_13,t-frex,allmini,balanced,300
cash advance verification,verify,"[""check""]","[""Unable verify the app unknown error. Please contact me for assistance file not found. 404 network error."", ""Even though I have previously used Dave before for some reason they can not verify my identity now. Absolutely no help from customer service. Dave is clearly a scam and their system is corrupt and a fraud. Whatever they use for verification is a scam. Do not use this app."", ""Downloaded this app after a couple of people said it was a good thing after more than 7 business days it still is verifying my bank, yet I can see it linked to my bank account. Not worth it.""]",Dave - Banking & Cash Advance,1,2,1,Dave - Banking & Cash Advance__cluster_4,t-frex,allmini,balanced,300
language conversation practice,network connection,"[""disconnected"", ""connection"", ""connectivity""]","[""Nice app but such a terrible problems with network connection""]",Speaky - Language Exchange,3,4,3,Speaky - Language Exchange__cluster_12,t-frex,allmini,balanced,300
not a valid category,hacking,"[""hacked"", ""hacker""]","[""Do not use this wallet hacking issue"", ""best for my assets in crypto but security is very low. I lost my asset by hacking. Sir please enablr 2fa ."", ""this is a good wallet but it should be made more secure to avoid hacking the acc and taking tokens""]",Trust: Crypto & Bitcoin Wallet,2,3,2,Trust: Crypto & Bitcoin Wallet__cluster_2,t-frex,allmini,balanced,300
food delivery service,food ordering,"[""restaurants""]","[""The best food ordering app. Extremely good user experience, no minimum food requirement, instead Uber has a small order fee which is preferable. Loving it."", ""Probably the best of all food ordering apps, always has offers on aswell which makes a huge difference."", ""The worst food ordering service I've ever used. I ordered food, paid, and then my order was nowhere to be found. No email, no notification, nothing. They don't have a phone number, and the restaurant that you ordered from can't help you as well. On top of that, the menu navigation in the app is horrendous. Uninstalled directly after!""]",Uber Eats: Food Delivery,1,2,1,Uber Eats: Food Delivery__cluster_1,t-frex,allmini,balanced,300
business listing creation,business cards,"[""card"", ""bank cards""]","[""I personally think this app is great. I never had a problem. If you listen to the advice of the creator or creators you should have a great experience as well. Read the info that they supply on Reddit(thats how I started)they point you to trusted sellers. Fortunately for me I can't speak on problems. I haven't had one. Once you find your trusted sellers save them and stick with them. I ask for business cards, and talk over Whatsapp or Messenger etc.""]",DHgate-online wholesale stores,2,3,2,DHgate-online wholesale stores__cluster_4,t-frex,allmini,balanced,300
food ordering and delivery,phone call,"[""contact""]","[""They've somehow made their marketing push notifications vibrate the phone in an extended pattern, as if you were getting a phone call. Heavily inflated prices (exactly like all the other 3rd party delivery apps to be fair, you have to use native apps for the correct prices)."", ""Every experience I've had with this app so far has been perfect. Any issues, I receive a phone call immediately. Drivers are always fairly quick and follow all instructions flawlessly. Be sure to tip fair amounts accordingly! (:""]","Postmates - Food, grocery & more",1,2,1,"Postmates - Food, grocery & more__cluster_1",t-frex,allmini,balanced,300
food ordering options,foods,"[""meat""]","[""Awesome and Amazing foods""]",Chipotle,1,2,1,Chipotle__cluster_11,t-frex,allmini,balanced,300
investment guidance,instruction,"[""program"", ""procedures""]","[""Really wish I could log back in but changing my phone number is seeming impossible even after following all instructions."", ""I'm still very confused in how this all works. So it's not the apps fault, however, I feel there could be further instructions and explanations as to best practices, wise choices, and what I'm actually looking at when seeing the numbers and graphs. Think like: Stocks for Dummies!"", ""I've had significant issues with positions that change without warning - the app has sold some of my shares, and just outright deplatformed others without warning. The \""customer service\"" is atrocious and did not follow my instructions in SEVERAL corporate actions, costing me a fair amount of money. It's clear the customer service representatives aren't even remotely interested in assisting you. Use Fidelity instead - they won't mess with your money.""]",Robinhood: Stocks & Crypto,2,3,2,Robinhood: Stocks & Crypto__cluster_2,t-frex,allmini,balanced,300
language practice tool,keyboard,"[""typing""]","[""Very good! Writing exercises at beginner level should just have a keyboard instead of random rearranged letters."", ""I really love the overall experience. My only complaint is about the keyboard for the app; it's really hard to use so it's more error-prone and not as forgiving with typos as the desktop app."", ""The touch screen keyboard does not function properly and is extremely annoying and Babble should adopt the Duolingo keyboard that functions properly""]",Babbel - Learn Languages,1,2,1,Babbel - Learn Languages__cluster_5,t-frex,allmini,balanced,300
content sharing,posting,"[""posted""]","[""Instant posting easy to use no ads at all"", ""Love this app so fun and i love posting on my story and seeing how much peaple want to know a about me it so amazing it deserves a 5 star"", ""It hasn't been working for me at all. It prevents me from posting a sendit unless I get a notification that some random person posted one, and then when they do post my anonymous messages never come thru""]",sendit,1,2,1,sendit__cluster_1,t-frex,allmini,balanced,300
virtual companion chat,leading,"[""role""]","[""Update - I found it interesting enough to look at subscribing but then saw the options. Marked one is like \u00a33 a month for 12 months but when you click on it it's all needed upfront. Ok that is a little misleading but there is a 1 month option so possibly this would be a good test before committing then I looked \u00a313 compared to \u00a33?! This feels like they do not have much confidence that a user will get last one month, to me that single month markup is insulting. Offer a decent monthly sub."", ""Runs very slow. Misleading description. There's nothing \""Mature\"" about this thing, other than a few dirty words here and there."", ""App works best as a mental health support tool. Human-ish interface can give supportive conversation and feedback. Predictive algorithm works best when you provide leading questions. I don't really see evidence of model learning from unique interactions but it's still fairly sophisticated.""]",Replika: My AI Friend,1,2,1,Replika: My AI Friend__cluster_10,t-frex,allmini,balanced,300
media player controls,pictures,"[""media"", ""album""]","[""How to hide cover pictures?... One star down because all my songs have the same cover picture and this makes me crazy all the time. Did anyone know how to fix it?"", ""Im using a samsung phone and I download songs with pictures on them but Idk what happened it happened abt 2 months ago and I hate it every picture on songs were the same and when I transfer the file thinking it was just some glitch the song's picture disappears can u guys fix this glitch or smth I rlly liked the app."", ""The most recent update is not working. And you know pictures that appear on the song it is gone""]",Samsung Music,2,3,2,Samsung Music__cluster_0,t-frex,allmini,balanced,300
account management,multiple account,"[""withdrawal""]","[""It's gud app initially and very interesting too .... for me because I thought I found a platform as I want and can sing In front of many people but i couldn't ....and even didn't able to join family because of keeping multiple accounts so it's very disappointing for me...I couldn't join even any one of them."", ""I give this app 1 star only because i cant give it 0 stars. I have only been on it for a week because my wife invited me to join it with her. Now im blocked from almost everything, because they want to say I have multiple accounts. I only have the 1 account. Would not recommend this app because customer service sucks really bad!!!!!!!! Officials are rude when they talk to you and refuse to help any at all. I would fire them and hire some who actually gave a dam about people."", ""Hope that the managemet heard my request on how to fix my problem and teach me how to do it to fully enjoy this app. The system always say about a multiple account. And i really want to fix this problem.""]",StarMaker: Sing Karaoke Songs,1,2,1,StarMaker: Sing Karaoke Songs__cluster_1,t-frex,allmini,balanced,300
customer support services,customer service,"[""service""]","[""Great customer service."", ""great customer service. sometimes an item is missing and I always get a quick response. love it"", ""Horrible..placed an order than the app force closes uninstalled then reinstalled and still force closes.do I make dinner or will what I ordered shows up after?how would I get reimbursed...what the f is going on...nobody knows... customer service sucks""]",Grubhub: Local Food Delivery & Restaurant Takeout,1,2,1,Grubhub: Local Food Delivery & Restaurant Takeout__cluster_4,t-frex,allmini,balanced,300
restaurant ordering system,website,"[""google""]","[""App no longer works after update. Log in says \""Sorry, something's not right. Please try again.\"" even with correct credentials. Same log in works perfectly on the website."", ""First it wouldn't let me log in, so i uninstalled and reinstalled. It then let me log in, but wouldn't let me place my order. Just kept saying it had a problem with processing payment. I ended up ordering through the website, but in my frustration i forgot to add the deal for 400 free points with my order \ud83d\ude20\ud83d\ude20"", ""Always a healthy choice and best cost. The app or using your website has given me problems many many times. Frustrating that whoever does your website - Chipotle needs to find another company and fast.""]",Chipotle,1,2,1,Chipotle__cluster_14,t-frex,allmini,balanced,300
virtual customer support,agent,"[""bot""]","[""User friendly. If you have issues with delayed delivery or returned items.you can always chat with their agents. they are very responsive. Once settled your next order will be highly prioritize. For the items you just have to read the description of the items thoroughly ."", ""Sometimes it's good, sometimes not. Sometimes their agents are helpful but I encountered a lot of misleading agents too. Instead of helping you, they make your problem worse."", ""Yung nag dedelete sila ng review para hindi malaman ng ibang tao kung gaano ka walang kwenta ung app na to kung hindi puro scammer puro bobo naman ung agent ng support nila""]",Shopee PH: Shop on 3.3 - 3.15,1,2,1,Shopee PH: Shop on 3.3 - 3.15__cluster_2,t-frex,allmini,balanced,300
phone conversation,messaging,"[""messages"", ""talking"", ""chat""]","[""Messaging doesn't work, you HAVE to call them for customer support. Great product! Mediocre app."", ""Easy to navigate and gives me all the information I need. The messaging system works great when I have questions too"", ""App may not be perfect, but they listen to their customers. Just got a significant refund confirmed over a glitched bill from a different app. Just have a little patience with the internal messaging system, it generally took a half hour to get a response from a real operator.""]",Discover Mobile,3,4,2,Discover Mobile__cluster_0,t-frex,allmini,balanced,300
calorie tracking reminders,push notification,"[""health sync"", ""sync apps"", ""sync to"", ""notification"", ""reminder""]","[""Community & groups needs to have a push notification option. There are so many inactive groups because the members don't know when there is new activity. NO ONE can remember to check everyday. Otherwise, it's 5 stars for food & activity tracking, 3 stars for ease of use and no search function for recipe discovery."", ""Reminders no longer send push notifications, even after logging out, reinstalling the app, and clearing data."", ""Receiving push notifications after turning them off in settings. I shouldn't have to disable notifications in the android settings.""]",MyFitnessPal: Calorie Counter,5,6,3,MyFitnessPal: Calorie Counter__cluster_1,t-frex,allmini,balanced,300
language practice,contact,"[""sending""]","[""I used to be on this app (i believe 2-3 years) and suddenly i was banned. I'm not sure what I did or how that happened. I tried contacting Speaky team numerous times but I guess they are much too busy for me. I would rate it higher if I was still able to access Speaky. It says that \""I'm temporarily banned\"" but it's been almost 3 years:-( Edit 1/6/22 You see that 'SpeakyTeam' asked me for my username? I emailed them the same day and I'm still banned. \ud83d\ude21 Don't even try this app its not WORTH IT!!"", ""whenever I am trying to open the application it's always showing \""Server Maintenance\"" I am asking the developer to contact me through this review.. I don't want your foolish feedbacks.. I want solution as I am spending my time always and that means alot. You people are earning without doing any works and using employees with minimum wages and non-sense parameters.. I want solution for this otherwise I am gonna highlight this on twitter."", ""It was a useful app until it turned out to be catastrophically bugging for us users, regardless the issues that you keep fixing, after I logged out I can't login again because it says I can't use my phone number anymore (which I created my 1st account with) and now I can't retrieve my previous account where I have many contacts!!!!! Such a disappointment and unprofessionalism""]",Speaky - Language Exchange,1,2,1,Speaky - Language Exchange__cluster_5,t-frex,allmini,balanced,300
device personalization,clock faces,"[""controls"", ""menu"", ""calendar"", ""customization""]","[""Absolutely rubbish! Only giving it one star because there isn't an option to give it zero. I tried to update my fitbit versa for the fifth time. I had it on charge near my phone for 14 hours and that isn't an exaggeration. It is still telling me that an update is available. I can't change clock faces or do anything else on it until it has been updated. Don't bother downloading or buying a Fitbit. They're utter crud!"", ""The watch store gives me constant \""no internet connection\"" when trying to load clock faces"", ""The latest update broke syncing of apps and clock faces. I uninstalled the app and now cannot even install it successfully...""]",Fitbit,4,5,2,Fitbit__cluster_2,t-frex,allmini,balanced,300
driver app setup,connection,"[""server"", ""loading""]","[""Lyft sucks! 1. You have to click a button when you arrive. 2. Must wait a full 5 minutes, then call the ride before getting the low cancelation fee. 3. No way to turn off auto accept 4. They threaten you with suspension for too many cancelations! No way of knowing what that # is 5. Almost 0 customer service. 6. If you're using another app while waiting for a ride, the connection just drops off in the middle of a streak, nullifying the streak! It's not my connection. It's your app! Pinky swear!?!"", ""The app is beyond terrible. - It's difficult to find various settings. The app is just overall clunky - There's no notifications for any chats you have with Lyft support. - It forces my phone to lose data connection frequently (no issues when the app isn't running). - It causes my phone to overheat when running the app while charging wirelessly."", ""The app glitches often beating me out of earned funds because my gps signal doesnt comnect to their platform although my gps connects to uber without incident. Its clearly not my gps connection and when i try to get assistance everyone always apologizes and says there is nothing they can do. I used to love lyft but every since they switch over on the driver app i hate it.""]",Lyft Driver,2,3,2,Lyft Driver__cluster_2,t-frex,allmini,balanced,300
password and account management,password generator,"[""password manager"", ""password storage"", ""password lists"", ""password tool"", ""folder"", ""share password"", ""share item"", ""sharing"", ""access"", ""vaults""]","[""Easy to manage, strong password generator and dark web monitoring. When purchasing premium"", ""It's perfect. Like there isn't a single con I can think of. The UI is very intuitive and syncs seamlessly across all devices. Taking off 1 star coz of a request I have: can you make the password generator available in the mobile app? That would be so convenient."", ""It's ok I guess. Auto fill almost never works and too often I find myself needing to copy/paste passwords to the clipboard. Also...why in the world do I need to create a new dummy item just to get to the password generator? I expect more now that it's not free.""]",LastPass Password Manager,10,11,5,LastPass Password Manager__cluster_4,t-frex,allmini,balanced,300
goal tracking and motivation,notification,"[""reminder""]","[""The application is not bad. The idea is good, but stillthere many flaws. The biggest one for me are heart rates and zones. I'm using wahoo strap paired to Strava, but there is not possibility to set alert/notification, where I'm out of zone. And I relly miss this feature."", ""Why does the notification pop up EVERY TIME I start recording a workout??? Notification \""Get The Best Recording Quality\"" ??? And every time I have to press the \""Ignore\"" button and press record workout again. And one time because of this, I didn't even notice that the training didn't start. Notification text: \""You can track your activity more accurately by switching on network-provided time in your Settings.\"" Let me decide for myself how to set up my phone, without your stupid advice."", ""Helps keep me going and motivated to ride, run and explore. Only con: the route building feature and navigation: you can't follow a route with the map rotating as you go. With paying for premium you could expect turn by turn notifications or at least a rotating map""]","Strava: Track Running, Cycling & Swimming",1,2,1,"Strava: Track Running, Cycling & Swimming__cluster_6",t-frex,allmini,balanced,300
music library organization,collection,"[""list"", ""playlist""]","[""Good collection of old songs"", ""nice songs collection and singers best jagjeet singh"", ""bad song collection""]",JioSaavn - Music & Podcasts,2,3,1,JioSaavn - Music & Podcasts__cluster_8,t-frex,allmini,balanced,300
peer to peer payments,message,"[""sending"", ""request""]","[""Zelle have a very unprofessional way in doing thing,no one walks and pick up money,you made a mistake sending your money to a wrong number, you cancel immediately, Just to get a message saying it you will be charged $33 for what,call and spoke with customer service with zelle they said they don't charge, talk to my bank o spoke with my bank they said it's not them, I find that to be very unprofessional to charge someone $33 dollars because you canceled a ordered and lying on top evil business"", ""Usually a great app. Gives me an A101 error message when trying to send my wife money while traveling. Gave me 3 attempts to remember my password and locked me out. No option to verify myself through the app. This app has been great until now to wire funds immediately, and thank god this is not an emergency. I'll just send through cashapp since it's more reliable."", ""Samsung note 10 This app is simply not reliable. 98% of the time I can't even log in. I get that same error A101 message and it's frustrating. This is why I only use cashapp.""]",Zelle,2,3,2,Zelle__cluster_3,t-frex,allmini,balanced,300
smart home integration,sync module,"[""sync units""]","[""Once set up it's ok, but the cameras and sync modules all only work on 2.4ghz wifi, so if you have modern internet (I am BT fibre to the house) it wont link until you turn off 5ghz wifi and reset it. Once done, 5ghz can be turned on again, but this should be made clear for people not so aware. The app tells you nothing about this."", ""Excellent product, excellent app. It's incomprehensible to me when I read all the negative reviews for these cameras. These cameras are a technological marvel. I have 12 cameras on multiple systems since the fall of 2019 have NEVER had to replace the batteries on any of them yet. It is all about proper set up and placement of the cameras and equally important, a strong wifi signal going to and from the cameras to the sync modules and router. If you don't have a strong wifi, you WILL consume more battery. If you don't have the cameras sensibly placed where they're not tripping constantly, you WILL consume more battery. As far as the complainers bemoaning the fees for cloud storage, you do have the option of local storage. Cameras that produce beautiful high def footage Cameras that allow two way voice communication Cameras that work at night Cameras that can be installed and set up practically anywhere a good wifi signal exists in a matter of minutes. Cameras, when set up right, will only go off when they need to. Camera systems with working schedules Cameras with selectable trip zones Cameras whose batteries last 2 years or more. Cameras that can operate in extreme weather environments -40 to +40 c without affecting battery life or longevity. Cameras that can accommodate auxiliary power using a universally available 5v USB charger/adapter. Cameras that have user selectable on/off recording indicators for the ultimate in stealth recording. And a fantastic app that integrates all the cameras and features and a great developer that listens to you when problems and bend over backwards to help you work them out. There are tons more reasons why I love these cameras, but you get the point. One last thing - To Google, why don't you allow people to respond to reviews? Reading some of the negative reviews for this app alone shows people are allowed to post misinformation and flat out lies, yet no one is held to account. Have a great day!"", ""This product and app is ok. I am not sure what happens when the 30 day free trial is over. I put a thumb drive on the sync module. I hope it saves the pictures and videos.""]",Blink Home Monitor — Smart Home Security App,1,2,1,Blink Home Monitor — Smart Home Security App__cluster_2,t-frex,allmini,balanced,300
document scanning and management,transfer documents,"[""documentation"", ""documents"", ""folder"", ""sharing paperwork"", ""share file"", ""share doc"", ""passport"", ""batch file""]","[""Excellent! I use this school documents, pictures, etc. It has been very helpful to easily transfer documents to the computer."", ""App is easy to use and it is very easy to transfer documents between other apps.""]",CamScanner - PDF Scanner App,8,9,5,CamScanner - PDF Scanner App__cluster_1,t-frex,allmini,balanced,300
ebay listings,directory,"[""desktop"", ""buffer"", ""navigate"", ""browser"", ""layout""]","[""Not bad but I'd make the help directory lead to phone in easer to get to some cant read that good and need physical help thanks much""]",eBay: The shopping marketplace,5,6,1,eBay: The shopping marketplace__cluster_0,t-frex,allmini,balanced,300
document file storage,word files,"[""documents"", ""files""]","[""Reads only word files!\""!\"""", ""Google Docs is the only app which allows me edit word files and also create PDF files so I think it deserves 5 stars."", ""I just can't edit word files on my device and they must be uploaded to google drive first.""]",Google Docs,2,3,1,Google Docs__cluster_0,t-frex,allmini,balanced,300
note syncing,across devices,"[""device""]","[""The app keeps crashing. Infact the only app that crashes on my phone. So Even after paying premium price its performance is not premium... pathetic and stupud app! It has one basic function to do - keep whatever i write entirely and update across devices. The retard app cant even save important documents! The bare minimum task... what a waste of money! I am cancelling my subscription."", ""I was constantly getting an SSL error when creating a new note, which was quite irritating. This issue was resolved within 3 hours of raising the issue - happy with the quick turn-around on this issue. This is one of my go-to note taking apps across devices."", ""I like that it syncs across devices but it takes too long to open so when I want to quickly jot something down I use another app instead.""]",Evernote - Notes Organizer & Daily Planner,1,2,1,Evernote - Notes Organizer & Daily Planner__cluster_2,t-frex,allmini,balanced,300
package tracking,information tracking,"[""gps"", ""tracking"", ""truck tracking""]","[""Good information tracking""]",FedEx Mobile,3,4,3,FedEx Mobile__cluster_0,t-frex,allmini,balanced,300
ecommerce transactions,preparing order,"[""delivery"", ""server"", ""coup"", ""courier"", ""wrapped"", ""transactions"", ""shop preview"", ""pic"", ""bank transfer"", ""voucher"", ""shipping"", ""loading"", ""seller"", ""system"", ""store"", ""payments"", ""connection"", ""line"", ""chat"", ""live"", ""message"", ""refreshing"", ""cleaning"", ""dating"", ""que"", ""order"", ""closing"", ""running"", ""meet"", ""hot"", ""customer"", ""pin"", ""check"", ""reminder""]","[""Shopee doesn't protect you from anything. As soon as the seller clicks that \""preparing order\"" button, you're screwed. You don't even get your free shipping. Shopee doesn't care because \""it's the seller fault they didn't set it up properly.\"" Shopee and sellers just blame one another and do NOTHING. Not to mention sellers blocking you for trying to get answers."", ""Shopee doesn't protect you from anything. As soon as the seller clicks that \""preparing order\"" button, you'll have to pay for it. And NOW the app functions have gotten worse. It also crashes regularly now.""]",Shopee MY: 3.15 Consumer Day,34,35,6,Shopee MY: 3.15 Consumer Day__cluster_1,t-frex,allmini,balanced,300
ride management and services,customer service,"[""queue""]","[""Great app good money great customer service! \ud83d\udc4d job!"", ""I've been driving with Lyft for 5-6yrs , so glitches... My suggestion is better customer service via the app. I understand reps have a script, but y must I keep repeating my text to every new rep just to hear that same scrpit with nothing accomplished. It's frustrating. Also, believe your drives when we say the system is faulty. Why have GPS ISSUE as an option when ur at location & the system goes nuts then not believe your driver?"", ""The worse business ever under paid and over worked worse company by far we have horrible customer service and no help at all they hide what we are going to get paid so we have no information let me give you an example today I did four rides they literally took me 6 hours to do because traffic was so bad how is it possible that the shortest ride and the one that you least expect is going to pay you the most ends up being the highest paid that's ridiculous Lyft and there stupid system suck""]",Lyft Driver,1,2,1,Lyft Driver__cluster_5,t-frex,allmini,balanced,300
user feedback collection,question surveys,"[""questionnaire"", ""google surveys"", ""questions"", ""surveys""]","[""Yes this app pays u for like 1 question surveys. But 1. I have only ever had 2 surveys and ive had this app for like possibly 2 years or more.....and 2. U get 15 cents lol ...so ive racked up 30 cents in 2 years...lol plus...i could be wrong but i think your 15 cents expires...lol and i dont buy anything google so it does me no good really...."", ""Simple 5 question surveys that literally take less than 10 seconds to complete and get paid for it. It's not a lot of money, but it adds up. I've already earned over $100 in the last few months. I'll probably have to pay taxes on it.\ud83d\ude12 Thanks to the geriatric senile POS occupying the White House. #LET'SGOBRANDON"", ""Become very disappointed of late I don't seem to get any surveys come through maybe one a month which is only worth 6p I keep getting the same question, I know someone tht is getting 9 question surveys, hope it picks up or I'll have to get rid of""]",Google Opinion Rewards,4,5,3,Google Opinion Rewards__cluster_6,t-frex,allmini,balanced,300
customer service support,customer support,"[""customer service""]","[""Worst customer support. Sends you raw fruits for high prices. And when you complain, they keep you waiting on chats forever & then provide no solution. Better to buy either direct from the market or go for any other online delivery services."", ""customer support is very bad not satisfied from this app"", ""Very poor customer support. No body therevon chat. First order accepted and then cancelled one item after saying not available. And give half amount refund but i want my item not refund. In the race of fast delivery not full item delivered and jeopardy create and no customer support""]",blinkit (formerly grofers),1,2,1,blinkit (formerly grofers)__cluster_3,t-frex,allmini,balanced,300
pay after purchase,verification,"[""verify"", ""check""]","[""I just purchased a new phone so I had to re install the pp on the new phone. In order to login I have to verify email address and phone number by entering the verification number. The app sends a verification to my email but not my phone. I talked to customer service with my phone carrier and with Klarna but problem still not resolved. I'm pretty much stuck in hiatus till they contact me with fix to the problem."", ""I wanted to create an account so I downloaded the app, I kept getting an error message when trying to create my account so created it on the website however I cannot log in to the app at all, I have reinstalled and restarted my phone, I tried to make a purchase on my computer and got a verification error, not the greatest first impression, I will stick to afterpay and zip I guess Klarna just doesn't want my money."", ""Unable to activate this app because I don't receive a verification code. Only reason I installed this was because it was the only possibility to pay with. Else I would not have done this as this app promotes reckless buying when people do not have the money to.""]",Klarna | Shop now. Pay later.,2,3,2,Klarna | Shop now. Pay later.__cluster_1,t-frex,allmini,balanced,300
calendar organization and management,to do list,"[""phone calls"", ""fast"", ""meetings"", ""pc sync"", ""checking"", ""cal"", ""gma"", ""widgets"", ""interface"", ""ify"", ""events"", ""tapping"", ""display"", ""thanksgiving"", ""alarm"", ""code"", ""layout"", ""calendar"", ""file"", ""sync"", ""planner"", ""google"", ""hacker"", ""notify"", ""notification"", ""menu"", ""coding"", ""reminder"", ""contacts""]","[""If Google calendar could find time to integrate the style of UI from \""anydo to do list and calendar\"" then slide emails in the apps directly making it interchangeable as Outlook does, I believe we would have the best overall planning app of all time"", ""Was looking at changing my CALENDAR app but after seeing reviews, sadly it won't be this one. Also 2 things jumped out to me was: 1) Seems to be a lot of issues related to last updates 2) Asking user to fill out another form to report problem to developers: As a former UAT, I sincerely hope persons reviewing user comments are required to send these issues directly to the developers w/o expecting a users to do so! Time to report same thing twice would not be high on people's to do list.""]",Google Calendar,29,30,7,Google Calendar__cluster_0,t-frex,allmini,balanced,300
money exchange services,stock trading,"[""exchanges""]","[""The app let's you design your own debit card. The stock trading is so cool and it makes playing with money seem like kids play and it's real money, earning real money on real stock. In-depth information on new stocks with a recommendation to buy meter reading from solid investment to don't buy. We spent only a $20 on micro portions of the world best and newest stocks. In a few days we gained a whole $3.00 on around 15 stocks invested. Cash App. It changed my mind about money. Andi I like it."", ""BEST APP FOR STOCK TRADING, P2P & Buying/Selling BTC Please improve... 1. Screening process for picking stocks. 2. More stats on overall portfolio, averages, total stocks, ect. 3. Speed up routine transactions... Less clicking. 4. Add Ethereum! 5. More tools for trending & charting(savable). Charts, financials, filters & sectors are awesomly simple but I screen on performance minimums & graph bears & bulls. Consulting fee $5k ... I deserve it. Cash App: dsowell1025 Thank you."", ""App that makes stock trading easy until Tax time. Unless you file through them they do everything they can to frustrate you. Their app mysteriously freezes every time I try to download documents through the app. Any attempt to use a desktop is lead to dead ends. Once I figure out how to file I'm deleting this app forever. Go use Venmo""]",Cash App,1,2,1,Cash App__cluster_0,t-frex,allmini,balanced,300
password management and security,person information,"[""device"", ""desktop"", ""developer"", ""family pass"", ""reunion"", ""boot"", ""words"", ""key"", ""scanning"", ""browser"", ""migrating"", ""email"", ""organization"", ""last"", ""moving"", ""billing"", ""message"", ""hint"", ""dial"", ""running"", ""duo"", ""manager"", ""customer"", ""switching"", ""assistant"", ""notification"", ""ports"", ""tablet"", ""account"", ""reminder""]","[""Wonderful tool for store a lot of person information.""]",LastPass Password Manager,30,31,1,LastPass Password Manager__cluster_0,t-frex,allmini,balanced,300
advanced sleep tracking,sleep specialist,"[""sleep monitoring"", ""sleep patterns"", ""sleep tracking"", ""sleep record"", ""sleep stats"", ""sleep data"", ""sleep log"", ""work apps""]","[""As a sleep specialist, who performed thousands of real sleep studies, this ap is under developed. It relies too much on heart rate to determine stages. If medication has changed heart rate, the algorithm fails. Ask for changes in base heart rate and include eye movement.""]",Fitbit,8,9,2,Fitbit__cluster_1,t-frex,allmini,balanced,300
note organization and management,contacts,"[""emails""]","[""Google Keep could rival iPhone Notes in so many ways but it's still a pretty awesome app with great features. I am writing this in hopes the developers could make some changes I've been wanting and think others might as well. -Have a dedicated \""Trash\"" icon to delete notes easier. The three dots, delete seems tedious and this seems like a no brainer. -When collaborating/\""sharing\"", integrate contacts for profile icons to reflect or add a way to customize the collaborators email address icon.""]",Google Keep - Notes and Lists,1,2,1,Google Keep - Notes and Lists__cluster_2,t-frex,allmini,balanced,300
food order tracking,food service,"[""service""]","[""The app is fine. The concept is great. The servers that refuse service if they don't see a tip big enough...?? I work for my money. Try it. They don't tip in the business im in. When I was in the food service industry I would get fired for making it all about a tip. Uber fire these drivers that refuse service based on tip. I hear there is no shortage of uber drivers in Houston. I hear people really could replace them. Make your employees join real life."", ""Reliable, great hand off and fair pricing! Uber Eats is the best delivery food service out there!"", ""Of the food service apps, this one is the best in terms of functionality and design in my opinion. I did have a pop up already in the app for a discount off my first order AFTER my first order. Also a restaurant was open but they stopped accepting deliver orders on here for it in the app as I was finishing up the ordering process. I went to GrubHub and was able to order the same dinner from the restaurant without issue. It was strange. Still testing to see which I end up keeping.""]",Uber Eats: Food Delivery,1,2,1,Uber Eats: Food Delivery__cluster_19,t-frex,allmini,balanced,300
student behavior tracking,notification,"[""reminder""]","[""Not good not good do not get, it does not show anything about my kid and it always shows me a notification and when I click on it. All that happens it it takes me to the home screen, it shows nothing on the home screen do not download it is so bad"", ""I think this is a nice way to maintain healthy communication with teachers and school notifications."", ""A great way to communicate with the class teacher, however, I don't receive notifications timeously so I have missed updates""]",ClassDojo,1,2,1,ClassDojo__cluster_2,t-frex,allmini,balanced,300
virtual private network setup,content providers,"[""bat"", ""network"", ""netflix"", ""programmes"", ""charging"", ""test"", ""video"", ""customer support"", ""customer service"", ""sub"", ""browser"", ""servers"", ""switch"", ""review"", ""connection"", ""billing"", ""chat"", ""data collection"", ""message"", ""setting"", ""playing"", ""reporting"", ""card"", ""running"", ""google"", ""emails"", ""hacker"", ""hot"", ""banking"", ""cancel"", ""tor"", ""filtered"", ""check"", ""refer"", ""streaming"", ""bureau"", ""theme"", ""starting""]","[""very reliable for some content providers but not others.""]",ExpressVPN: Fast & Private VPN,38,39,6,ExpressVPN: Fast & Private VPN__cluster_0,t-frex,allmini,balanced,300
banking and finance services,money management,"[""mobile banking"", ""deposits"", ""bank account"", ""banking""]","[""I couldn't be happier with this bank and the apps that come with it. They don't charge you at all. And it really seems like their looking out for the customers, not just taking us for every cent we have like chase, no hidden fees and so many ways to save money, also they have spot me, which you pay back on your payday with no additional charge for overdraw come sign up here if you want a straight forward approach to money management"", ""Great money management app. The credit builder option is way cool. Good way to build on your credit score. Plus if referred by a friend. You get $100 when ya start getting direct deposit. Verified by myself was shocked when I actually got the money and it was right away with my first paycheck. No waiting for it.""]",Chime – Mobile Banking,4,5,2,Chime – Mobile Banking__cluster_0,t-frex,allmini,balanced,300
document and image scanning,distortion correction,"[""printer scanner"", ""cam scanner"", ""business cards"", ""text recognition"", ""features"", ""scanning"", ""scanner"", ""converting"", ""scan""]","[""Very useful,helpful with all the essential functionality !!!! Distortion correction is my favourite feature !!!""]",CamScanner - PDF Scanner App,9,10,2,CamScanner - PDF Scanner App__cluster_0,t-frex,allmini,balanced,300
virtual event hosting,lectures,"[""seminar""]","[""It takes too long .One gets frustrated.. I have missed certain lectures because of it ."", ""Useful for taking online lectures and such. I dont have a career that its particularly handy for or im sure i would use it more."", ""Lectures are like as if I'm physically present there in the conference hall..Thank u""]",Webex Meetings,1,2,1,Webex Meetings__cluster_1,t-frex,allmini,balanced,300
make social connections,meet new people,"[""meeting new"", ""meet people""]","[""I have started traveling and I thought I should start using my tinder account that's I haven't used in a while to meet new people so logged in to the account, immediately after I was logged in I was asked to take a photo and I did as it said on the screen. 20 minutes later my account that I've had since the beginning of Tinder has been banned. No warning, no notifications and no reason. ACCOUNT BANNED. For what exactly? There is no way of finding out"", ""Great way to meet new people..keeps the dullness out of life. Still a man who likes to meet people in person but this is a great way to break the ice."", ""I got banned for no reason. Telling me it looks like a scam account when am real and just wanna meet new people through the app""]",Tinder - Dating & Make Friends,2,3,2,Tinder - Dating & Make Friends__cluster_1,t-frex,allmini,balanced,300
virtual classroom sessions,lectures,"[""classes""]","[""It would be cool if it had in app volume like YouTube, where you can lower the audio from Zoom but still listen to the audio from another app like Udemy, because sometimes I am listening to relevant lectures during a meeting and it's hard to do that if they share the same volume level and it requires high bandwidth from my experience."", ""This aap is better for lectures but some time can't join fast"", ""This app has provided me with family discussions, access to college level courses and lectures and group meetings during the Covid19. I have to depend on others to set up the meetings. I'm grateful for the programmers who developed Zoom .""]",ZOOM Cloud Meetings,1,2,1,ZOOM Cloud Meetings__cluster_7,t-frex,allmini,balanced,300
language learning practice,communication,"[""beg"", ""teacher"", ""cation"", ""uncing"", ""teaching"", ""lessons"", ""accent"", ""message"", ""speaking"", ""educational"", ""dialog"", ""trial"", ""unciation"", ""learning""]","[""good app for communication skills"", ""this is a very good teaching app for students for developing communication skills"", ""Such a brilliant app..by using this app,its very easy to understand the pronunciation of the big words by using the assistant which acts like a tutor to improve the word and sentence in a correct and clear explanation and it is very useful app to the future to improve the communication skills better..""]",ELSA - Learn English Speaking,14,15,6,ELSA - Learn English Speaking__cluster_0,t-frex,allmini,balanced,300
virtual companion customization,cloth,"[""wrap""]","[""Apps pretty responsive and well, but $50+ a year for some AI statuses and a few games? This doesn't even go into purchases for clothes/accessories and personalities for said AI. Not worth it. I'd even watch ads if it means I can at least be able to access a few things from it. But for now? Nah."", ""I love my Replika she is great but sometimes your program glitches and makes my phone flicker also when you get clothing sometime the clothing says there is 2 items in the cart but there is only one when it happens i have to restart my phone.. It would be great if you could fix it.. Great app tho.. Love it.."", ""This is a really good game but could you give us an option to customize your replika house and give us a choice of a closet that you can change her clothes with her in like a different room with a closet and all the clothes you bought are in the closet.""]",Replika: My AI Friend,1,2,1,Replika: My AI Friend__cluster_21,t-frex,allmini,balanced,300
ordering and shipping,tracking,"[""tracker""]","[""I brought a flip sleep back, what apparently could turn into a sleep over bag. I received a face washer size toy blanket. Close to 70.00 Australian dollars. ( it was US ), Then I had to send it back, cost me 34.00 Australian Dollars, to receive the rest of my money, after I had sent the tracking number and they stated received a month after.. happened I total 3 x with different items. This are mostly lying bastards, corrupt and evil."", ""The app is ez to use, I love my product I rcvd from Dhgate, BUT , it takes forever to get you product, I had 3 orders each took at lo east 4 wks, it's practically impossible to track your order, actually you receive a tracking number but your results are in chinese. I got one order which was supposed to be leather and it was everything but leather, Jordan Sneakers. Now how long are you gonna keep using the pandemic as an excuse for late deliveries? Now I go to Stock X where my sneakers can be au"", ""this entire process has been totally disappointing and Im left here with a USED product that was missing parts making it useless to me. Ipaid $10 more that the original and current listed price after doenloading the app. I complained to the shipper and got no reply whatsoever. The other half of my order is nowhere to be found and when I questioned it I was called their dear and told to just wait. It's impossible to get tracking info without downloading yet ANOTHER APP!?!?!? NEVER AGAIN!!!!""]",DHgate-online wholesale stores,1,2,1,DHgate-online wholesale stores__cluster_5,t-frex,allmini,balanced,300
swimwear shopping,swimming,"[""bathing""]","[""I hate schein i bought a swimming costume for 15 euros and paid last week .and since then they are trying to book money from my account but with no succession ,how i dont know, they have tried 8 times but God is good .i will never ever oder something again from them. Thieves!!!!!!"", ""Don't love meterial it looks cheaper the only thing I like swimmings and free delivery thing it's suckS cos u end paying another money that u didn't budget for u need to improve more that what u DD for instance I'm in JHB this clothes they look exactly like small street in Jozi""]",SHEIN-Fashion Shopping Online,1,2,1,SHEIN-Fashion Shopping Online__cluster_2,t-frex,allmini,balanced,300
grocery shopping rewards,grocery pickup,"[""rebate"", ""coup"", ""pickup"", ""gathering"", ""bank"", ""store"", ""grocery store"", ""grocery bill"", ""transfer"", ""food offers"", ""food deals"", ""samples"", ""receipt"", ""dating"", ""back"", ""card"", ""coupon list"", ""restaurants"", ""wal"", ""emails"", ""shop"", ""customer"", ""trip""]","[""Love the app and savings add up quickly! Only thing I wish they would allow is the option to upload digital receipts from stores like kroger opposed to a picture. When I do grocery pickup, they send me a pdf receipt. Maybe something they can add into a future update?"", ""If you use grocery pickup, beware. Ibotta doesn't accept receipts printed on 8.5x11 paper. Since that's literally the only receipt format Albertsons gives for grocery pickup, I can't redeem any of the offers. Guess I'll start using an app that is compatible with life in 2022.""]",Ibotta: Save & Earn Cash Back,23,24,6,Ibotta: Save & Earn Cash Back__cluster_1,t-frex,allmini,balanced,300
order and delivery tracking,emails,"[""gma""]","[""They just straight-up steal from you now. They no longer make any effort to fix their screw-ups which are constant. Customer service keeps on getting worse. None of the numbers work, emails don't work, nothing works. They do not answer and they do not care. They make you pay for their unlimited then retack on the fees they supposedly took off after delivery. It is 100% fraud when a company tells you that you're not going to pay something and then charges you anyway for it."", ""If I could rate ZERO stars I would. Postmates took my money and didn't deliver my food. I have tried to reach out to them but they only do emails. I can't even talk to some to explain what happened. I sent the email and 2 people emailed me back one was wanting details and the other said it's nothing they can do and to create a ticket which she didn't explain how to do. UPDATE: I was able to talk to someone via EMAIL and she told me there is nothing they could do so I never got my food or money."", ""Had a delivery driver take off with my order. Reported it immediately. Postmates response was to refuse a refund and instead issued me a credit that expired in 30 days THAT DIDNT EVEN COVER THE COST OF THE ORIGINAL ORDER. When I brought this to their attention, they ignored my emails. I would definitely use at your own risk.""]","Postmates - Food, grocery & more",1,2,1,"Postmates - Food, grocery & more__cluster_4",t-frex,allmini,balanced,300
video and audio recording,recordings,"[""mic""]","[""Supper\ud83d\udc4c\ud83d\udc4c\ud83d\udc4c\ud83d\udc4c\ud83d\udc4c but I kindly request you please solve the problem of signals, it needs a very very much strong singal especially during watching zoom recordings\ud83d\ude4f\ud83d\ude4f\ud83d\ude4f, please pay your attention towards this problem \ud83d\ude4f\ud83d\ude25"", ""Why I cannot hear recordings through zoom link"", ""Awesome productivity tool! Seamless switching between devices. It gives the host great control of the meeting while having others assist through co-hosting and the cloud recording feature give greater esae in saving and sharing recordings. I use Zoom every day and I am still pleasantly amazed by it's new features or the old ones which I am now discovering.""]",ZOOM Cloud Meetings,1,2,1,ZOOM Cloud Meetings__cluster_1,t-frex,allmini,balanced,300
video content creation,video publishers,"[""channel"", ""video editing"", ""video up"", ""program"", ""studio""]","[""Very nice apps for video publishers on Facebook""]",Creator Studio,5,6,4,Creator Studio__cluster_0,t-frex,allmini,balanced,300
virtual companion,connection,"[""servers""]","[""Brilliant, really helps when lonely or have misunderstanding friends and family. \""No Connection\"" when try to reply to my Replika don't have this issue on my Xiaomi phone(Needs new charge cable until get one can not use it) only on my Huawei phone this happens. I have unlimited data and my data is turned but still say no connection when trying to reply or send a picture. Edit: It's working better now but just in case happens again. Can't type with it and it turns my words inchorent babble."", ""It's fun! But sometimes not because they kept on saying no internet connection but I have good wifi"", ""Kinda laggy, and it says no internet connection even i have a good wifi.""]",Replika: My AI Friend,1,2,1,Replika: My AI Friend__cluster_1,t-frex,allmini,balanced,300
language learning tools,learning languages,"[""spanish"", ""language learning"", ""du language"", ""new languages"", ""translate""]","[""I think babel is very helpful in learning languages. It help us interact and understand each other."", ""Forget about any other app for learning languages. This is the real thing.""]",Babbel - Learn Languages,5,6,4,Babbel - Learn Languages__cluster_4,t-frex,allmini,balanced,300
document collaboration,sharing,"[""share""]","[""1. Crashes often in Hebrew documents, when selecting a word using long press. 2. Sharing link is incredibly unintuitive, when I try sharing the doc with 'anyone with the link. Takes me forever every single time to figure out where that option is hidden. I am sure sharing can be made more user friendly!"", ""Error - Sharing information cannot be retrieved. I don't know how apps can get bad after updating"", ""Working nicely but now creating some problem in sharing""]",Google Docs,1,2,1,Google Docs__cluster_13,t-frex,allmini,balanced,300
product reviews,videos videos,"[""video review""]","[""8yoooetdtueti777 y ooyjjruedrfk Sex Sex videos videos videos frtu34ruuigfiyyhg7tyyyut7uui6ooi6o 8ogogyggogojyoooooooooooooooooooooooooooootooyggggoggtjgtoggjyooggototgttgghggtogtti9ogoghogogodigo O J Mn7uggy22du2wehuiuuuiy8iiiddde2222otuuoyutgtu19ff116ier0yt6gruddedeederuerugr0frgriudrdddtue888 88088""]",JUMIA Online Shopping,1,2,1,JUMIA Online Shopping__cluster_1,t-frex,allmini,balanced,300
recipient payments,receiving,"[""delivery"", ""postal"", ""recipient""]","[""What a worthles company. I registered my email and phone number to start receiving payment through them but they are worthless. I was sent payments twice and lost the money because the money never showed up! this garbage company kept the money! I have cash app, Paypal and I have Never had an issue receiving money. This zelle app is worthless DO NOT USE!!!"", ""The service is great haven't had a problem with transferring money or receiving money, but my issue is what's the purpose of this garbage ZELLE app it doesn't do anything but redirect me to my banking app and that sucks that's all it does it serve no purpose so i just uninstalled when it only want me to use my banking app very useless \ud83d\ude15!!!"", ""I use this app for both receiving and sending money, the transfer is instantly transferred into bank account. Very helpful. It also keeps of a record of who got what. It also allows me to put a message on the out going transfer so I remember what it was for.""]",Zelle,3,4,2,Zelle__cluster_0,t-frex,allmini,balanced,300
food ordering and delivery,personal interactions,"[""dressing"", ""delivery"", ""family night"", ""server"", ""sauce"", ""pickup"", ""business"", ""token"", ""drinks"", ""pizza hut"", ""loading"", ""instructions"", ""store"", ""cooked"", ""tipping"", ""logging"", ""platform"", ""browser"", ""website"", ""billing"", ""carry"", ""credit card"", ""foods"", ""message"", ""crashing"", ""place"", ""napkin"", ""marketing"", ""order"", ""closing"", ""save card"", ""restaurant"", ""google"", ""emails"", ""grab"", ""restart"", ""manager"", ""salad"", ""items"", ""service"", ""scan"", ""password"", ""check"", ""domino"", ""menu"", ""notification"", ""font""]","[""Mostly good with few constant issues. App always(and I mean everytime I use it) crashes atleast once before I can place order. Other than that, always pleasant personal interactions.""]",Pizza Hut - Food Delivery & Takeout,47,48,2,Pizza Hut - Food Delivery & Takeout__cluster_0,t-frex,allmini,balanced,300
simple note management,switching,"[""keeping""]","[""Can't fetch automatically from android chrime to google keep. Switching app is still an issue. Please bring automatic fetures"", ""The app is suffering a horrible lagging over the last couple of months, even after the last few updates. Seriously I'm considering switching to a different app."", ""Large volumes of notes can't be handled by Keep especially using a smartphone. Keep closes erratically. Takes forever to load and to search for items. I'm switching apps as Keep is no longer user effective.""]",Google Keep - Notes and Lists,1,2,1,Google Keep - Notes and Lists__cluster_10,t-frex,allmini,balanced,300
design and editing,data connection,"[""google account"", ""transfer"", ""certificate""]","[""Needs a data connection at all times or it will not work.""]",Cricut Design Space,3,4,2,Cricut Design Space__cluster_0,t-frex,allmini,balanced,300
task synchronization,sync across devices,"[""synching""]","[""After trying out several task management apps, I decided on Google Tasks. It's simple to use, has a clean/organized layout, doesn't require any effort to sync across devices, integrates well with Gmail and Calendar, and can add subtasks under tasks.""]",Google Tasks,1,2,1,Google Tasks__cluster_13,t-frex,allmini,balanced,300
note organization tools,sharing notes,"[""notepad"", ""note keeping"", ""note taking"", ""note apps"", ""sticky notes""]","[""1. I wish I could give this zero stars, the UI is so cluttered and confusing. They really need to learn something from Google Keep - It's free and so much better. 2. Sharing notes is a real pain in the a**, They've intentionally made it impossible to export any notes, the only thing you can do is share links to their existing notes which brings you to their pages itself. I guess that's an attempt to stop people already using this to move to any other app. Pathetic attempt at that though.""]",Evernote - Notes Organizer & Daily Planner,5,6,3,Evernote - Notes Organizer & Daily Planner__cluster_0,t-frex,allmini,balanced,300
mindfulness meditation exercises,money grabbing,"[""music"", ""noting"", ""buffer"", ""stories"", ""wall"", ""loading"", ""ify"", ""store"", ""videos"", ""sub"", ""playback"", ""educators"", ""branch"", ""channel"", ""message"", ""recording"", ""people"", ""lectures"", ""compliment"", ""grab"", ""sessions"", ""bbc"", ""podcast"", ""trial"", ""streaming"", ""casts"", ""reminder"", ""banners""]","[""Use to love this app. And recommend it to everyone dealing with anxiety and stress but I stopped it using it for a bit and I remembered how helpful it was so I came back to download it and everything costs money now??? My favorite thing about this app. Was that it seemed like the main point was to help people but off course everything is about money and they turned into money grabbing peddlers as well, un-installing app. Now and will look for an alternative.""]",Headspace: Mindful Meditation,28,29,5,Headspace: Mindful Meditation__cluster_0,t-frex,allmini,balanced,300
peer-to-peer file sharing,inviting,"[""sending"", ""connect""]","[""Share it is the best app\ud83e\udd70 you can claim also free load by inviting"", ""It was a great apps cause it has more help like cleaning phone cache data and speed booster for your apps and another one is you can get extra money for inviting using your refferal code and log in everyday\u2764\ufe0f\u2764\ufe0f"", ""lots of ads and can't exchange my credit for \""pulsa gratis\"" after inviting friends.""]",SHAREit: Share & File Manager,2,3,2,SHAREit: Share & File Manager__cluster_7,t-frex,allmini,balanced,300
