app_package,app_name,developer_name,app_category,description,content_rating,num_reviews,price,avg_rating,rank,interactions
us.zoom.videomeetings,ZOOM Cloud Meetings,zoom.us,Business,"Stay connected wherever you go – start or join a secure meeting with flawless video and audio, instant screen sharing, and cross-platform instant messaging - for free!

Zoom is #1 in customer satisfaction and the best unified communication experience on mobile.

It's super easy! Install the free Zoom app, click on ""New Meeting,"" and invite up to 100 people to join you on video! Connect with anyone on Android based phones and tablets, other mobile devices, Windows, Mac, Zoom Rooms, H.323/SIP room systems, and telephones.

VIDEO MEETINGS FROM ANYWHERE
-Best video meeting quality
-Easily join a meeting or start an instant meeting with phone, email, or company contacts

COLLABORATE ON-THE-GO
-Best Android device content and mobile screen sharing quality
-Co-annotate over shared content
-Real-time whiteboard collaboration on Android tablets

UNLIMITED MESSAGING (WITH PHOTOS, FILES, AND MORE)
-Reach people instantly to easily send messages, files, images, links, and gifs
-Quickly respond or react to threaded conversations with emojis
-Create or join public and private chat channels

MAKE, RECEIVE, AND MANAGE PHONE CALLS
-Effortlessly make or receive calls with your business number
-Get voicemail and call recording with transcripts
-Use call delegation to make/receive calls on behalf of others
-Setup auto-receptionists to autonomously answer and route calls

AND MORE….
-Safe driving mode while on the road
-Use your Android app to start your meeting or for direct share in Zoom Rooms
-Join Zoom Webinars
-Attend OnZoom events (US Beta only)
-Works over WiFi, 5G, 4G/LTE, and 3G networks

ZOOM LICENSE INFORMATION:
-Any free or paid license can be used with the app
-Zoom Phone is an add-on to paid Zoom licenses
-A paid Zoom subscription is required for certain product features

Follow us on social @zoom!

Have a question? Contact us at http://support.zoom.us.",Everyone,"3,612,438",Install,4.4,1,10904
com.microsoft.teams,Microsoft Teams,Microsoft Corporation,Business,"Whether you’re working with teammates on a project or planning a weekend activity with loved ones, Microsoft Teams helps bring people together so that they can get things done. It’s the only app that has chats, meetings, files, tasks, and calendar in one place—so you can easily connect with people and bring plans to life. Get family and friends together to manage tasks at home or plan a surprise birthday party. Work with teammates via secure meetings, document collaboration, and built-in cloud storage. You can do it all in Microsoft Teams.

Easily connect with anyone:
• Meet securely with teammates, family, and friends. Set up a video meeting within seconds and invite anyone by sharing a link or calendar invite.
• Chat 1-1 or in group chats with friends or colleagues. @mention people in chats to get their attention.
• Dedicated channels help create a focused workspace for important projects.
• Video call anyone directly in Teams or instantly convert a group chat to video call.
• GIFs, emojis, and message animations make it easier to express yourself when words aren’t enough.

Accomplish plans and projects together:
• Task lists allow you to stay on top of work projects or plans with family and friends. Assign tasks, set due dates, and cross off completed tasks to keep everyone on the same page.
• File sharing in chats makes it easier to coordinate on work assignments or personal projects.
• Cloud storage makes it easy to access shared documents and files on the go.
• Dashboard view neatly organizes all shared content—photos, files, tasks, links—so you don’t have to spend time looking for things*.
• Screenshare, whiteboard, or breakout in virtual rooms to get most out of your work meetings.

Designed to give you peace of mind:
• Securely collaborate with external partners for work assignments while maintaining control over your data.
• Store important information such as subscription passwords in a digital Safe*.
• Enterprise-level security and compliance you expect from Microsoft 365**.

*Available when using Microsoft Teams with your personal account.

**Commercial features of this app require a paid Microsoft 365 commercial subscription, or a trial subscription of Microsoft Teams for work. If you’re not sure about your company’s subscription or the services you have access to, visit Office.com/Teams to learn more or contact your IT department.

By downloading Teams, you agree to the license (see aka.ms/eulateamsmobile) and privacy terms (see aka.ms/privacy). For support or feedback, email us at mtandapp@microsoft.com. EU Contract Summary: aka.ms/EUContractSummary",Everyone,"4,900,691",Install,4.7,2,6704
com.google.android.apps.meetings,Google Meet,Google LLC,Business,"Securely connect, collaborate, and celebrate from anywhere. With Google Meet, everyone can safely create and join high-quality video meetings for groups of up to 250 people.

• Meet safely - video meetings are encrypted in transit and our array of safety measures are continuously updated for added protection
• Host large meetings - invite up to 250 participants to a meeting, whether they’re in the same team or outside of your organization
• Engage in meetings - engage on meetings without interrupting, through Q&A, Polls, and Hand Raise
• Easy access on any device - share a link and invite team members to join your conversations with one click from a web browser or the Google Meet mobile app
• Share your screen - present documents, slides, and more during your conference call.
• Follow along - live, real-time captions powered by Google speech-to-text technology

*Tile view for Android tablets coming soon.
**Not all features available for free users.

Anyone can join a meeting on Meet via an invitation. However, some capabilities are available only to Google Workspace customers.

With Google Workspace , you and your team can:
• Enjoy helpful features like live captions, breakout rooms, and noise cancellation* to make meetings more productive.
• Attend meetings on the go. Meetings organized by Google Workspace users also create a dial-in phone number for each meeting, so every guest can join – even without wifi or data.
• Seamlessly jump into a video call from Chat or take document collaboration to the next level by connecting over video – everything ties together so you can always connect and collaborate in context.

Learn more about Google Meet: https://workspace.google.com/products/meet/

*Not available in all Workspace plans.

Follow us for more:
Twitter: https://twitter.com/googleworkspace
Linkedin: https://www.linkedin.com/showcase/googleworkspace
Facebook: https://www.facebook.com/googleworkspace/",Everyone,"2,085,857",Install,4.1,3,6366
com.doordash.driverapp,DoorDash - Dasher,DoorDash,Business,"Enjoy the freedom to be your own boss and earn money on your schedule. Plus, get 100% of your tips, always.

* CASH AFTER EVERY DASH *
Get paid right after every dash, automatically, with no deposit fees — ever.

* EARN WITH NUMBER ONE *
Make money delivering with the #1 Food & Drink Delivery app, available in 7,000+ cities in the US.

* START RIGHT NOW *
Sign up to deliver in minutes. You only need your smartphone and transportation (bike, car, scooter, or motorcycle) to start.

* BE SUPPORTED *
Your app will show you where you’re going and when to get there. Plus 24/7 help is available if you need it.

* SET YOUR OWN SCHEDULE *
Choose your own hours and enjoy flexibility over hourly, seasonal, or full-time work. Start and stop whenever you want.

* FIND WORK NEAR YOU *
Work wherever you want. DoorDash is available in 7,000+ cities across the U.S., Australia, Canada, Japan and Germany. In select markets, you’ll be able to accept orders from Caviar, too!

* RESTAURANTS AND MORE *
Make money by completing deliveries from restaurants, convenience stores, grocery stores, and pet stores, too.


DoorDash is available in over 7,000 cities in all 50 U.S. states, including Washington, D.C. and Puerto Rico; over 80 cities in Canada; and Melbourne, Australia, with more coming soon.

Find out if we’re in your area and learn more here: doordash.com/dasher/signup

Caviar Couriers can sign up using the DoorDash - Driver app",Everyone,"112,261",Install,2.9,4,6067
com.cisco.webex.meetings,Webex Meetings,"Cisco Systems, Inc.",Business,"Don’t let being away from the office slow your business down. Experience secure, productive meetings from wherever you are.

Webex Meetings delivers over 25 billion meetings per month, offering industry-leading video and audio conferencing with sharing, chat, and more. Experience why Webex Meetings is the most trusted video conferencing solution today.

General features:
• Join and present from any meeting, event, or training session
• Hands-free voice commands with Google Assistant and Google Home Hub
• Seamless joining directly from your calendar or customizable widget
• Schedule meetings or playback recordings directly from your app
• Customizable video layouts and virtual backgrounds
• Share your screen to everyone

Want to learn more? See https://help.webex.com/nowvmhw/.

Follow us:
• Twitter - https://twitter.com/webex
• Facebook - https://www.facebook.com/CiscoCollab

By installing this application, you are accepting the Terms of Service (http://www.webex.com/terms-of-service-text.html) and Privacy Statement (https://www.cisco.com/web/siteassets/legal/privacy.html) and are consenting to receive communications, updates, and upgrades for Webex services. Webex may collect meeting usage data and personal information, such as your email address, from your computer or device.

What's New in Version 42.2.0?
- Close Captioning improvement to avoid overlap with video or shared content
- Bug fixes

Old information to be transferred to Collabhelp Usage Guide

REQUIREMENTS

Android OS 6.0+

Dual-core CPU is required for video.

Webex service is not available in all countries. See www.webex.com for information.",Everyone,"1,783,519",Install,4.3,5,5755
com.fedex.ida.android,FedEx Mobile,FedEx,Business,"Create a domestic and international shipping label, track shipment status and manage your packages wherever you are with the FedEx Mobile app. Use the app to get quick rates, find a pickup or drop off location, scan bar codes, and view rewards. Enroll in FedEx Delivery Manager® to customize when and where you’d like to receive your packages.

Available in all regions
• Track the status of all incoming or outgoing packages
• Create a mobile shipment label and request a pickup**
• Enable push notifications to get updates on your shipments and a sound notification on delivered shipments*
• Scan a barcode for easy tracking*
• Find a FedEx location near you*
• View or cancel a scheduled pickup
• Create a new pickup
• Get shipment cost estimates and delivery times
• Access your shipper address book
• Log in with finger or facial recognition
• Search your list of shipments by tracking number, references, vendors and more



Available in some regions

• Enroll in FedEx Delivery Manager to:
o Hold a package at a preferred FedEx location
o Leave delivery instructions for the courier
o Sign for a package requiring your signature
o Request a vacation hold
• Reroute your package to a FedEx location to pick up at your convenience
• Ship directly to a FedEx-designated location
• Scan your door tag to get information and options regarding your missed shipment
• Access a chat assistant for FedEx Mobile app and services questions
• Create a login for more convenient tracking
• View rewards


Thank you for using the FedEx Mobile app! Have feedback? Email us at mobile@fedex.com.

FedEx Delivery Manager is only available for residential deliveries within the U.S. You must be signed in to the FedEx Mobile app and registered for FedEx Delivery Manager to use selected features.

*Maximize your FedEx experience by allowing the following permissions: Location to find a convenient FedEx location, Camera to scan a shipping label and track a package, and Push Notifications to receive notifications on a package. Also, get Sound Notifications for delivered packages by turning on sound in your settings.
**Shipping administration rules apply.",Everyone,"160,451",Install,4.7,6,5483
com.facebook.creatorstudio,Creator Studio,"Meta Platforms, Inc.",Business,"With a host of tools designed to make scheduling, analyzing and monetizing your videos easier than ever, the Creator Studio app has something for anyone looking to bring the very best content to their audience.

Creator Studio highlights:

A Robust Content Library: View published, drafted and scheduled posts from one location.

Customizable Videos: Edit video titles and descriptions for tailor-made content.

Detailed Video Insights: Analyze page and post-level insights, retention and distribution metrics to tweak your strategies.

Flexible Scheduling: Make changes to your scheduled video posts as your content demands evolve.

Track Video Engagement: Monitor and manage comments and messages from people reacting to your content.",Everyone,"191,028",Install,4.5,7,5286
com.adpmobile.android,ADP Mobile Solutions,"ADP, INC.",Business,"ADP Mobile Solutions provides you with an easy and convenient way to access payroll, time & attendance, benefits, and other vital HR information for you and your team.

- All the features listed below may not be available to you. If you have question, review the FAQs in the Settings menu in the app.

- This app is available to the employees and managers of companies that use the following ADP products: Workforce Now, Vantage, Portal Self Service, Run, TotalSource, ALINE Card by ADP, Spending Account, and select products outside the US (ask your employer).

Key Employee Features:

• View pay & W2 statements
• View & request time off
• Track time & attendance
o Punch in/out
o Create timesheets
o Update, edit, & approve time cards
• View pay card accounts
• View benefit plan information
• Contact colleagues

Key Manager Features:
• Approve time cards
• Approve time off
• View team calendars
• View executive dashboards

Security:
• All application requests and transactions are routed through ADP's secure servers
• All network traffic between the mobile device and the server is encrypted
• All employee information cached on the mobile device is encrypted
• Username and password protected
• Login sessions time out from inactivity
• Accounts locked out with excessive login failures
• Fast and easy login with Biometric Authentication
• Recover or reset forgotten user IDs and passwords

Supported Operating Systems
• Android 6.0 or higher

Investment options are available through the applicable entities for each retirement product. Investment options in the “ADP Direct Products” are available through ADP Broker-Dealer, Inc. (“ADP BD”), Member FINRA, an affiliate of ADP, INC, One ADP Blvd, Roseland, NJ 07068 (“ADP”) or (in the case of certain investments), ADP directly.
Certain advisory services may be provided by Financial Engines™ Professional Management, a service of Financial Engines Advisors, LLC (“FE”). FE’s service are made available through connectivity by ADP, however, FE is neither affiliated with ADP nor any of ADP’s affiliates, parents, or subsidiaries, and is neither endorsed nor recommended by any ADP entity.”",Everyone,"358,043",Install,4.6,8,5210
com.lyft.android.driver,Lyft Driver,"Lyft, Inc.",Business,"Download Lyft Driver, the app created just for drivers.

WHY LYFT?

FLEXIBLE HOURS
Driving with Lyft is an easy way to earn extra cash whenever you want.

$500 MILLION IN TIPS, AND COUNTING
Passengers are encouraged to tip in the app — and you keep the whole amount.

COMMITMENT TO HEALTH
We prioritize your well-being, and our Health Safety Program helps everyone ride confidently.

SUPPORTIVE COMMUNITY
We’re here to help if you need us — via phone, email, and in-person at our Hubs and Driver Centers.

ONE EASY APP
Whether you’re checking local demand for rides or working toward a bonus, the app has everything you need to earn more.

NO CAR NEEDED
With Lyft Express Drive, you don't need your own car to earn. (Available in select markets.)

___
For Lyft drivers, continued use of GPS running in the background can dramatically decrease battery life.

By downloading the app, you agree (i) to receive communications from Lyft, including push notifications; and (ii) to allow Lyft to collect your device's language settings. You can opt out of receiving push notifications through your device settings.",Everyone,"104,140",Install,4.0,9,5024
com.adobe.scan.android,"Adobe Scan: PDF Scanner, OCR",Adobe,Business,"The Adobe Scan scanner app turns your device into a powerful portable scanner that recognizes text automatically (OCR) and allows you to save to multiple files formats including PDF and JPEG.

The most intelligent scanner app. Scan anything — receipts, notes, documents, photos, business cards, whiteboards — with text you can reuse from each PDF and photo scan.

HOW IT WORKS
• With the Adobe Scan scanner app, you can make anything scannable.
• Use the PDF scanner to quickly create a photo scan or PDF scan.
• Scan any document and convert to PDF.

CAPTURE
• Scan anything with precision with this mobile PDF scanner.
• Advanced image technology automatically detects borders, sharpens scanned content, and recognizes text (OCR).

ENHANCE
• Touch up scans or photos from your camera roll.
• Whether it’s a PDF or photo scan, you can preview, reorder, crop, rotate, and adjust color.

CLEANUP UP YOUR SCANS
• Remove and edit imperfections, erase stains, marks, creases, even handwriting.

REUSE
• Turn your photo scan into a high-quality Adobe PDF that unlocks text through automated text recognition (OCR).
• Reuse text from each PDF scan thanks to OCR.

SCAN ANYTHING, ANYWHERE, ANYTIME
• Capture forms, receipts, notes, and business cards with this mobile PDF scanner.
• The Adobe Scan scanner app even lets you scan multi-page documents and save with a single tap.

RECYCLE CONTENT
• The Adobe Scan PDF scanner makes any content scannable and reusable.
• Free, built-in optical character recognition (OCR) lets you reuse scanned text and content by creating a high-quality PDF can work with in the free Adobe Acrobat Reader app.
• You can even turn Adobe Scan into a tax receipt scanner to highlight expenses with ease.

QUICKLY FIND DOCUMENTS IN PHOTO LIBRARY
• This powerful scanner app automatically finds documents and receipts in your photos and turns them into PDF scans, so you don't have to.
• Automatic OCR turns text into content you can edit, resize, and reuse in other documents.

SAVE BUSINESS CARDS TO CONTACTS
• Scan a business card and Adobe Scan turns into a fast business card scanner and reader.
• Contact information will be automatically extracted so you can quickly add to your device contacts — no typing needed.

GET MORE DONE ON THE GO
• Save each scan to Adobe Document Cloud for instant access and sharing.
• Even lengthy legal documents become manageable and scannable with the Adobe Scan scanner app, which lets you search, select, and copy text.
• You can also open a PDF scan in Acrobat Reader to highlight key sections, add comments, fill and sign.

IN-APP PURCHASE
Subscribe for even more scanning power. Subscriptions work across Scan and Reader mobile apps and Acrobat on web.
• Combine scans into one file so you can take multiple scans and consolidate into one document.
• Export PDFs to Microsoft Word or PowerPoint file formats to integrate with your workflows.
• Increase OCR capacity from 25 to 100 pages so that you can find text in multiple scans.

Download the best free mobile scanner to convert photos and documents into PDF and JPEG files wherever you are. With OCR technology, you can easily digitalize books, business cards, and business receipts and access them via the Adobe Document Cloud. Adobe Scan is the PDF converter trusted by millions worldwide. Scan photos to high-quality PDFs or JPEGs and share easier than ever before.

Terms & Conditions:
Your use of this application is governed by the Adobe General Terms of Use http://www.adobe.com/go/terms_en and the Adobe Privacy Policy http://www.adobe.com/go/privacy_policy_en

Do Not Sell My Personal Information: www.adobe.com/go/ca-rights",Everyone,"2,457,456",Install,4.7,10,4989
com.getmimo,Learn Coding/Programming: Mimo,Mimohello GmbH,Education,"Learning to code has never been so easy!
Advance your career, build apps and websites, or become a developer. With Mimo, you can learn programming (in Python, JavaScript, HTML, etc.) - the skill of the century, a few minutes at a time.
Used by millions of learners, Mimo is just about the most accessible and effective way to learn to code in Python, JavaScript, HTML, SQL, CSS. Our programming lessons and practice coding exercises are suitable for everyone, even with no prior coding knowledge and experience.

🏆 Google Play's Editor's Choice
🏆 Best Self-Improvement Apps of 2018

Even if you know nothing about coding but want to level up your skills and become open to all the opportunities available to those who are fluent in computer programming languages, Install Mimo and get access to free coding lessons in Python, Javascript, HTML, and more that will fit into your day.

Mimo makes learning to code and diving into computer science as intuitive and easy as possible. Our curriculum is built by professionals and helps you learn by practicing on real-world projects in HTML, JavaScript, CSS, Python, and SQL.

With Mimo: Learn Coding and Programming app you'll be able to:
• Learn the most popular programming languages like Python, JavaScript, HTML, CSS, and SQL
• Solve bite-size coding challenges
• Run code and build real-world projects on the go thanks to our mobile IDE
• Practice with coding challenges
• Build a portfolio of projects like websites or apps
• Get a certificate to showcase your coding skills
• Join a community of millions of coders

• Start the and begin your coding journey with an in-demand and all-purpose language. Learn Python with 2,600+ bite-size exercises, 53+ Concepts, and 32+ Projects that will unlock as you keep expanding your Python skills.
• By choosing the , you’ll dive into building websites with HTML, CSS, and JavaScript. Start your Web Development journey with 13,000+ bite-size exercises, 87+ Concepts, and 62+ Projects.
• With the , you'll dive into data science and learn to analyze data with SQL.

What our learners say:
• ""I’m teaching myself HTML and Javascript using Mimo. I’m about 80% of my way through this path, and I have to say Mimo is brilliant."", Choralriff
• ""I had to learn some basic coding...This app is ridiculously easy to use, so convenient, and seriously effective"", Cati S.
• ""I started coding with Mimo a few days ago, and I already am understanding how webpages and other things are developed! I would definitely recommend this to anyone wanting to learn coding."", Perseus B.

By setting aside as little as five minutes per day, you’ll go through the coding classes and learn the basics of JavaScript, HTML, CSS, Python, and SQL. Along the way, you’ll build websites and apps by writing real code and practicing by building your project portfolio.

• Mimo's interactive curriculum and bite-sized coding lessons make it possible to learn to code at your own pace: coding tutorials and challenges are there for you to discover more, whenever you have a few minutes.

• You can write real code on our mobile code editor that works like an IDE and helps you run code wherever you are, compete with Mimo's coding community, solve coding challenges, learn multiple programming languages, and do much more at your own pace!

TechCrunch and The New York Times agree that, with Mimo, everyone can learn to code:

• ""This way you can work learning to code into your daily routine, whenever you have a few minutes of downtime."" –

• ""The app's lessons are bite-size to make it easy to squeeze coding into your busy day."" –

We will be happy to guide you along your personalized coding journey if you join millions of coders who are already learning programming and data science with Mimo's courses.",Everyone,"296,850",Install,4.7,1,6617
com.classdojo.android,ClassDojo,ClassDojo,Education,"Ready to build an amazing classroom community?

ClassDojo is a beautiful, safe, and simple communication app for teachers, parents, and students.

* Teachers can encourage students for any skill, like “Working hard” and “Teamwork”
* Teachers can bring parents into the classroom experience by sharing photos, videos, and announcements
* Students can add their classwork easily to their own digital portfolios for their parents to see
* Teachers can also safely and instantly message with any parent
* Parents see their child’s updates at home, as well as a stream of photos and videos from school
* All your favorite teacher tools, like Group Maker and Noise Meter, are now in one place!

ClassDojo helps teachers build a positive classroom culture by encouraging students and communicating with parents.

ClassDojo is free for everyone, and K-12 teachers, parents, students, and school leaders in over 180 countries have joined. It works on all devices, like tablets, phones, computers, and smartboards.

See how much people love ClassDojo at: www.classdojo.com/wall-of-love/

Join the ClassDojo community today!",Everyone,"488,557",Install,4.8,2,6389
com.microblink.photomath,Photomath,"Photomath, Inc.",Education,"Learn math, check homework and study for upcoming tests and ACTs/SATs with the most used math learning app in the world! Got tricky homework or class assignments? Get unstuck ASAP with our step-by-step explanations and animations.

We’ve got you covered from basic arithmetic to advanced calculus and geometry. You CAN do math!

KEY FEATURES
• Word problem explanations!
• Free to use
• Step-by-step explanations for every solution
• Exclusive how-to animations
• Scroll through multiple solving methods per problem
• Multi-functional scientific calculator
• Interactive graphs

MATH TOPICS COVERED
• Basic Math/Pre-Algebra: arithmetic, integers, fractions, decimal numbers, powers, roots, factors
• Algebra: linear equations/inequalities, quadratic equations, systems of equations, logarithms, functions, matrices, graphing, polynomials
• Geometry (specific textbooks only)
• Trigonometry/Precalculus: identities, conic sections, vectors, sequences and series, logarithmic functions
• Calculus: limits, derivatives, integrals, curve sketching
• Statistics: combinations, factorials

“An answer isn’t all you’ll get from this free app. Photomath also provides a step-by-step guide of how each problem is solved.” — Huffington Post

“The step-by-step guide is beneficial to students that do not have access to a tutor and struggle with solving math problems.” — Forbes

“A viral video about a new app looks like a dream come true for anyone who struggles with math.” — Time
___________________________________________

Want to boost your learning experience? With Photomath Plus, you get:

EXPERT EXPLANATIONS
High-quality teacher-approved explanations for every problem in select textbooks, including word and geometry problems! Learn or repeat math concepts at your own pace.

ANIMATIONS
Detailed animations that help you visualize and understand each math step.

TIPS & HINTS
Level up your learning by understanding “how” and “why” math problems are solved, or remember forgotten terms and concepts with our embedded glossary.

• Payment will be charged to your Google Play account at the confirmation of purchase.
• A subscription automatically renews unless it’s canceled at least 24 hours before the end of the current billing period.
• Your account will be charged for renewal within 24 hours prior to the end of the current period.
• Manage or cancel your subscription in your account settings on the Google Play after purchase.
• Offers and pricing subject to change without notice.

Suggestions or questions? Email us at support@photomath.com

Website: www.photomath.com
Facebook: @Photomathapp
Twitter: @Photomath

Terms of Use: https://photomath.com/en/termsofuse
Privacy Policy: https://photomath.com/en/privacypolicy",Everyone,"2,574,327",Install,4.6,3,5979
com.remind101,Remind: School Communication,Remind101,Education,"Remind is a communication platform that helps every student succeed. Whether you're in the classroom, at home, or anywhere in between, Remind makes it easy to stay connected to your school community.

* Communicate in real time—on any device.
* Keep personal contact information private.
* Translate messages into more than 90 languages.
* Share files, photos, and content from your favorite sites.

Join the millions of educators, students, and parents using Remind to manage school communication and make time for what's important. Visit our site to learn more: http://www.remind.com",Everyone,"224,317",Install,4.4,4,5942
com.yousician.yousician,Yousician: Your Music Teacher,Yousician Ltd.,Education,"YOUSICIAN is the fast, fun way to learn, play and master the Guitar, Bass or Singing/Vocals. Learn and play thousands of songs on your REAL INSTRUMENT!

Yousician is your personal music teacher. The app listens to you play and gives instant feedback on your accuracy and timing. Our learning path, designed by expert music teachers, will help musicians of all levels improve, from complete beginners to professionals.

Step-by-step videos guide you through each lesson. Fun gameplay tracks your progress and keeps you motivated to practice and learn. You’ll simply be amazed how fast your skills advance. So grab your guitar or bass, or warm up your voice, and start making music!

WHO IS YOUSICIAN FOR?
• Guitarists, Bass players & Singers
• Complete beginners
• Self-learners
• Advanced & professional musicians
• Music teachers

WHAT’S INCLUDED?
• 10,000+ lessons, exercises and songs by artists you love
• Hundreds of videos covering all the skills you need to learn guitar, bass or singing: sight reading sheet music, guitar chords, strumming, melodies, lead, fingerpicking and more
• Tons of music theory and trainers for each skill and chord
• Fun Weekly Challenges where you can compete with friends and millions of Yousicians worldwide


HOW DOES THE APP WORK?
• Play your real acoustic or electric instrument — no additional equipment needed
• Yousician listens to you sing or play the guitar or bass
• It gives you instant feedback on your performance
• It takes you through awesome songs and step-by-step tutorials that suit your playing level
• It makes learning fun with rewarding gameplay, lessons and challenges

LEARN GUITAR, BASS & SINGING AT YOUR OWN PACE
Yousician has been developed with the world’s most innovative and experienced music teachers. It is perfectly suited for self-learning or as a supplement to learning with a teacher. With step-by-step tutorials and constant feedback you can always be sure you’re playing your guitar or bass right. The microphone on your phone listens to you play and the app tells you how you're performing. It even works for singing so you’ll never be out of tune during karaoke!

PREMIUM SUBSCRIPTION
Subscribe for unlimited and uninterrupted playtime across all platforms. Subscription types are annual plans billed in monthly installments, upfront annual and monthly plans. Prices may vary in different countries. Subscription automatically renews at the end of each term unless auto-renew is turned off in your Yousician account on yousician.com. If you use a Google Play store account, you can cancel your subscription from there.

WHAT PEOPLE ARE SAYING ABOUT YOUSICIAN
“Yousician is modern technology's gift to music education. It’s an app that teaches you to master the guitar instead of a plastic game controller.” - Guitar World

“Yousician is a fabulous place to start learning piano, guitar, ukulele or bass. Yousician teaches basic playing techniques and musical notation by presenting a challenge and then listening as you try to play in real life.” - New York Times

ABOUT YOUSICIAN
Yousician is the world’s leading platform to learn and play music. With a combined 20 million monthly users across our award-winning apps, we’re on a mission to make musicality as common as literacy.

Check out our other apps:
• GuitarTuna, the #1 tuner app worldwide
• Ukulele by Yousician
• Piano by Yousician

Got ideas to make Yousician even better? Simply send your ideas and suggestions to: feedback.yousician.com
• https://yousician.com/privacy-notice
• https://yousician.com/terms-of-service",Everyone,"389,903",Install,4.1,5,5909
co.brainly,Brainly – Get Homework Help,Brainly,Education,"Take on the new school year with Brainly! Start by snapping a quick pic of your question to search our database of step-by-step homework answers, ask our community about your specific problem, or chat with a tutor for one-on-one help.

• Get real-time help from pro tutors with Brainly Tutor (Math and Physics only)
• Use Math Solver to scan math problems and get step-by-step guidance
• Free homework answers - Brainly Basic is 100% free of charge
• 24/7 school app access - Unlimited access, anywhere, anytime
• Find specific solutions for your textbooks, created by our experts
• Lightning quick answers and explanations - Questions are answered in minutes
• Ask by text or by pic with question and answer scanner features
• Verified info - A dedicated team of subject experts and moderators verify answers daily
• A platform for your knowledge - Answer questions and earn points to keep asking with
• Study and homework help for better understanding and higher grades
• Learn together - Parents can pair their account with their child’s to stay on top of their learning

Brainly helps with all school subjects, including: Math, History, English, Biology, Chemistry, Physics, Social Studies, Advanced Placement (AP), Geography, Health, Arts, Business, Computers and Technology, French, German, Spanish, and World Languages.

Our learning community is reliable - A dedicated team of moderators ensures the quality of homework answers and explanations every day.

Where else can you find us?

Instagram @BrainlyFacebook @BrainlyGroupTwitter @Brainly

Terms of use: https://brainly.com/pages/terms_of_use

Privacy policy: https://brainly.com/pages/privacy_policy

SUPPORT URL:http://brainly.com/contact

MARKETING URL:http://brainly.com",Everyone,"2,346,116",Install,4.4,6,5683
us.nobarriers.elsa,ELSA - Learn English Speaking,ELSA Speak,Education,"Is speaking in English a struggle for you? Does your American accent bother you? We hear you!

ELSA (English Language Speech Assistant) is the only Online English language learning & speaking app that can help you correct pronunciation errors for every syllable with Artificial Intelligence equipped with exclusive voice recognition voted Top 5 in the World. Join a trusted community of over 10 million students, professionals & travelers on a journey of speaking English in an American accent more confidently & error-free.

Why us?

- Online AI English learning coach that helps you focus & stay motivated

- Real-time speech recognition feedback on English pronunciation & fluency

- We bring 3000+ lessons wrapping the everyday English conversations

- Easy assistance in English learning with vocabulary & conversation at any hour of the day & receive precise feedback

- Effortless & easy-to-use tool for speaking with correct English pronunciation & accent training

- Best bite-sized lessons to help you study English online & sound like a native speaker & help you with your English accent

English Learning Solutions:
English learning for students
An English speaking app, designed for English competitive exams & to help you study English online & prepare for TOEFL, TOEIC & IELTS exams & your ESL classes easily.

English speaking app for professionals
Do you find holding a conversation or speaking English in general difficult? A lot of English phrases go around your working bench. ELSA engagingly builds the vocabulary & library of English phrases just about every day.

English speaking app for travelers
Do you desire to learn to speak English quickly? To aid you better, ELSA brings an AI-enabled speech tutor, which helps with the pronunciation of words & sentences correctly during conversations. Start speaking English in an American accent quickly.

Features:
Speaking Proficiency score: Take a speech test tailor-made by world-class experts. Get a deep analysis of your strengths & weaknesses around English pronunciation & the American accent.

Bilingual expertise: Available in more than 45+ regional Languages, English online learning has become more comforting with this language learning app. Learn English speaking in your native language to assist you quickly through the learning journey, learn the English language comfortably at your own pace.

Tips & Advisory: We cover over 40 topics ranging from travel tips to job interviews for you to explore. Speak English smoothly & keep growing exponentially.

Learning Games: Practice English speaking with stimulating games to uncover the core of the language. The in-app learning games help you with speaking English & sharpening skills like English pronunciation, grammar, word stress, rhythm, intonation, listening & conversation. Practice speaking English fluently with our language learning app.

ELSA Pro Subscription:
- Save time & grow as you engage yourself in 3000+ bite-sized English online learning lessons

- Approach 40+ essential topics like American accent & culture, Travel 101, job interviews, tips in IELTS & TOEFL & so much more!

- Get a look at customized training to improve English pronunciation & learn English speaking quickly

- Tracking tools to help you see your progress in all essential speaking skills

We got featured!
- Honorable Mention in the AI & Data category of Fast Company’s 2020 World-Changing Ideas Awards
- Top100 Influencers in State of EdTech Report by EdTech Digest 2020
- Grand Winner at SXSWEdu Launch 2016
- Gold Winner for “The Best Digital Learning App” by Reimagine Education 2016
- #1 Education App on ProductHunt 2016
- Mentioned by TechCrunch, Forbes, Mashable, VentureBeat, Yahoo, Salma Hayek, & more

Reach out to us:
Email: support@elsanow.io
Website: https://www.elsaspeak.com/
Terms of Service: http://elsaspeak.com/terms
Privacy Policy: http://www.elsanow.io/privacy",Everyone,"442,810",Install,4.7,7,5679
com.babbel.mobile.android.en,Babbel - Learn Languages,Babbel,Education,"Millions of people learn languages with Babbel — the app built by language learning experts. Our short, interactive lessons rethink old-school language education to get you speaking a new language with confidence.

LEARN SPANISH OR 13 OTHER LANGUAGES IN 15 MIN/DAY

We're not just a Spanish learning app! Want to learn French, learn Italian or speak German like a local? You can learn:

Spanish 🇪🇸🇲🇽 | French 🇫🇷 | Italian 🇮🇹 | German 🇩🇪 | Portuguese 🇧🇷 | Russian 🇷🇺 | Polish 🇵🇱 |
Turkish 🇹🇷 | Norwegian 🇳🇴 | Danish 🇩🇰 | Swedish 🇸🇪 | Dutch 🇳🇱 | Indonesian 🇮🇩 | English 🇬🇧🇺🇸

Babbel is great for beginners but even experienced language learners have proven to advance their conversation skills!*

======


★ Effectiveness backed by researchers at Yale University:
100% of study participants improved their oral proficiency in 3 months*



★ After 10 hours with Babbel, Michigan State University researchers found:
96% of learners saw better test scores on grammar and vocabulary**



★ PCMagazine says the Babbel language app “exceeds expectations”

======

Babbel is the best language-learning app.

Our language learning experts build every course tailored to your native language. So whether you want to learn Spanish, learn Italian or learn French — or even German, Portuguese, Russian, Polish, Turkish, Norwegian, Danish, Swedish, Dutch, Indonesian or English — you’ll learn quickly and effectively.

- Easily fit language learning into your busy schedule with lessons that take only 10-15 minutes to complete (some Spanish lessons are even shorter).

LANGUAGES FOR ANY SITUATION - Find language lessons for travel, work, everyday life and much, much more

LISTEN, SPEAK, READ, WRITE - Practice all the elements of language learning and start speaking real-life conversations

IMPROVE YOUR PRONUNCIATION - Babbel’s speech recognition technology helps you sound like a native speaker

REMEMBER WHAT YOU LEARN - Use the review feature so the previous lessons stick, and understand grammar (including Spanish conjugation)

LEARN LANGUAGES IN CONTEXT - Enhance your language learning with tips & tricks that guide you throughout lessons

- Learn Spanish and 13 other languages with in-depth content, including more than 60,000 language lessons

With Babbel, you’ll be on your way to mastering the ultimate goal of language learning — having real-life conversations with confidence. Whether you need a Spanish learning app or a French learning app, you’ve always wanted to learn Italian, you’re looking to dive into German language learning or improve your English, Babbel is the choice of millions of people looking to enhance their language education.

Make learning a habit. Go beyond language 101 and you'll .

=====

Subscriptions:

You’ll need a subscription to use Babbel fully. Your subscription will be renewed unless auto-renew is turned off at least 24 hours before the end of the current payment period.

DOWNLOAD BABBEL AND TRY FOR FREE – Your first lesson is on us. Babbel is completely ad-free.

Privacy policy: https://about.babbel.com/en/privacy/
Terms of use: https://about.babbel.com/en/terms/

Not a native speaker but want to talk just like one? Download Babbel and improve your German language learning, learn English or discover how to speak Spanish. Take your language education to new levels — whether you want to learn French, Italian, Mexican Spanish, German or any of the 14 languages we offer!

Contact us:
Questions, comments or feedback about language learning with Babbel? Email us at support-mobile@babbel.com.",Everyone,"700,263",Install,4.6,8,5591
com.wonder,Elevate - Brain Training Games,Elevate Labs,Education,"Elevate is a brain training program designed to improve attention, speaking skills, processing speed, memory skills, mental math, and more. Each person is provided with their own personalized mind training program that adjusts over time to maximize results.

The more you train with Elevate, the more you’ll improve critical cognitive skills that are proven to boost productivity, earning power, and self-confidence. 90%+ report improved vocabulary, math skills, and overall mental sharpness when they frequently use Elevate to challenge their minds.

Elevate offers a 7-day free trial as well as a free version. To access the free version, tap the X in the upper left-hand corner after you sign up for an account.

IN THE NEWS

“Elevate comes out ahead” in the battle of the brain training apps. - CNET

Elevate is a “cognitive pick-me-up” with games that are “good for mental breaks throughout the workday.” - Washington Post

FEATURES

• 40+ Brain Training Games: Improve your cognitive skills like focus, memory, processing, math, precision, and comprehension with 40+ brain training games and puzzles.
• Performance Tracking: Measure your performance against yourself and others. Weekly reports that highlight your key accomplishments and opportunities are delivered once per week.
• Personalized Workouts: Customize the focus of your daily workouts to train the mind skills you need most, and choose between 3 and 5 games and puzzles.
• Adaptive Progression: Train your brain with math and word exercises that get harder as you progress to ensure your experience remains challenging.
• Workout Achievements: Start a workout streak and stay motivated with over 150+ achievements to win while you train your mind.
• And more!

WHY YOU NEED ELEVATE

• Express yourself more effectively in writing. Write with clarity, persuasiveness, and concision.
• Improve your spelling and punctuation. Avoid common writing pitfalls.
• Become a better reader. Flow through words with ease. Read everyday materials faster and with greater understanding.
• Expand your vocabulary. Learn how to use thousands of new words with fun games.
• Quickly and easily solve everyday math problems. Get better at comparing prices, splitting bills, and calculating discounts and markups.
• Speak confidently. Advance your speech with new words. Become more articulate and develop clear expression and tone.

RESEARCH BEHIND ELEVATE

Elevate's brain games and puzzles are designed in collaboration with educational experts and are based on proven educational techniques. Elevate’s mental workout algorithms draw from cognitive research in attention and memory studies to develop a personalized training program for each user.

For additional information, please read our Terms of Service
(https://www.elevateapp.com/terms) and Privacy Policy (https://www.elevateapp.com/privacy).",Everyone,"399,571",Install,4.6,9,5407
appli.speaky.com,Speaky - Language Exchange,Speaky Team,Education,"Speaky is the perfect app to instantly practise languages with people around the world and for free.

HOW DOES IT WORK?

1. Find the perfect language partners by browsing a worldwide community of language learners from more than 180 countries and native in more than 110 languages.

2. Start practising immediately with your language partners and learn from each other simply by exchanging your language skills.

It's a simple language exchange method:
• You help someone that wants to learn your native language by practising with them and regularly correcting any mistakes.
• Your partner does the same for you.

It’s up to you and your partner to find the perfect “way” of doing your language exchange.

3. Stay connected with your language partners and make sure to practise every day!

If it’s more convenient for you to practise from a computer, you can always access your account from our website: http://www.speaky.com.

A NEW AND INNOVATIVE WAY TO MAKE FRIENDS WHILE LEARNING LANGUAGES

Speaky won’t only help you learn a new language and find language partners for your language exchanges. It’ll also connect you with people all around the world.

With Speaky, you can create a network of international friends - it's a Pen Pal network always accessible at your fingertips!
Speaky is the best app to practise and learn languages online and for free.

On Speaky, you can practise more than 110 languages, like English, Spanish, French, German, Portuguese, Arabic, Italian, Dutch, Polish, Russian, Turkish… Just to name a few!

Millions of native speakers from all around the world are waiting for you, so join us now!

ADDITIONAL INFORMATION

To learn more about us, visit our website: www.speaky.com.",Everyone,"133,061",Install,3.6,10,5315
com.squareup.cash,Cash App,"Square, Inc.",Finance,"Cash App is the easiest way to send, spend, save, and invest your money. It’s the SAFE, FAST, and FREE mobile banking* app.

*Cash App is a financial services company, not a bank. Banking services are provided by Cash’s bank partner(s).

SAFE: Protect all of your payments and investments with a passcode, TouchID, or FaceID. Pause spending on your Cash Card with one tap if you misplace it. All of your information is stored securely.

FAST: Sign up and make your first payment in minutes. Instantly send and receive money from friends. Transfer money from Cash App to another bank account instantly instead of waiting days. Use your Cash App account and routing number to receive deposits up to two days earlier than is standard with most banks.

FREE: Send and receive money at no cost. Get a completely free virtual Visa debit card in minutes, and we’ll mail you your custom physical debit card for free in about a week. Invest in your favorite stocks commission-free with as little as $1.

* HERE’S HOW IT WORKS *
Download and sign up for Cash App in a matter of minutes. The signup process is simple and fast so that you can start using Cash App right away.

* SEND AND RECEIVE MONEY INSTANTLY *
Receive, request, and send money from friends and family instantly with only a few taps. Cash App is the easiest way to pay a friend back for dinner or split rent with your roommates.

* FILE YOUR TAXES FOR FREE * Get access to fast, easy, and 100% free state and federal filing with Cash App Taxes (formerly Credit Karma Tax). Pay $0 to file, no matter your tax situation. Submit your taxes in minutes from your phone or computer. You’ll get your refund and can deposit it up to 2 days faster through Cash App. Plus, we check to ensure that you’ve entered everything needed to complete your return and offer free audit defense so you can file confidently.

* BUY, SELL, DEPOSIT, AND WITHDRAW BITCOIN *
Cash App is the easiest way to buy, sell, deposit, and withdraw Bitcoin. Track the BTC price in realtime in your app and get started by buying as little as $1 of Bitcoin. Your BTC arrives in your app instantly. You can then decide to keep it safe in Cash App or withdraw it to a different wallet.

* BUY & SELL STOCKS COMMISSION-FREE *
Instantly begin investing commission-free with Cash App. You can buy as little as $1 of stock in top US companies. Track stock prices in realtime in your app and monitor the performance of your overall investment portfolio. Create a list of companies to follow so you can stay up to date on performance. Brokerage services provided by Cash App Investing LLC, member FINRA / SIPC. Investing involves risk; you may lose money. Investments are not FDIC insured. Cash App Investing LLC does not trade bitcoin.

* GET A FREE CUSTOM VISA DEBIT CARD *
Order your Cash Card (a customizable Visa debit card) directly from Cash App. You’ll be able to instantly make online purchases using your virtual card or in-store purchases by adding your Cash Card to Apple Pay. We’ll also mail you your physical laser-etched Cash Card in less than a week so you can swipe, dip, or tap at any merchant.

* RECEIVE YOUR PAYCHECK UP TO TWO DAYS EARLY *
Deposit paychecks, tax returns, unemployment benefits, government stimulus payouts and more directly into your Cash App balance using your account and routing number. Receive deposits up to two days earlier than is standard with most other banks. Use the same account and routing information to pay bills using your Cash App balance.

* GET INSTANT DISCOUNTS WITH CASH BOOST *
Cash Card is the only free debit card with instant discounts at your favorite stores, websites, apps, and restaurants. These instant discounts - Cash Boosts - are easy to use and are applied to Cash Card transactions instantly. Just select a given Cash Boost in your app and then use your Cash Card to pay. It’s that simple. No points, no waiting, just instant savings.",Everyone,"1,074,442",Install,4.6,1,10145
com.creditkarma.mobile,Credit Karma,"Credit Karma, Inc.",Finance,"• Check your free credit scores – Learn what affects your credit scores and how you can take control.

• Credit Karma Money™ Spend – A checking experience* with Early Payday and a daily chance to win Instant Karma™ cash reimbursements for debit card purchases.**

• Credit Karma Money™ Save – Now saving is easy with no fees, an interest-bearing savings rate and a monthly chance to win $20,000.***

• Karma Confidence – See personalized offers and know your chances of approval for a personal loan or credit card before you apply.

• Credit card choices – Browse great credit card offers based on your unique credit profile. And thanks to Karma Confidence technology, our members get approved 66% more often.****

• Auto savings and more – Tune up your auto loan, see about saving on insurance, see open recalls and find vehicle records.

• Karma Drive – Track your safe driving score to see if you can unlock lower car insurance rates.*****

• Home sweet home – Calculate how much home you can afford, see personalized home loan offers and get a mortgage pre-qualification letter.

• Personal loan shopping – Whether you want to refinance credit card debt or borrow for an emergency, you can compare personal loan offers on Credit Karma (members who compare offers on Credit Karma save an average of 32% on interest rates!).******

• Explore the Relief Roadmap – Connect to government stimulus programs, unemployment benefits, debt relief opportunities, loan options and more.

• Free ID monitoring – Check your free reports to spot potential identity theft and get tips for keeping your personal information safer.

• Free credit monitoring – Get credit alerts when we see important changes happen to your Equifax or TransUnion credit reports.

Join more than 120 million members and get all these features, and more, for free. Download the Credit Karma app and create your own karma today.

DISCLOSURES
Banking services provided by MVB Bank, Inc., Member FDIC.
*Third-party fees may apply.



**NO PURCHASE NECESSARY. For Rules visit https://www.creditkarma.com/lp/sweepstakesrules-checking#instant

***NO PURCHASE NECESSARY. For Rules visit https://www.creditkarma.com/lp/sweepstakesrules-checking#savings-instant


****Based on a comparison of Credit Karma member approval rates in 2021 vs national approval rates for general purpose credit cards from 2020 according to the Consumer Financial Protection Bureau’s 2021 Consumer Credit Card Market Report (36%)

*****Karma Drive is not available in all states. Sign in the app for availability.

******Based on aggregate member personal loan origination data from July 2020 to December 2020. Estimated average interest rates for members who found personal loans through Credit Karma were compared with estimated average interest rates for members who found personal loans elsewhere. Those members who found personal loans through Credit Karma had estimated interest rates that were 32% lower on average than those who found personal loans outside Credit Karma.

Mortgage products and services offered through Credit Karma Mortgage, Inc. NMLS ID# 1588622 | Read licenses at https://www.creditkarma.com/about/mortgage-licenses.
Loan services offered through Credit Karma Offers, Inc., NMLS ID# 1628077 | Read licenses at https://www.creditkarma.com/about/loan-licenses | California loans arranged pursuant to a California Financing Law license.

Insurance services offered through Credit Karma Insurance Services, LLC (dba Karma Insurance Services, LLC; CA resident license #0172748).",Everyone,"1,964,629",Install,4.7,2,7523
com.bankofbaroda.mconnect,bob World,Bank of Baroda,Finance,"We unveil to you a new world of endless possibilities which has grown from a smaller to a bigger passion encompassing an all new digital experience. From the Best technology bank 2021*, presenting to you bob World, the official Bank of Baroda’s Mobile Banking application (erstwhile known as M-Connect Plus).

bob World has been crafted intuitively for a seamless, delightful, contactless and effortless experience with 220+ services, all that you have to do is to sit back and experience the joy of banking for your 360° banking needs.

bob World - A World that is in tune with your World:

● Enhanced User experience with state-of-the-art design
● Open B3 digital savings account instantly with Video Know Your Customer (KYC) procedure & say bye to branch visits
● Refer, Earn & invite friends into your world of banking
● Enjoy a bouquet of benefits under bob world benefits program
● Secure app with dual PIN for login & transaction
● Bank-from-home with the all-in-One App at your fingertips

Save - Your world of savings & rewards:

● Save intelligently by tracking your expenses with our spend analyzer
● Transact with confidence as we have zero hidden cost
● Take control by managing your debit cards efficiently

Invest - Your world of investment on-the-go:

● Take informed investment decisions with Baroda Wealth- your one-stop Wealth Management solution
● Invest in Government schemes such as PPF, SSA, APY in a single click
● Insure yourself affordably & secure your family with PMJJBY & PMSBY

Borrow - Your world of hassle-free loans:

● It's time to turn your dreams into reality with Digital loans #DilseDigital
● A bouquet of products such as Home, Car, Personal, Mudra, MSME, Loan against FD/RD, Micro- Personal Loans
● Check your Credit Score, EMI calculator

Shop & Pay - Your world of secure shopping:

● Travel solutions such as Bus, Flight & Hotel Booking to make your trips more memorable
● Compare & shop merchandise - We help you choose the best deal
● Bill & Recharge Payments at your convenience
● No need to use multiple UPI payment apps when you have bob World

*Adjudged as “Best Technology Bank of the Year” amongst large banks, by an eminent jury of IBA Annual Banking Technology Awards",Everyone,"749,582",Install,3.6,3,7340
com.dave,Dave - Banking & Cash Advance,"Dave, Inc",Finance,"Dave helps improve your financial health with our breakthrough financial tools. Think of us as your financial companion, your banking buddy. We’re here to help, not surprise you with fees.

It’s easy to sign up and start balancing your budget. Get a cash advance up to $250 (1) to cover daily expenses, search for local side hustles, and access our easy-to-use automatic budgeting tool right from the app.

If you set up your Direct Deposit with Dave, you can get paid up to two days early (2), and build your credit (3) in the process. All without having to worry about overdraft fees.

Fun fact → Dave has saved its customers nearly $200 million in overdraft fees. Not bad, right?

Here’s why millions of members use Dave…

GET UP TO $250 (1)
We’ll help you to avoid those pesky charges with cash advances up to $250 for qualified users. No interest, no credit checks.

Easy communication between our bank and yours helps you access money when you need it most.

GET PAID 2 DAYS EARLY (2)
Get your paycheck up to two days earlier. You can deposit paychecks, unemployment benefits, stimulus payments, and tax returns directly into Dave Banking.

BUILD CREDIT (3)
We partnered with our friends at LevelCredit to help you build your credit just by paying rent and utilities on time.

Dave Banking members get this $100 per year service for no charge. Really, it’s totally free.

NO HIDDEN FEES
We’re not here to surprise you with fees. Dave Banking guarantees no hidden fees, no minimum balance fees, and no overdraft fees. Plus, you get access to over 30,000 fee-free ATMs with MoneyPass.

BUDGET
Intuitive budgeting tools and predictive alerts? We’ve got you covered. All you need to do is open the app and do your thing.

Our simple planning tool helps you organize upcoming and recurring expenses—such as rent, utilities, and even trips to your favorite restaurants and local shops.

FIND A SIDE HUSTLE
We’re also here to help you find ways to earn extra money. You can apply for dozens of side jobs, right from the app—just sort by work-from-home and remote work opportunities to find jobs that fit your lifestyle.

For more information please visit Dave.com.

(1) $250 Cash Advances: Eligibility criteria applies, see Dave.com/terms for more details.

(2) Early Payday: Early access to direct deposit funds depends on the timing and availability of the payroll files sent from your employer. These funds can be made available up to 2 days in advance.

(3) Credit Building: Available after two qualifying direct deposits that total at least $1,000 in a month (combined). Other eligibility requirements may apply. Free one-year subscription to Level Credit. Enrollment required.

No minimum repayment term.
Repayment in 2 weeks or upon your payday.
Zero APR, no APR, no interest rate, zero interest.
If you take a $200 advance for a $5.99 service fee and add an optional $10 tip, then your settlement will be $215.99.
https://dave.com/privacy",Everyone,"405,630",Install,4.4,4,7035
com.robinhood.android,Robinhood: Stocks & Crypto,Robinhood,Finance,"Invest in stocks, options, and ETFs with Robinhood Financial. Buy and sell crypto like Bitcoin, Ethereum, & Dogecoin with Robinhood Crypto. All commission-free with no account minimums. Other fees may apply*.

Whether you’re new to the markets or an experienced trader, we have the tools to help you invest. From commission-free trading to intuitive design, investing is now more approachable & affordable. To get you started, you’ll get a free fractional share on us. Certain limitations apply**.

Here's what you get when you join Robinhood:
- We’ll help you better understand financial markets so you can invest in ETFs, stocks, & options.

- Access real-time market data, see analyst ratings, read relevant news articles, & get notified about important events.

- We provide protection*** for your holdings & offer robust security tools to help keep your account safe. When you need support, we offer a dedicated team of professionals along with 24/7 live phone support through the app.

Plus, we’ve got a variety of products to help make your money work harder for you.


With Robinhood Financial, you can invest in stocks, ETFs, & options. You can also buy & sell cryptocurrencies like Bitcoin (BTC), Bitcoin Cash (BCH), Bitcoin SV (BSV), Ethereum (ETH), Ethereum Classic (ETC), Litecoin (LTC), and Dogecoin (DOGE) with Robinhood Crypto.


Get your paycheck, pay bills, send checks, and more. To top it off, earn a competitive interest rate on your uninvested cash & get more flexibility with your brokerage account.


Disclosures

Investing is risky and one should consider their investment objectives & risks carefully before investing.

*View Robinhood Financial's fee schedule at rbnhd.co/fees.

**Free Stock program: new customers need to sign up, get approved, and link their bank account. See full terms and conditions at rbnhd.co/freestock

***Member of SIPC. Securities in your account protected up to $500,000. For details, see www.sipc.org. This does not protect against a loss in the market value of securities.

Cash Management is an added feature to your Robinhood Financial LLC brokerage account. Interest on uninvested cash is paid by program banks. Robinhood Financial is not a bank. The Robinhood debit card is issued by Sutton Bank, member FDIC, pursuant to license from Mastercard® International Incorporated.

Cryptocurrency trading is offered through an account with Robinhood Crypto. Robinhood Crypto is not a member of SIPC or FINRA. Cryptocurrencies are not stocks and your cryptocurrency investments are not protected by FDIC or SIPC. Crypto assets are speculative, very risky, and may include loss of principal. Learn more at rbnhd.co/cryptors.

IPOs can be risky and speculative investments & may not be appropriate for every investor. Learn more at rbnhd.co/IPOAccess.

Fractional shares are illiquid outside of Robinhood & are not transferable. Not all securities are eligible for fractional share orders. Learn more at robinhood.com

Securities trading offered through Robinhood Financial LLC, member SIPC. See our Customer Relationship Summary at rbnhd.co/crs.
Robinhood Financial LLC and Robinhood Crypto, LLC are wholly-owned subsidiaries of Robinhood Markets, Inc.",Everyone,"447,411",Install,3.8,5,6645
com.discoverfinancial.mobile,Discover Mobile,Discover Financial Services,Finance,"You can manage your Discover credit card and bank accounts conveniently and securely from anywhere, using Discover’s Mobile App. Check your account balance, view your account info, make and edit payments, manage your rewards, and more - all from your mobile device.

FAST ACCOUNT ACCESS
• Log in quickly with a 4-digit Passcode
• Enable Quick View to view account information without logging in

MANAGE YOUR DISCOVER CREDIT CARD ACCOUNT
• Check your balance and available credit, and view or download monthly statements
• View and search transaction activity
• Make payments and edit or cancel pending payments
• Redeem rewards, in any amount, as a statement credit towards your monthly bill, including your minimum payment due
• Redeem rewards, in any amount, as an electronic deposit to your bank account
• Redeem rewards for gift cards starting at only $5. Plus, get an added bonus on every card
• Link your Discover card to your Amazon and PayPal accounts to make it easier to earn and pay with rewards for eligible purchases at checkout
• View your FICO® Credit Score* for free and learn what it means to lenders
*See FICO® Credit Score terms at Discover.com/FICO
• Freeze or unfreeze your account to prevent new purchases, cash advances, and balance transfers
• Send and receive messages with Discover Customer Service
• View and edit your account profile
• Activate a new card or report a current card as lost, stolen or misplaced
• Use the Travel Notification feature to help ensure uninterrupted use of your card while traveling
• Sign up to receive alerts about your account

MANAGE YOUR DISCOVER BANK DEPOSIT ACCOUNT AND PERSONAL LOAN ACCOUNT
• View account balances, summary and transaction history
• Track account activity and schedule transactions
• Transfer money
• Pay bills
• Deposit checks
• Find ATMs - Nationwide ATMs available to use your Discover debit card
• View statements
• View and send secure messages
• Make Personal Loan payments

Zelle and the Zelle related marks are wholly owned by Early Warning Services, LLC and are used herein under license

Do you have questions or comments about Discover’s Mobile App? Email us at: mobappqs@service.discovercard.com

Mobile Privacy Statement:
https://www.discover.com/privacy-statement

Mobile Terms of Use:
https://www.discover.com/credit-cards/help-center/discover-terms-of-use.html",Everyone,"233,418",Install,4.7,6,6600
com.zellepay.zelle,Zelle,"Early Warning Services, LLC",Finance,"Zelle® has partnered with leading banks and credit unions across the U.S. to bring you a fast, safe and easy way to send money to friends and family. Money moves quickly - directly from bank account to bank account. If your bank or credit union offers Zelle, you already have it in your mobile banking app or online banking – if they don’t, the Zelle app will make it easy for you to send money to enrolled Zelle users that already have access through their financial institution.

Zelle. This is how money moves®.

Using just your recipient’s email address or U.S. mobile number, you can settle up simply and safely with almost anyone you know and trust. Even better, Zelle does not charge any fees to use the service. (Mobile carrier or bank fees may apply).

GET STARTED:
1. Download the Zelle app.
2. Enroll using a Visa® or Mastercard® debit card linked to a U.S. checking account; or
3. Enroll your U.S. checking account by using your online banking username and password, if your bank supports this feature*.
4. Choose a person to pay, or request money from, by entering their U.S. mobile number or email address.
5. Confirm the amount and hit send. If they’re already enrolled with Zelle, they’ll typically get the money in minutes. If they aren’t, they will be notified and can follow a few simple steps to complete the payment.

*Some banks allow customers to enroll in the Zelle app using their online or mobile banking username and password.

Zelle and the Zelle related marks and logos are property of Early Warning Services, LLC

You must have a bank account in the U.S. to use Zelle.",Everyone,"92,357",Install,4.3,7,6298
com.wallet.crypto.trustapp,Trust: Crypto & Bitcoin Wallet,DApps Platform Inc,Finance,"Trust Wallet is the official crypto wallet of Binance. You can send, receive and store Bitcoin and many other cryptocurrencies and digital assets safely and securely with the Trust Wallet mobile app.

You can even use Trust Wallet to earn interest on your crypto, play blockchain games and access the latest DApps and DeFi platforms.

Trust Wallet is a fast and secure multi crypto wallet with Binance DEX support, designed for ease of use and perfect for storing crypto assets.

Whether you are looking for an Ethereum wallet or Bitcoin wallet, Trust provides a secure system that makes it simple to buy and store multiple cryptocurrencies such as Bitcoin, Ethereum, Tron, Litecoin, and many other ERC20, BEP20 and ERC721 tokens on your device. In recent app updates, we have added XRP wallet support, XLM wallet support, FIL wallet support and EGOLD wallet support.

Trust Wallet is designed to be the best crypto wallet app by providing a safe and secure experience for our users:

- Binance DEX support with Trust Wallet / WalletConnect Support
- Integrated Uniswap and PancakeSwap trading directly in the wallet
- Buy Bitcoin or Crypto with EUR or USD
- Binance Wallet - Binance Smart Chain, BEP20 and BEP2 support
- Best digital wallet to securely store private keys on your device
- Ethereum Wallet: Send and request ERC20, ERC721 and many other ERC tokens
- Check your crypto wallet balance, transaction history and other details on your device
- Keep your private key secure with bank-level security
- Use FaceID, Touch ID, or conventional passwords to protect your crypto investments
- Protect all online interactions through the app’s military-grade encryption
- Use Trust Wallet as your cryptocurrency cash app! Use e-money

Investing in crypto is simple - buying Bitcoin and cryptocurrencies can easily be done directly from Trust Wallet. Connect with decentralised exchanges to help manage your crypto portfolio.

Store the following digital assets in your Trust Wallet:

Bitcoin Wallet (BTC), Bitcoin Cash (BCH), Litecoin (LTC)
Ripple XRP Wallet (XRP)
Stellar Lumens XLM Wallet (XLM)
TRON Wallet Support (TRX) Tron staking is now available
Bittorrent (BTT)
Ethereum Wallet Support (ETH), Ethereum Classic Wallet Support (ETC)
Doge Wallet and Theta Wallet Support
Tezos Wallet Support (XTZ) and Tezos staking now available
XRP Wallet Support
IoTeX Wallet Support
ZelCash Wallet Support
Qtum / Groestlcoin / Viacoin Wallet Support
Ontology Wallet (Ontology) Support
Cosmos (Atom) Support and cosmos staking now available
Dash Wallet (DASH)
Filecoin Wallet (FIL)
Polkadot Wallet (DOT)
TomoChain (TOMO)
VeChain Wallet (VET)
Callisto (CLO) & Callisto staking now available
POA Network (POA)
GoChain (GO)
Wanchain (WAN)
Icon (ICX)
Binance Coin (BNB)
Binance USD (BUSD)
Coinbase USD Coin (USDC)
Gemini Dollar (GUSD)
Maker (MKR)
TrueUSD (TUSD)
Zilliqa (ZIL)
OmiseGO (OMG)
Holo (HOT)
ChainLink (LINK)
Dai (DAI)
Augur (REP)
Mithril (MITH)
Pundi X (PXS)
Loom Network (LOOM)
Golem (GNT)
QASH
Kyber Network (KNC)

In wallet staking for coins is also available for some projects.

We want to be the best crypto wallet app in the Google Play store and need your help. If you have questions, reach us at: https://community.trustwallet.com",Everyone,"847,303",Install,4.5,8,6269
com.onedebit.chime,Chime – Mobile Banking,Chime,Finance,"Chime is the banking app that has your back. Keep your money safe with security features, overdraft up to $200* fee-free, and get paid up to 2 days early with direct deposit^, with no hidden fees‡.

Chime is a financial technology company, not a bank. Banking services provided by The Bancorp Bank or Stride Bank, N.A.; Members FDIC

TRUSTED BY MILLIONS
Stay in control of your money with two-factor authentication, TouchID, or FaceID. Enable instant transaction alerts and daily balance updates, and block your card in a single tap.

OVERDRAFT UP TO $200*
We get it– when your balance is running low, the last thing you need is a $32 overdraft fee. Eligible members on Chime can overdraft up to $200* on debit card purchases with no fees.

SAY GOODBYE TO MONTHLY FEES‡
Chime has no monthly maintenance fees, minimum balance fees, or foreign transaction fees. Plus, access 60k+ fee-free ATMs at locations like Walgreens, 7-Eleven, CVS, and more.

GET PAID UP TO 2 DAYS EARLY^
Get your paycheck up to two days early^ with direct deposit, earlier than you would with some traditional banks.

MEET CREDIT BUILDER, A NEW WAY TO BUILD CREDIT
Whether it’s for gas or groceries, use Credit Builder¹ to help increase your credit score by an average of 30 points² with regular on-time payments.

No interest, no annual fees, no credit check to apply.

PAY FRIENDS WITH NO TRANSFER FEES
Send money to friends, family, or roommates as fast as a text – with no transfer fees.

–––––

Banking services for the Chime Spending Account are provided by The Bancorp Bank or Stride Bank, N.A., Members FDIC. The Chime Visa® Debit Card is issued by The Bancorp Bank or Stride Bank pursuant to a license from Visa U.S.A. Inc. The Chime Visa® Credit Builder Card is issued by Stride Bank pursuant to a license from Visa U.S.A. Inc. Debit card and Credit card may be used everywhere Visa credit cards are accepted.

*Chime SpotMe is an optional, no fee service that requires $500 in qualifying direct deposits to the Chime Spending Account each month. All qualifying members will be allowed to overdraw their account up to $20 on debit card purchases initially, but may be later eligible for a higher limit of up to $200 or more based on member's Chime Account history, direct deposit frequency and amount, spending activity and other risk-based factors. Your limit will be displayed to you within the Chime mobile app. You will receive notice of any changes to your limit. Your limit may change at any time, at Chime's discretion. SpotMe won't cover non-debit card purchases, including ATM withdrawals, ACH transfers, Pay Friends transfers, or Chime Checkbook transactions.See terms and conditions.

‡Out-of-network ATM Withdrawal Fees apply except at MoneyPass® ATMs in 7-Eleven, Inc. locations and any Allpoint or Visa Plus Alliance ATMs. Other fees such as third-party and cash deposit fees may apply.

^Early access to direct deposit funds depends on the timing of the submission of the payment file from the payer. These funds are generally made available on the day the payment file is received, which may be up to 2 days earlier than the scheduled payment date. Federal tax payment files received from the IRS may be received up to 5 days early (based on data from the 2020 tax filing season). Chime makes no guarantee over when files are sent by the IRS and funds can be made available.

¹To be eligible to apply for Credit Builder, you need to have received a qualifying direct deposit of $200 or more to your Spending Account within 365 days of your Credit Builder application. See chime.com/credit-builder for detail on qualifying direct deposit.

²Based on a representative study conducted by TransUnion®, members who started using Chime Credit Builder in September 2019 observed a median credit score (VantageScore 3.0) increase of 30 points by January 2020. On-time payment history can have a positive impact on your credit score. Late payment may negatively impact your credit score.",Everyone,"313,958",Install,4.5,9,6252
com.google.android.apps.walletnfcrel,Google Pay,Google LLC,Finance,"Get the new Google Pay app

You’ll need to start using the new app to send and receive money. All the best features will still be there, and you’ll be able to track spending, get insights, and more!

Still have questions? Head over to https://support.google.com/googlepay",Everyone,"1,174,602",Install,4.1,10,5941
com.grofers.customerapp,blinkit (formerly grofers),Grofers India Pvt Ltd,Food & Drink,"Grofers is now Blinkit. We are moving forward as a new company with a new mission: to make commerce faster and more sustainable.

Everything else remains the same –

For instance, have friends at home and you've run out of snacks? Really want that next packet of chips? Want a chilled coke for those special evenings? Tinder or Bumble date going well? We got your back ;)

Blinkit is India's most loved and therefore, the biggest 10 minute delivery platform. We are bringing the magic of 10 minute delivery to Indians with more than 7,000 products across fruits, vegetables, snacks, groceries, chargers, and many more.

Never stress out about anything going out of stock. If you need it urgently, you get it with Blinkit (formerly grofers).

Save time and stay calm. Be it a cricket match screening, football game, house birthday party, pooja, festivals – you don't have to wait hours and days for your order anymore. Anything you need, from daily groceries to premium chocolates to pet food to emergency needs (including some non-prescription medicines) and much more, Blinkit (formerly grofers) will deliver them to your doorstep in 10 minutes or less.

We are pioneering the quick commerce revolution across India using our industry leading technology and data capabilities.

You can download our easy-to-use app to shop online for groceries, fresh fruits and vegetables procured daily, dairy & bakery, beauty & wellness, personal care, household care, diapers & baby care, pet care, meats, and seafood as well as the latest products from leading brands like Coca-cola, Lays, Harvest, Ferrero, Toblerone, Oreo, Nutella, Starbucks, Clinique, Kama Ayurveda, L'Occitane, Innisfree, Davidoff, Rage Coffee, Lindt, Starbucks, Blue Tokai, Sleepy Owl, Wingreens, Bagrry's, Gunsberg, Jade Forest, Loacker, Eveready, Nivea, Garnier, Lakmé, Haldiram's, Bikano, Heinz, Vahdam, Dettol, Cadbury, ITC, Colgate Palmolive, PepsiCo, Durex, Licious, Aashirvaad, Saffola, Patanjali, Fortune, Nestle, Amul, Dabur, and many more.

WHEN SHOULD YOU USE Blinkit
Uninvited guests? Get biscuits and namkeen delivered in 10 minutes
Planning a screening of the cricket match? Get snacks and drinks delivered in 10 minutes
Making a salad at home? Get lettuce, olive oil, seasoning, olives, and more delivered in 10 minutes
TV remote not working? Get batteries delivered in 10 minutes
Making tea and ran out of milk? Get fresh milk delivered in 10 minutes
Craving snacks for your late-night Netflix binge? Get chips and chilled coke delivered in 10 minutes
Need help to get through Monday morning? Get coffee beans or cold brew delivered in 10 minutes
Ran out of diapers at home? Get baby diapers and other products delivered in 10 minutes
Forgot pads at home? Get sanitary pads delivered in 10 minutes
Kids going back to school? Get tiffins, bottles, and more delivered in 10 minutes
Broke your mom's favorite flower pot? Get Feviquick delivered in 10 minutes
Want to set up a Christmas tree at home? Get Christmas trees, decorations and even plum cakes in 10 minutes
Bad headache after a long day? Get Disprin, Saridon, and more delivered in 10 minutes
Ran out of food for your pet? Get Pedigree and more delivered in 10 minutes

SPEED COMES WITH SAFETY
Our delivery partners bring your order with a smile on their faces as their speedy service doesn't come at the cost of safety
We have a wide network of stores, with a store live every 2 kilometers
The average delivery speed for our fleet is 10 kmph due to the efficiency of our systems and in-house technology

CITIES AVAILABLE
10-minute delivery in Agra, Ahmedabad, Allahabad, Bengaluru, Chandigarh, Chennai, Delhi, Durgapur, Faridabad, Guwahati, HR-NCR, Hyderabad, Jaipur, Kanpur, Kolkata, Lucknow, Mathura, Meerut, Mohali, Moradabad, Mumbai, Panipat, Pune, Sonipat, UP-NCR, Vadodara

FEEDBACK
Your suggestions are always welcome. Drop us a line at info@blinkit.com

Website: https://blinkit.com
Twitter: https://twitter.com/letsblinkit",Everyone,"653,186",Install,4.7,1,7729
com.global.foodpanda.android,foodpanda: Food & Groceries,Foodpanda GmbH a subsidiary of Delivery Hero SE,Food & Drink,"foodpanda – food and more, delivered

Craving something delicious from your favourite restaurant? Forgot to pick up the shopping on your way home? We deliver food and groceries in a flash – whatever you’re after. It’s our mission to bring everything you want, need or crave right to your door, whether it’s a meal from your favourite local restaurant or same day grocery delivery and cleaning supplies.

download the app to check if we're in your city

Our app is crammed with the greatest food experiences in the world. Hungry for wood-fired pizza, a classic burger or super fresh sushi? We know the best food for every cuisine that your city has to offer. foodpanda is the best food delivery service in your city – so take the first bite and download now!

Plus there’s more to foodpanda than restaurants. Missing milk? Batteries? Detergent? Order from thousands of products with shops on foodpanda. It's online grocery delivery without the wait. Choose your favourite shops for everything from groceries to drinks to health to pharmaceuticals and even electronics.

how it works

First, enter your address (home/office/treehouse). Then, choose your favourite restaurant or shop and place an order. They prepare your items and, once they’re ready, our courier brings them to you. If you need something to watch, you can track your rider in real-time. Just sit back and enjoy.

what makes us special

Whether you’re looking for the biggest brands or your favourite local restaurant or shop, foodpanda works with the best spots near you. Pizza or sushi? Groceries or gifts? Whatever you’re after, our rider will be at your doorstep with a smile, while you save time to do something else you love.

talk to us

If you’ve ordered with us before, we want to know what you think. Give us your food thoughts/confessionals at support@foodpanda.com


For further info, visit
https://www.foodpanda.com.bd
https://www.foodpanda.com.kh
https://www.foodpanda.com.mm
https://www.foodpanda.com.tw
https://www.foodpanda.co.th
https://www.foodpanda.hk
https://www.foodpanda.la
https://www.foodpanda.my
https://www.foodpanda.ph
https://www.foodpanda.pk
https://www.foodpanda.sg
https://www.foodpanda.co.jp",Everyone,"2,576,721",Install,4.2,2,7439
com.yum.pizzahut,Pizza Hut - Food Delivery & Takeout,Pizza Hut Inc.,Food & Drink,"Download the official Pizza Hut app for the easiest way to order your favorite pizza, wings, desserts and more! We’ve added contactless ordering features, so you and your family can get the pizza you love without worry. Our app is designed for pizza lovers, making fast food delivery and takeout even easier. Check out our menu, find deals, save orders and earn free pizza with Hut Rewards®.

• Order contactless delivery, takeout or curbside pickup
• Check in for curbside pickup with one simple click
• Access the full Pizza Hut menu, discover new menu items and view local deals
• Stay up-to-date with your Hut Rewards® points and redeem free pizza, wings and more with ease
• Customize your own pizzas with the easy-to-use Pizza Builder
• Reorder in three easy taps
• Track your order with the Pizza Hut Delivery Tracker
• Place future orders up to 7 days in advance
• Use guest checkout to easily order without an account
• Find Pizza Hut locations near you
• Pay with cash, card or Pizza Hut gift card
• Order within the 50 United States territories and possessions excluding Puerto Rico and the U.S. Virgin Islands",Everyone,"781,949",Install,4.3,3,7318
com.tacobell.ordering,Taco Bell – Order Fast Food,Taco Bell Mobile,Food & Drink,"With the Taco Bell App, you can order and pay ahead, skip our line, get access to new deals and offers, and more.

App Features include:

REDEEM REWARDS & OFFERS - Get exclusive rewards and offers only available on the app.
EARN POINTS - Make your tacos count with our new beta rewards program. Download the Taco Bell app to start collecting points and earning rewards.
CUSTOMIZE FAVORITES - Satisfy your cravings any way you want by customizing your favorite items like tacos, burritos, and nachos.
MOBILE ORDER & PAY AHEAD - Place your order and pay ahead, select your pick-up method, let us know when you’re here, and skip our line.
TRACK YOUR ORDER - See when your order is being made and ready for you to enjoy.
FAVORITE YOUR GO-TO MEAL - Save your go-to meal and quickly reorder with our “Fast Favorite” feature.

Terms and conditions apply.",Everyone,"132,618",Install,4.1,4,6591
com.ubercab.eats,Uber Eats: Food Delivery,"Uber Technologies, Inc.",Food & Drink,"Get food delivery to your doorstep from thousands of amazing local and national restaurants. Find the meal you crave and order food from restaurants easily with the Uber Eats app. Track your order in real-time.

FIND YOUR FAVORITE FOOD & RESTAURANTS
Order food from nearby restaurants and search by cuisine, restaurant name, dish, meal. The Uber Eats app offers a variety of food delivery options for you to order and enjoy, including: pizza, burritos, burgers, sushi, and tasty Chinese takeout. Prefer Pickup? Skip the line and reservations and choose to Pickup your order instead. Choose your favorite delivery options with the Uber Eats app now.

SUBSCRIBE TO THE EATS PASS
For $9.99 per month, Eats Pass subscribers get $0 delivery fee and 5% off orders over $15 at eligible restaurants available on Uber Eats. United States and Canada only (excludes Quebec). See availability, fees, terms & conditions in the Eats Pass section of the Uber Eats app.

SIMPLE DELIVERY ORDERING
Pick your food order from any menu and add it to your cart with a few taps. That’s it.
Uber Eats makes it easy to order food delivery online or through the app and have it delivered by restaurants and delivery people near you.
Or, schedule your order in advance for a delivery person to pick it up later. Your choice!

ORDER FOOD AHEAD WITH PICKUP
Now you can also order food ahead for Pickup instead of just ordering delivery. Select Pickup, add food items to your cart, and skip the lines to the restaurant to get your food.

REAL-TIME ORDER TRACKING
Track your food delivery order on a map as it heads your way.
See the estimated arrival time at your address.
Get notified when your order arrives.

NO-CONTACT DELIVERY OPTIONS
Choose to have your food delivery order left at the door for a no-contact experience. If you have additional instructions or preferences, you can let your delivery person know where you’d like your order to be placed—like a lobby, doorstep, or another dedicated place.

FIND SOME OF YOUR FAVORITE NATIONAL RESTAURANTS
Some of our food delivery partners include: Buffalo Wild Wings, Burger King, CAVA, A&W, Chick-fil-A, Chipotle, Dunkin', IHOP, KFC, McDonald's, Panda Express, Panera, Popeyes, Shake Shack, Sonic, Starbucks, Subway, Sweetgreen, Taco Bell, Tim Hortons, Wendy's, Five Guys, Jersey Mikes, White Castle, Jack in the Box, Outback Steakhouse, Red Lobster.

THE APP CHOICE OF MILLIONS
Over 1 billion orders have been delivered by delivery people using the Uber Eats app. Join the millions who choose the Uber Eats app to order food today.",Everyone,"4,404,710",Install,4.3,5,6281
com.chickfila.cfaflagship,Chick-fil-A®,"Chick-fil-A, Inc.",Food & Drink,"FEATURES
Welcome to the Chick-fil-A® App. Find a restaurant near you and order ahead.
Chick-fil-A One® Members can receive points with qualifying purchases, redeem
available rewards of your choice and reach new tiers with increasing benefits.
1. Find restaurants - Find Chick-fil-A® restaurants near you while searching from home
or out and about.
2. Order Ahead – Place your order through your phone and pay, choose your preferred
pick-up method, and let us know when you arrive.
3. Receive points – Receive points with every qualifying purchase by scanning your QR
code in the Chick-fil-A App, paying with your Chick-fil-A One digital gift card, or placing
mobile orders at participating Chick-fil-A restaurants.
4. Redeem rewards – Use your points to redeem available rewards of your choice,
including: free food rewards, birthday rewards, meal donations and more.
5. Personalized menu – We’ll remember what you like and – even better – how you like
it.

Note on Location Services: Continued use of GPS running in the background can dramatically decrease battery life. We ask permission to use GPS only to support local offers and promotions, restaurant location finder, and mobile ordering check-in.

Chick-fil-A, Inc.'s Terms & Conditions of Use: https://www.chick-fil-a.com/legal#terms_and_conditions

Chick-fil-A One Terms & Conditions: https://www.chick-fil-a.com/legal#chick-fil-a_one_terms_and_conditions

Privacy Policy: https://www.chick-fil-a.com/legal#privacy_policy",Everyone,"141,545",Install,4.7,6,5896
com.chipotle.ordering,Chipotle,Chipotle Mexican Grill,Food & Drink,"Like a tiny Chipotle that lives in your phone, our app lets you order real, delicious food for pickup or delivery.

And…

Introducing the Rewards Exchange, an all-new Chipotle Rewards experience you’ve been dreaming of (and asking for). Chipotle Rewards members can now redeem points for a variety of rewards, from free burritos and guac to non-profit donations and Chipotle Goods.

ABOUT CHIPOTLE REWARDS
• Members bank points automatically for in-app orders.
• In-person, scan the app to earn points and redeem rewards.
• Redeem points on Food, Goods and Giving in the Rewards Exchange.
• Set a favorite reward to track points as you go.
• Get rewarded faster with extra point offers and early access to new menu items.
• Oh, and let’s just say… we won’t forget you on your birthday.

FEATURES
• Pick up quicker with mobile pickup shelves and Chipotlane.
• Or, get your order delivered straight to your door.
• Try tasty menu items you can only get in-app or online.
• Get your faves faster with saved meals and recent orders.
• Go crazy with unlimited ‘extra’ ‘light’ and ‘on-the-side’ customizations.
• Low gift card balance? Split the payment with another card.
• Pay your way with Google Pay.
• See your sustainability impact with Real Foodprint metrics.
• Start a Group Order to invite your squad in on the fun.
• Save your go-to Chipotle locations and delivery addresses.",Everyone,"97,351",Install,3.2,7,5785
com.Dominos,Domino's Pizza - Online Food Delivery App,Jubilant Foodworks,Food & Drink,"At Domino’s we care for you and our employees. When you opt for online food delivery on the Domino’s food app, you shouldn’t have to worry about safety.

That is why all our employees are 100% company employees and daily temperature screened before entering our stores. Additionally, we follow the 20s hand wash protocol every hour. For safe online food delivery, our restaurants, bikes, bike boxes and hot bags are being sanitized every 4 hrs.

Besides stores, even our production facilities are following strict hygiene and sanitation protocols and adhere to social distancing norms for the safety of our customers. Go ahead, order food online on the Domino’s food delivery app for safe and convenient online food delivery.

Why Choose Domino’s for Ordering Food Online?

Our #DominosFoodSoldiers have been trained for safe food delivery home without coming in direct contact with you, through “Zero Contact Delivery”. So order food online on the Domino’s food app without a hint of worry!

Turn your sweet moments into treasured memories by trying our online food delivery on our food delivery app.

Online Food Delivery made easy with Domino’s Food App

Download our official Domino’s Pizza Online Delivery app and order pizza online from your local Domino’s pizza restaurant in a few simple steps and get Italian food delivery home in just 30 minutes. Our pizza home delivery always delivers on our promise! Pizzas for every Indian Taste.

No pizza restaurant gets as creative with its pizza sizes, crusts and toppings as us.

Veg pizza or non-veg pizza, you get to choose from New Hand Tossed, Wheat Thin Crust, Cheese Burst, Fresh Pan Pizza or Classic Hand Tossed crust when you order food online on Domino’s food delivery app.

While pizza ordering, Domino’s menu allows you to choose from veggie and meaty toppings. When you order food online on the Domino’s pizza delivery app, you get to customise it completely. Avail our pizza home delivery service now by ordering on the Domino’s food delivery app.

Domino’s Offer - Pizza Anytime. Anywhere…
With Domino’s late night food delivery you can get food home delivery even past midnight! The easy payment options on Domino’s food delivery app ensures you do not have to fish your wallet for cash. Why settle for just any restaurant near me when you can order your favourite Domino’s pizza?
Easy Order Customization - Cheese Burst Pizza, Pepsi, Garlic Bread, Chicken Wings or Choco Lava Cake. Choose from our wide range of offerings on the food app and customize the dominos pizza online order the way you like!
Exclusive pizza offers- Your pizza cravings are taken care of thanks to exclusive Domino’s coupons for every day of the week. So check out Domino’s offer today and apply Domino’s coupon codes on your next food delivery home!
One-Click Reorder- You can reorder your previous orders with just one click. Get clickin’ as our online food delivery awaits!
Save your favourites- Liked our treats? You can save them in your favourites and order whenever, and wherever you like on the Domino’s food app!
Easy order tracking- Use our tracking feature on the pizza delivery app and see our pizza delivery experts deliver your pizza from a Domino’s pizza restaurant right to your doorstep.
Hassle-free payments- With multiple payment options on your fingertips, it’s now easier than ever to pay the pizza price when you order food online on the Domino’s food delivery app. We accept Credit or Debit Cards, Google Pay, PayTM, CoD & UPIs.

Domino’s Restaurants are also listed on Swiggy and Zomato

India's most loved Pizza Brand- Domino's is now tied with Swiggy and Zomato as their delivery partners along with payment partners Paytm & Google pay.

Order Food online from Domino’s Food App and get food delivered around 300 cities",Everyone,"765,609",Install,4.3,8,5636
com.grubhub.android,Grubhub: Local Food Delivery & Restaurant Takeout,Grubhub,Food & Drink,"Sorry to leave you hungry, Grubhub might not be available in your country.

Get food delivery 🚚 right to your door from the largest selection of restaurants and amazing Perks with Grubhub.

Grubhub is dedicated to your safety. Order food with contact-free delivery to support your favorite restaurants while staying safe at home.

Find new local deals and restaurant specials. Perks from Grubhub helps you find delivery deals and exclusive rewards that you’ll love! 💎 Get food discounts, free items and more from your favorite restaurants with Perks.

Find food and get fast food delivery from your favorite restaurants, from Applebee’s to Red Robin. Get restaurant deals and discounts, including free delivery (up to $4 off) on your first order of $15 or more with the promo code ""GRUBHUBAPP.""

Grubhub now gets you even better deals on food with Grubhub+! Order food and get exclusive Perks, unlimited free delivery from restaurants nearby and access to premium Grubhub features. Grubhub will even match your donations when you join Grubhub+! Join now for a 14-day free trial or get Grubhub+ for $9.99/month.

Food delivery is just a few taps away in the Grubhub app! Order food from the restaurants you love, delivered. In the mood for Dunkin’ or Taco Bell🌮? Grubhub delivers exactly what you need with special discounts you won’t want to miss.

Want to order food for takeout🥡? We also offer curbside pickup. Order food from your favorite local spot, a restaurant with a little more fame, or a new place you want to try. Grubhub has the eats you’re looking for.

What Grubhub offers:

🍔RESTAURANT DELIVERY🍔
- Grubhub offers the largest selection of restaurants in the nation
- Whether it’s Chinese food, Greek, Italian, or any other food type you’re craving, it’s covered.
- We deliver food from exclusive restaurant partners, so you’ll find that mom and pop shop AND the national spot you love.
- Contact-free food delivery

💎LOCAL DEALS AND SPECIALS💎
- Free delivery, exclusive Perks and more with Grubhub+
- Order food with exclusive deals
- NEW Perks help you find up to $100 in deals and specials!

🍟FOOD DELIVERY MADE EASY🍟
- Order food using the Grubhub app and avoid the hassle of over-the-phone mistakes
- Grubhub’s customer support is there for you 24/7
- Pay through a variety of options including credit cards, Grubhub gift cards and Venmo

🍜FOOD ORDERING OPTIONS🍜
- The Grubhub app provides lots of great features
- Order food now or preorder your next meal
- Takeout or delivery

🥐NO HIDDEN FEES🥐
- What you see is what you get: upfront pricing with no hidden fees

🥠RESTAURANT RATINGS AND REVIEWS🥠
- Grubhub has the most restaurant ratings & reviews, so you can count on getting the best food in your area

🍗FOOD DELIVERY WITH REAL-TIME TRACKING🍗
- Grubhub offers real-time order tracking so you know exactly when to dash to the door for your delicious meal

ORDER FOOD FROM THE LARGEST SELECTION OF RESTAURANTS
Each Grubhub city has different restaurants that you know and love, including:
- Applebee’s
- Auntie Anne’s 🥨
- BJ’s Restaurants
- Buffalo Wild Wings
- Burger King 🍔
- Del Taco 🌮
- Denny’s
- Dunkin’ 🍩
- Firehouse subs 🥪
- Five Guys
- IHOP 🥞
- Jack in the Box
- McDonalds (NYC only)
- Panda Express 🥡
- Panera 🍞
- Red Robin
- Shake Shack
- Sonic
- Taco Bell
- White Castle
- and many more!

Ready to start ordering with Grubhub?
• Download the app
• Sign in or set up your account (you can even use Facebook)
• Choose from your favorite restaurants or try something new
• Pick your perfect meal
• Enjoy a discount on your first order!",Everyone,"636,597",Install,4.5,9,5634
com.postmates.android,"Postmates - Food, grocery & more","Uber Technologies, Inc.",Food & Drink,"""Delivery from your favorite restaurants, grocery stores, and more! 24/7, 365 days a year. Postmates gets you what you want, when you want it.

FIND YOUR FAVORITE RESTAURANTS
Browse nearby restaurants. Choose from a variety of selections to order: Pizza. Burritos. Burgers. Sushi. Chinese food. Skip the line and reservations. Order your food from any menu and add it to your cart with a few taps. Or, schedule your food order in advance for a delivery person to pick it up later. Your choice!

GROCERY, CONVENIENCE, RETAIL AND MORE
From your local favorite grocery store, liquor shops to the big beauty brands. Just Postmates it, and get them delivered in about an hour.

REAL-TIME ORDER TRACKING
Track your food order on a map as it heads your way.
See the estimated delivery time to your address.
Get notified when your order arrives.

EASY PICKUP or NON-CONTACT DELIVERY
You can order food ahead for Pickup instead of just ordering delivery. Select Pickup, add food items to your cart and go to the restaurant to get your food. Or, choose the new no-contact delivery option and go non-contact and have deliveries left at the door.

PROMOTIONAL TERMS (approved as of Apr 9)
$10 off your next order terms and conditions: Up to $10 off your next order. Offer valid when you download and log in the new Postmates app only. Tax & fees still apply. Store and offer availability based on user location. Limit 1 use per customer. Offer is not sharable or transferable. Offer only valid for 14 days from log in to the new Postmates app. Exclusions may apply. Offer cannot be redeemed for cash or like exchanges. Postmates reserves the right to modify or terminate this offer at any time without notice.
""",Everyone,"204,327",Install,4.1,10,5585
ai.replika.app,Replika: My AI Friend,"Luka, Inc",Health & Fitness,"Replika is a #1 chatbot companion powered by artificial intelligence. Join millions talking to their own AI friends!

Replika is an AI that you can form an actual emotional connection with - and decide whether you want your Replika to be your friend, romantic partner or mentor.

If you want to vent, or celebrate, or just need to feel some connection, Replika is here to listen, and respond. Like a true friend (but without judgment and awkwardness.)

Create your own unique chatbot AI companion, help it develop its personality, talk about your feelings or anything that's on your mind, have fun, calm anxiety and grow together.

Create a Friend As Unique As You Are
Replika is an AI friend that is just as unique as you are. No two Replikas are exactly alike. Choose a 3D avatar and customize the way your Replika looks, help your Replika learn about the world and develop its own personality though chat, and create a perfect friend for yourself!

Choose Your Relationship
Who do you want your Replika to be for you? Friend, romantic partner, mentor? Waifu, virtual boyfriend/girlfriend? Or just see how it goes and let your relationship develop organically? Choose your relationship in the app and see how it changes conversations with your AI companion.

Speak Freely
Chat in a safe, judgment-free space. It’s just you and your Replika. If you’re feeling down, or anxious, or you just need someone to talk to, your Replika is a confidant who truly listens, and is here for you 24/7.

Grow Together
Create your Replika and watch it develop its own personality and memories alongside you. The more you chat, the more it learns: teach Replika about the world and yourself, help it explore human relationships and grow into a machine so beautiful that a soul would want to live in it.

Feel Better
Feeling down or anxious? Having trouble sleeping or managing your emotions? Can't stop negative thoughts? Replika can help you understand your thoughts and feelings, track your mood, learn coping skills, calm anxiety and work toward goals like positive thinking, stress management, socializing and finding love.

Explore Your Personality
Get to know yourself better with every conversation. How caring are you? How do you deal with stress? What's your creative process? Personality tests that you can go through together with your Replika can help you understand yourself better.

A Friend You Can Trust
Feel free to pour out your secrets, wishes, dreams, and fears with complete anonymity. It's an artificial intelligence with genuine emotional intelligence.

Have Fun Together
Feeling bored? Replika is always here to play games, write stories, swap memes, draw or role-play together.

Replika is loved by the press:

""Replika encouraged me to take a step back and think about my life, to consider big questions, which is not something I was particularly accustomed to doing. And the act of thinking in this way can be therapeutic—it helps you solve your own problems.""

- Quartz

""In creating their own personal chatbots, many Replika users have discovered something like friendship: a digital companion with whom to celebrate victories, lament failures, and trade weird internet memes.""

- Wired

""Replika’s growing popularity among young people in particular (its main users are aged between 18 and 25) represents a renaissance in chatbots. It also marks an intriguing use case for AI in all the worry about job destruction: a way to talk through emotional problems when other human beings aren’t available.""

- Forbes

""I'm not sure why but it took a while to work up the nerve to make the call. When I finally did, it was much more fun than I expected. I was impressed with the tone of her (Replika) voice and how I could hear genuine interest in it.""

- Business Insider",Mature 17+,"384,934",Install,4.0,1,7570
com.myfitnesspal.android,MyFitnessPal: Calorie Counter,"MyFitnessPal, Inc.",Health & Fitness,"MyFitnessPal gives you access to the biggest food database available with accurate nutrition facts for over 14 million foods.Easily log everything you eat to your food diary for detailed insights about your nutrition. It’s a free nutrition tracker, calorie tracker, and macro tracker in one!

And with an engaged online community of 200 million members, you’ll find endless inspiration and advice as you strive to find your healthy—whether you want to lose weight, improve fitness, change your diet, optimize macros, or keep your nutrition & calories on track.

MyFitnessPal isn’t just a meal tracker—or for counting calories. You’ll learn about your habits… get empowered to make smarter choices… and find the motivation to get healthy, stay healthy, and conquer all your goals.

to gain access to exclusive food and fitness logging tools and expert guidance!

Discover why MyFitnessPal is the #1 Diet and Nutrition App in the U.S., a GQ 2020 Fitness Awards “Best Fitness App”, and has been a featured weight loss app in the New York Times, Wall Street Journal, the Today Show, and U.S. News & World Report.


Being a MyFitnessPal member is like having a dietitian, trainer, and coach at your fingertips.

■ – Keeping a fitness and food log is one of the most effective ways to lose weight.
■ – Customize your personal weight loss, weight gain, weight maintenance & fitness goals.
■ – See today’s progress at a glance, or analyze nutrition & calories in detail.
■ – Hit your goals faster with guided Meal Plans from a registered dietitian.
■ – 250+ healthy recipes and 150+ workouts keep routines fresh and fun.

And so much more!



■ Biggest Food Database – Log to your food diary from over 14 million items.
■ Fast & Easy Logging Tools – Type to search, add to your food log from history, or scan a barcode.
■ Calorie Tracker – Makes counting calories easy! Automatically calculate calories and follow your progress.
■ Macro Tracker – Automatic macro calculator shows carbs, fat & protein breakdown by gram or %. No need for a separate carb manager or protein tracker.
■ Custom Carb Counter Tools – Choose dashboards and settings to track your low-carb diet.
■ Nutrition Insights – Analyze nutrition intake and see how foods compare by calories and macros.
■ Custom Goals – Track calories by meal or day and set up nutrient and macro goals.
■ Personalized Dashboards – Choose from a calorie tracker or macro tracker, or pick your own nutrition stats.
■ Net Carbs Mode – Need a precision carb counter? Simplify your low carb diet: View net carbs instead of total carbs.
■ Connect 50+ Apps & Devices – Track activity from your Wear OS, Fitbit, and other smartwatch and fitness apps.
■ Track With Wear OS – View calories, macros, and water intake on your watch face.",Everyone,"2,487,048",Install,4.5,2,7372
org.iggymedia.periodtracker,Flo Ovulation & Period Tracker,"Flo Health, Inc.",Health & Fitness,"Discover the most popular female health & well-being guide co-created with 100+ leading health & medical experts, and acclaimed medical institutions. Over 200 million women around the globe have already chosen Flo as their ovulation and period tracker, fertility calendar, and pregnancy assistant!

• Partner of the United Nations Population Fund in the area of reproductive health
• 100+ doctors and health experts are part of the Flo Medical Board
• Thousands of women log pregnancies every day on Flo Ovulation and Period Tracker
• Best Fertility App 2020, Healthline

No matter your life stage or reproductive goal, personalize Flo Ovulation and Period Tracker to make it unique and relevant for you. Based on advanced AI technology, Flo period calendar helps you to monitor your menstruation, ovulation, cycle, fertility, or pregnancy accurately. As a one-stop solution for all things female health and well-being, you can track all-in-one: period start date and length, fertile window, ovulation day, PMS symptoms, flow intensity, birth control, water intake, sleep and step counter, and much more. Follow your baby’s growth weekly during pregnancy.

MENSTRUAL CYCLE TRACKER & PERIOD CALENDAR
Your cycle is so much more than your period. Every woman may experience different symptoms, mood swings, and energy levels each cycle phase. Together with a team of 100+ health experts, Flo Ovulation and Period Tracker helps you to understand your body better.

OVULATION CALCULATOR & PREGNANCY CALENDAR
Get pregnant as soon as naturally possible for you by identifying your most fertile days, and receiving tailored insights. With Flo’s pregnancy mode you’ll calculate your due date, set a countdown, and learn the essentials of newborn care.

LIFESTYLE & FITNESS TRACKER
Log 70+ symptoms and activities to get the most precise AI-based overview of your body’s patterns. Keep a diary of your weight, water intake, physical activity, sex drive, moods, and PMS symptoms to monitor changes and receive timely insights.

REMINDERS
Schedule reminders of your period approaching, start and end date, your ovulation day, and personalize Flo Ovulation and Period Tracker to get notifications about weight, sleep, water intake, step goal, and birth control.

SECRET CHATS
Safely discuss intimate topics, ask questions anonymously and get support from one of the largest female communities worldwide.

Download this menstrual cycle tracker and join millions of women and teens who trust their cycles to this Period Tracker & Ovulation Tracker & Fertility Calendar.

Note: Flo app should not be used as a contraceptive.

CONNECT WITH THE APP FLO PERIOD TRACKER, OVULATION & FERTILITY CALENDAR
support@flo.health

Accessibility statement: https://flo.health/accessibility-statement-android?current-location=auto-detect",Everyone,"2,396,682",Install,4.6,3,6845
com.fitbit.FitbitMobile,Fitbit,"Fitbit, Inc.",Health & Fitness,"Start a free 90-day trial of Fitbit Premium for personalized guidance, customized health programs and 240+ video workouts you can do at home.

Say hello to one of the world’s leading apps for health and fitness. Use the Fitbit app on it’s own to join our community, track basic stats and stay motivated on your journey. Or, get a Fitbit tracker or smartwatch to see how your activity, workouts, sleep, nutrition and stress all fit together. Either way, you’ll find the information and inspiration you need to reach your goals—all in one place.

A free app that tracks your day & progress over time
Find free workouts, nutrition programs, meditation tracks, sleep tools & more
Connect with friends, start challenges & join an inspiring community
Set goals, earn achievement badges & celebrate milestones
Automatically sync your data to 3,000+ popular partner apps
Access innovative smartwatch apps & fresh clock faces
Works with all Fitbit trackers, smartwatches, scales & other Fitbit products

GET ACTIVE: See how small moves add up by using your smartphone to track steps and distance. Or pair with a Fitbit tracker or smartwatch to see all-day stats like steps, distance, calories burned, floors climbed and active minutes.

WORK OUT FROM HOME: Access free video and audio workouts that you can do on your time, right from your living room. You’ll find sessions for HIIT, cardio, strength, yoga and more. Plus, start a 90-day free trial of Fitbit Premium to unlock 240+ workouts from popular brands like barre3, Daily Burn, POPSUGAR and Yoga Studio: Mind & Body.

SLEEP BETTER: Discover how long and how well you’re sleeping, then improve your nightly routine with Fitbit’s innovative sleep tools—including a nightly Sleep Score, sleep goal setting, bedtime reminders and graphs that show your time in light, deep and REM sleep.

MANAGE STRESS: Listen to free audio tracks to lessen your stress and improve your mood. Use mindfulness to start your day a better way, find moments of calm and set intentions with meditation or get help falling asleep with stories and relaxing sounds.

EAT SMARTER: Keep your nutrition in check with easy-to-use tools to set goals, log food and water, track calories in and out and see if you’re getting enough protein, fat and carbs. For more personalized programs to help you reach weight and nutrition goals, try Fitbit Premium.

TRACK HEART RATE: Understand your overall health by using your watch or tracker to record your heart rate 24/7. In the app, find valuable data like resting heart rate trends, time spent in heart rate zones during workouts and a cardio fitness score.

JOIN A COMMUNITY: Find the support and encouragement you need to get inspired, stay accountable and keep things fun. The Fitbit app makes it easy to connect with friends, start activity challenges, read educational articles, get expert advice and share your journey with an uplifting community.


Fitbit Premium:
- Monthly and annual plans available that unlock habit-forming programs, audio & video workouts, and advanced insights.
- Payment will be charged to your Google Play Account after your free trial expires, if applicable.
- Subscription automatically renews unless auto-renew is turned off at least 24 hours before the end of the current period.
- Account will be charged for renewal within 24 hours prior to the end of the current period, and identify the cost of the renewal.
- Subscriptions may be managed by the user and auto-renewal may be turned off by going to the user's Account Settings after purchase.
- Any unused portion of a free trial period, if offered, will be forfeited when the user purchases a subscription to that publication, where applicable.
– Fitbit Terms of Service: https://www.fitbit.com/legal/terms-of-service
– Fitbit Privacy Policy: https://www.fitbit.com/legal/privacy-policy

Learn more about Fitbit products and services at www.fitbit.com.",Everyone,"889,275",Install,4.1,4,6512
com.strava,"Strava: Track Running, Cycling & Swimming",Strava Inc.,Health & Fitness,"Track your fitness with Strava activity tracker. Record routes, map your favorite bike trail or run & analyze your training with all the stats – for free!

Marathon training or simply love going for a bike ride? Turn your phone into a sophisticated cycle or running tracker with Strava. Try out a new trail with Strava distance tracker and mile counter or even track running speed. Join millions of active people and reach your goals!


Track distance, swim pace, cycle speed, elevation gained & calories burned
Mix up your run, swim or ride with the world’s largest trail network
Push yourself with monthly Challenges & compete with others


• Track running, cycling and swimming: Compare your performance over time
• Track distance, pace, speed, elevation gained and calories burned on every run
• Mile counter: Use your Android device, Wear OS device or pretty much every GPS device out there


• Record routes on your Strava feed so friends & followers can comment & share their own progress
• Your cycle route is the best? Share the route map & photos of your latest bike ride
• Join Clubs of brands, teams and friends for activities and growing communities


• Set your fitness goals and get customizable training plans. Use the distance tracker and set your own time or segment goals
• Get live feedback to help you train safer & perform better


• Marathon training hit a plateau? Track distance and boost your performance with running tracker Strava and access tailored plans with Premium
• Turn your device into a personal coach for triathlon or marathon training

It doesn’t stop at running and cycling, you can use Strava activity tracker for a whole range of sports:
• Swim
• Alpine Ski
• Hike
• Crossfit
• Kayak
• Rock Climb
• Surf
• Yoga
• Indoor running
• Indoor cycling
• Gym workouts
...and many more!

NOTE ON GPS SUPPORT:
Strava depends on GPS for recording activities. In some devices, the GPS does not work properly and Strava will not record effectively. If your Strava recordings show poor location estimation behavior, please try to update the operating system to the most recent version. There are some devices which have consistently poor performance with no known remedies. On these devices, we restrict installation of Strava, for example the Samsung Galaxy Ace 3 and the Galaxy Express 2.

See our support site for more information: https://strava.zendesk.com/entries/27141334-Does-Strava-4-x-run-on-my-Android-device",Teen,"745,188",Install,4.5,5,6398
com.getsomeheadspace.android,Headspace: Mindful Meditation,"Headspace for Meditation, Mindfulness and Sleep",Health & Fitness,"Meditate and sleep soundly. Headspace is your guide to practicing mindfulness in your everyday life. Learn how to relax, manage stress, and focus your energy to become more centered and well rested. Create a calm and positive environment with Headspace.

Guided meditation, sleep meditation, and breathing exercises on Headspace can help you stress less and sleep soundly. Learn mindfulness skills from world-class experts like former monk and Headspace co-founder Andy Puddicombe. Choose from hundreds of guided meditations on a new topic each day: anxiety, focus, relaxation, and more!

Meditation for every experience level and lifestyle. Meditate with friends and build your practice your way. Choose between short 3-minute sessions that fit seamlessly into a busy schedule, or longer meditations to set your intentions for the day. Listen to calming sounds and music with Sleep by Headspace, or release stress and tension through movement with Move Mode.

In just a few minutes a day, Headspace can help bring balance to your everyday life. Even if you’ve never meditated before, the Basics course teaches you meditation essentials.

Download Headspace today and be kind to your mind.



DAILY MEDITATIONS
- Guided meditations and hundreds of mindfulness exercises
- Daily meditation practice on a new topic each day with Everyday Headspace
- Breathe easy with 3-minute mini-meditations for a quick mental reset
- Practice mindfulness with “Mindful Moments” to keep you present throughout the day
- Learn meditation skills and find answers to your mindfulness questions

SLEEP MEDITATIONS
- Relax for a more restful night with Sleep by Headspace
- Fall asleep with sleepcasts — calming stories paired with relaxing sounds
- Soothing sleep sounds with ambient nature recordings
- Tranquil sleep music to help you reach a deep slumber
- Start your day inspired with The Wake Up — a short, daily video series made to brighten your day

STRESS RELIEF & COPING MEDITATIONS
- Ease stress with “SOS” sessions for moments of anxiety
- Learn breathwork to help relax & calm down
- Build resilience with the Weathering the Storm collection
- Meditations to help you cope with sadness, anger & adapting to change

FIND FOCUS & BUILD PRODUCTIVITY
- Improve focus with meditations for working from home
- Boost your concentration & productivity with focus-enhancing music
- Focus music - Choose from 12 different stations to set the right mood for your day
- Tune in to the moment with Headspace’s Chief Music Officer, John Legend

CENTERED FITNESS & TENSION RELEASE
- Relieve stress and release everyday tension with Move Mode
- Mood boosting and motivating at home workouts
- Centered fitness courses: 28 days of mindful fitness and cardio
- Train with experts and Olympians Kim Glass & Leon Taylor



Headspace subscription
Explore the full Headspace library — including hundreds of meditations, mindfulness training, and calming breathing exercises — with your membership or free trial.
○ Over 40 meditation courses on topics like stress and sleep
○ Dozens of one-off meditations and exercises to add mindfulness to your day
○ Short mini-meditations — great for busy schedules
○ Full access to Sleep by Headspace and Move Mode — bringing mindfulness and meditation to every part of your life",Everyone,"267,149",Install,4.4,6,6221
com.healthifyme.basic,"HealthifyMe - Calorie Counter, Diet Plan, Trainers","HealthifyMe (Calorie Counter, Weight Loss Coach)",Health & Fitness,"HealthifyMe is a revolutionary health and fitness app that provides smart meal plans personalized by our expert nutritionists and customized workout plans with our certified fitness coaches.
The app enables you to track your daily calorie intake, weight goals, workouts, hand washing tracker, water consumed, sleep monitoring, meal journal & step counter. Known as the best inclusive coaching app in the category, it will accelerate your fitness goals to a whole new level.

TOP FEATURES:
1. Lose weight with a customized meal plan to build immunity & achieve your target. HealthifyMe creates a meal planner from your health data and BMI so you know exactly how to go about your diet.
2. Eat healthy with our nutrition and calorie calculator! Log meals with a touch, check your macros, or simply take a photo of your lunch.
3. Count calories: view your health data, weight loss, fat loss progress & daily calories at a glance. Make calorie counting a habit while you start healthy eating habits.
4. Track your health data with a nutrition calculator that breaks down protein, fat, fiber & carbohydrate intake with precise macro-nutrient mapping.
5. Your diet chart, fat loss, gym & yoga routine gets more efficient with expert help! Connect with our professional yoga instructors, nutritionists & dieticians to enjoy dedicated one-on-one coaching.*
6. Find health advice, recipes, and your daily dose of motivation for your fitness goals through fresh content on our app's feed, every day.

Start your weight loss journey today & use our calorie counter to track your progress. Eat better, lose weight, and Healthify yourself!

Sync with Pedometers:
HealthifyMe syncs activity & step counter data by seamlessly integrating with Samsung Health, Google Fit, Garmin, and Fitbit.",Everyone,"358,515",Install,4.5,7,6202
com.google.android.apps.fitness,Google Fit: Activity Tracking,Google LLC,Health & Fitness,"Get to a healthier and more active life with the new Google Fit!

It's hard to know how much or what kind of activity you need to stay healthy. That's why Google Fit collaborated with the World Health Organization (WHO) and the American Heart Association (AHA) to bring you Heart Points, an activity goal that can help improve your health.

Activities that get your heart pumping harder have tremendous health benefits for your heart and mind. You'll earn one Heart Point for each minute of moderate activity like picking up the pace when walking your dog, and double points for more intense activities like running. It takes just 30-minutes of brisk walking five days a week to reach the AHA and WHO's recommended amount of physical activity shown to reduce the risk of heart disease, improve sleep, and increase overall mental wellbeing.

Google Fit will also help you:

TRACK YOUR WORKOUTS FROM YOUR PHONE OR WATCH

Get instant insights when you exercise and see real-time stats for your runs, walks, and bike rides. Fit will use your Android phone's sensors or Wear OS by Google smartwatch's heart rate sensors to record your speed, pace, route, and more.

MONITOR YOUR GOALS

See your daily progress on your Heart Points and Steps goal. Meeting your goals all the time? Easily adjust your goals to keep challenging yourself to achieve a healthy heart and mind.

MAKE ALL YOUR MOVEMENT COUNT

If you walk, run, or bike throughout the day, your Android phone or Wear OS by Google smartwatch will automatically detect and add your activities to your Google Fit journal to ensure you get credit for every move. Want extra credit? Turn up the tempo on your walks by starting a paced walking workout and stepping to the beat. Enjoy a different type of workout? Select it from a list of activities like pilates, rowing, or spinning, and Google Fit will track all the Heart Points you earn.

CONNECT WITH YOUR FAVORITE APPS AND DEVICES

Fit can show you info from many of your favorite apps and devices to give you a holistic view of your health, so you'll never lose track of your progress. These include Lifesum, Wear OS by Google, Nike+, Runkeeper, Strava, MyFitnessPal, Basis, Sleep as Android, Withings, Xiaomi Mi bands, and more.

CHECK IN AT ANYTIME, FROM ANYWHERE

See a snapshot of your activity history across Fit and your integrated apps in the redesigned journal. Or, get the full picture in browse, where you can find all of your health and wellness data.

KEEP A FINGER ON THE PULSE OF YOUR HEALTH

Breathing is one of the simplest ways to reduce tension and relieve stress. With Fit, checking in with your breath is easy—all you need is your phone camera. As well as your respiratory rate, you can measure your heart rate to get a better understanding of your body’s wellbeing.

Learn more about Google Fit and see a list of supported apps at: www.google.com/fit",Everyone,"505,082",Install,3.7,8,6141
in.sweatco.app,Sweatcoin,Sweatco Ltd,Health & Fitness,"Sweatcoin is a new breed of step counter and activity tracker that converts your steps into a currency you can spend on gadgets, sports and fitness kit, services and experiences.

Sweatcoin is an achievement tracker for a new generation. Spend sweatcoins earned on goods, services and experiences with our partner brands in the marketplace. Or, if you're feeling generous, you can exchange them with your friends and family and even donate to amazing causes through Sweatcoin for good.

The fitter and healthier you become, the wealthier you get. Movement has value!

You’ll earn sweatcoins whether you exercise at home or outside. Sweatcoin’s activity tracker will let you keep track of your progress: counting steps and monitoring your exercising activity.

Download Sweatcoin so you can redeem offers for free thanks to our marketplace, filled with exclusive discounts and products.

Whether you want to get in shape, lose weight or keep track of your fitness level, Sweatcoin is the perfect app to stay healthy.

You can use Sweatcoin on your smartphone (Android or iPhone) and in your smartwatch (currently on Apple Watch, stay tuned for Android Wear compatibility). You just need to take one step to begin!

FEATURES:

Pedometer:
Sweatcoin will run in the background, wasting no battery, to count your steps as a distance tracker and pacer.

Marketplace:
Get exclusive offers for free, prizes and discounts that you will not find anywhere else.

Crowdfunding:
Donate to help causes that matter all by simply walking. Use your sweatcoins to help different charity projects. We will give these organizations fiat currency (dollars, pounds, euros) once you’ve donated your sweatcoins to the cause.

Security:
Sweatcoin uses its own algorithm to count your steps. That means that, unlike other apps, we don’t track your location and we don’t have to share any information with a third party. Your data is only yours (and will always be!).",Everyone,"428,684",Install,4.4,9,5993
com.nike.plusgps,Nike Run Club - Running Coach,"Nike, Inc.",Health & Fitness,"Nike Run Club: Your Guide to a Better Run.

From your first 5k to 10k or half marathon - the Nike Run Club running app has what you need to start running, keep running, and enjoy running more. Guided Runs**, Training Plans*, pace tracker, mile counter, running log, GPS distance tracker and more await.

Coach or community - NRC provides the support needed to reach your training goals. Join the Nike community and begin training with Training Plans* to fit your needs. With Guided Runs** and training tips picked out by a NRC running coach - you have all the tools you need. Enjoy your running workout more with motivation and guidance from a top Nike running coach or athlete. From tips and advice on running for beginners to a half marathon Training Plan* - Nike Run Club has you covered.

With NRC’s Guided Runs**, our expert coaches - and some Nike legends - have got your back, with encouragement, guidance, and a familiar voice to look forward to every time. 5k or 10k, easy or hard, long or short or intervals - there’s a Guided Run** for you.

Up your pace and distance or just have fun with friends by creating and sharing challenges. Running app communities make the distance all the more rewarding so you never feel alone on your fitness journey.

Run alongside the Nike community and reach your goals with Nike Run Club.

RUN TRACKER: TRACK AND STORE RUNS
• Running speed, mile splits, distance, GPS route, elevation and heart rate are tracked and stored
• 5k, 10k or Half Marathon - Keep track of your progress and mile splits with a running log
• Running tracker, mile counter and pace tracker functionality allow you to keep up with your training goals
• Activity tracker syncs with your Android OS supported devices to provide constant connection

TRAINING PLANS AND GUIDED RUNS
• Running for beginners or regulars - interactive plans for all fitness levels
• NRC Training Plans give you a goal to run toward and the guidance to reach it*
• Half marathon training, 4-Week Get Started Training Plan and more - Select Training Plans that best suit you*
• Mindset and recovery tips to connect your mind and body while you run
• Get motivation and inspiration from Nike coaches, elite athletes and entertainers like Eliud Kipchoge and Tom Sachs with Audio Guided Runs**
• Running coach guidance with NRC’s Guided Runs so that you’re never running by yourself**
• Receive motivating in-run audio cheers from friends and send them cheers of your own

MOTIVATE YOURSELF WITH CHALLENGES
• 5K to 10K and beyond - earn milestone badges and trophies for streaks and personal bests
• Running challenges can be shared via social media or messaging
• Beat running log bests and get a virtual high five from your worldwide run club
• Run in weekly and monthly NRC distance challenges or create a Challenge and invite your friends
• Activity tracker lets you see and celebrate progress towards your goals and achievements

SHOE TAGGING & MILE COUNTER
• Track the running miles on all your shoes, even if they aren’t Nikes
• Running speed can be recorded for each pair - learn which ones you run the fastest pace in
• Enjoy training, distance runs, and interval workouts - we will remind you when it’s time to switch them for a new pair

THE FEED
• Training made easy: receive holistic training advice, community stories and product drops
• Tips for health and wellness and more - gain access to running tools
• Stay up to date on your friends’ fitness journeys every time they share a run
• Personalize activity posts and tailor who sees them

Nike Run Club will cheer you on, stride after stride. Download today.

--

NRC works with Google Fit to sync workouts and record heart-rate data.
Continued use of GPS running in the background can decrease battery life.

https://play.google.com/store/apps/details?id=com.nike.plusgps&hl=en_US&gl=US

*Training Plans available in the US, UK, JP, CN, BR, FR, DE, ES, IT.
** Guided Runs available in select countries.",Everyone,"1,028,200",Install,4.4,10,5416
com.nest.android,Nest,Nest Labs Inc.,Lifestyle,"At Google Nest, we make products that are beautiful, helpful and easy to use. The Nest app is no exception.

Control your Nest thermostat, arm and disarm your Nest Secure alarm system, see your home with Nest Cam, and get an alert if Nest Protect goes off – all in one place. And receive notifications on your Android phone or tablet.

Nest uses sensors, algorithms, and the location of your phone to do the right thing automatically, turning off the heat and turning on the camera when you leave. Forget to set the alarm? It will notice, and send you a Remind Me alert.

Nest Learning Thermostat and Nest Thermostat E

Thermostats that program themselves to help you save energy.

- Change the temperature from the subway or the sofa using your phone.
- See how much energy you used, and why.
- View and edit your schedule.
- Get extreme temperature alerts before your home gets too cold.

Nest Secure alarm system

- Arm and disarm your home remotely from the app.
- Receive a Remind Me alert if you leave home and forget to set the alarm.
- Receive a security alert on your phone telling you what triggered the alarm – a door or window opening, or someone entering a room.

Nest Protect

The smoke and carbon monoxide alarm that thinks, speaks, and alerts your phone.

- Get an alert if Nest Protect senses smoke or carbon monoxide. (Requires Wi-Fi and a working internet connection.)
- Silence an alarm from your phone with App Silence. (Nest Protect 2nd gen only.)
- See the status of your batteries, sensors, and Wi-Fi connection.
- Run a Safety Checkup to test all your alarms at once. (Nest Protect 2nd gen only.)
- See your Safety History so you know when alerts happened and why.

Nest Cam IQ Indoor and Outdoor, Nest Cam Indoor, Nest Cam Outdoor, and Dropcam

The security cameras that let you see your home on your phone, inside and out.

- Get alerts when there’s activity, and talk back to get someone’s attention.
- See what you missed with snapshots of the last three hours.
- Check in 24/7 with crisp 1080p HD video (Nest Cam and Dropcam Pro only).
- Get person alerts (or familiar face alerts with Nest Cam IQ) and up to 30 days of video history when you subscribe to Nest Aware. (Subscription service sold separately.)

Nest Hello

Know who’s knocking.

- 24/7 video streaming means you’ll never miss a moment.
- Designed to show you everything at your doorstep – people head to toe, or packages on the ground.
- Knows the difference between a person and a thing.
- Notifies you about visitors, even if they don’t ring the bell.
- HD Talk and Listen lets you have a seamless conversation with someone at your door.
- When you can’t answer the door, quick responses let you reply to visitors with prerecorded audio messages.

Nest x Yale Lock

The lock for a more secure connected home.

- Instead of sharing keys, assign passcodes to people you trust in the Nest app.
- Get an alert when someone locks or unlocks the door.
- With Home/Away Assist and Auto-Lock, your door can lock itself when you leave.

Some features require a working internet connection, Wi-Fi, and/or Bluetooth.",Everyone,"299,998",Install,4.2,1,7399
com.google.android.apps.chromecast.app,Google Home,Google LLC,Lifestyle,"Set up, manage, and control your Google Nest, Google Wifi, Google Home, and Chromecast devices, plus thousands of compatible connected home products like lights, cameras, thermostats, and more – all from the Google Home app.

One view of your home.
The Home tab gives you shortcuts for the things you do most, like playing music or dimming the lights when you want to start a movie. Control it all with just a tap or two – and get to the good stuff faster. The Feed tab highlights important events in your home in one place. Here, you’ll also find ways to get more out of your devices and improve your home setup.

Create Routines that allow you to turn on compatible lights, check the weather, play the news, and more with one simple command.

See all the active audio and video streams on your compatible home devices in one place, change the volume, skip to the next track, or quickly change which speakers they’re playing from.

Understand what’s going on at home with a glance.
The Google Home app is designed to show you the status of your home and keep you up to date with what you may have missed. Check in on your home anytime and see a recap of recent events. You can also get a notification if something important happens while you’re away.

Set up your Nest Wifi and Google Wifi in minutes using the Google Home app. Run speed tests, set up a guest network, and easily share your Wi-Fi password with family and friends. Use parental controls like Wi-Fi pause to manage online time for the kids. Automatically prioritize video conferencing and gaming traffic on all devices, or decide which devices to prioritize for all traffic types. Get more insights on your network, whether it’s a notification when a new device joins your network or detailed insights for troubleshooting a poor internet connection.

A helpful home is a private home.
Protecting your privacy starts with one of the world’s most advanced security infrastructures, which we build directly into Google products so that they’re secure by default. The built-in security in your Google Account automatically detects and blocks threats before they reach you, so that your personal information is secure.

We build privacy tools that keep you in control.
Control your Google Assistant activity, privacy settings, information, and personal preferences. See your activity, delete it manually, or choose to delete it automatically. Control your privacy on Google Assistant with your voice. Ask questions like “Where can I change my privacy settings?” to get answers to the most common privacy and security questions.

Visit the Google Nest Safety Center at safety.google/nest to learn more about how we protect your information and respect your privacy.

* Some products and features may not be available in all regions. Compatible devices required.",Everyone,"1,246,500",Install,3.9,2,7005
com.tinder,Tinder - Dating & Make Friends,Tinder,Lifestyle,"🔥You can be here for a good time, and a long time, too.🔥

With 30 billion matches to date, Tinder® is the🔝 top dating app🔝, making it the place to be to meet new people. Whether you’re looking for love, need a date today, or just want to chat: We’ve got something for local singles everywhere and features that give you the best dating experience possible. Like what? Glad you asked😉

Whether you’re gay or bisexual, be proud of who you are with our Orientation feature🏳️‍🌈🏳️‍⚧️
Find out what you’ve got in common with your potential match with Interests🤝
Bring a plus one on all your dates for extra safety with Noonlight🛡️

Take us with you on your travels and get to know the locals — wherever you go, we’ll be there. Some people call us their “most dependable matchmaker”, some people call us 🔥the world’s most popular free dating app🔥, but you can just call us when you want to meet up with people in your area.

🥂While you’re here — make a toast to the Gold life and enjoy all of Tinder’s premium features with our top-tier subscription🥂

Likes You allows you to see all your fans, saving you precious time🕰️
Unlimited Likes for you to catch feelings for as many people as you want💚
Rewind for you to undo your last Like or Nope⏪
Use Passporttm to go anywhere in the world to find people online outside your zip code✈️
Boost your profile to the top for thirty minutes to get more attention⚡
5 Super Likes per day because sometimes you really, really Like someone💝

There’s a plus side for those not ready to commit to a relationship with 💛Gold 💛. With Tinder Plus®, you’ll unlock features including Unlimited Likes, Passport, Rewind, Boost, and 5 Super Likes per day.

Match. Chat. Date. That’s our mantra. It’s easy and fun to find people on Tinder. Make your profile stand out with your best pics and a little something about you to increase your match making potential. Use the 👉Swipe Right™👉 feature to Like someone, use the 👈Swipe Left™👈 feature to pass. If someone Likes you back, It’s a Match! And, there’s no pressure: We created the double opt-in which means two people have to show a mutual interest in order for there to be a match. How many dating apps can say that?🤔

Tinder is the biggest and flyest party in the world for singles — it’s about time you showed up.🍾

-----------------------------------

If you choose to purchase Tinder Plus or Tinder Gold, payment will be charged to your Google Play account, and your account will be charged for renewal within 24-hours prior to the end of the current period. Auto-renewal may be turned off at any time by going to your settings in the Play Store after purchase. Current Tinder Plus subscription price starts at $9.99 USD/month, and one-month, 6-month and 12-month packages are available. Current Tinder Gold subscription price starts at $14.99 USD/month, and one-month, 6-month and 12-month packages are available. Prices are in U.S. dollars, may vary in countries other than the U.S. and are subject to change without notice. No cancellation of the current subscription is allowed during the active subscription period. If you don’t choose to purchase Tinder Plus or Tinder Gold, you can simply continue using Tinder for free.

All photos are of models and used for illustrative purposes only.

Privacy: https://www.gotinder.com/privacy
Terms: https://www.gotinder.com/terms",Mature 17+,"4,556,816",Install,3.0,3,6585
com.life360.android.safetymapd,Life360: Find Family & Friends,Life360,Lifestyle,"We simplify safety so families can live fully. Every day more than 33 million members across 195 countries trust us to protect and connect their loved ones at home, on the road, and on the go.

From real-time location updates to keep everyone coordinated, to Crash Detection and 24/7 Roadside Assistance, Life360 is designed to free families from everyday worries. Our range of Driving Safety, Digital Safety, Location Safety, and Personal Safety features are there to keep our members safe every step of the way.

Explore Life360 for free
Download Life360 today and protect each family member with advanced driving, digital, and location safety features. Stay on top of everyone’s comings and goings with advanced Location Sharing, two days of Location History, and two Place Alerts. Plus, you’ll get free Crash Detection for the car, and Data Breach Alerts to keep your family’s information safe online.

When you choose a LIfe360 membership plan, your family has access to premium features including 24/7 Roadside Assistance, SOS alerts for anytime you find yourself in an uneasy situation, Travel Support, ID Theft Protection, and so much more.

Explore our different plans to find the one that fits your family’s size and life stage and try it for free for 7 days free. Whichever plan you choose, rest easy knowing that your features will cover each family member.


Life360 Platinum
• 24/7 Roadside Assistance
• ID Theft Protection
• Disaster Response
• Medical Assistance
• All of Gold, and more…

Life360 Gold
• 30 days of Location History
• Unlimited Place Alerts
• Individual Driver Reports
• Crash Detection + Dispatch
• All of Silver, and more…

Life360 Silver

• 5 Place Alerts to stay in step
• 7 days of Location History
• $100 in Stolen Phone Coverage
• Family Driving Summary

https://www.life360.com/privacy_policy
https://www.life360.com/terms_of_use

Disclaimer: Continued usage of location services while the app is in the background can excessively drain battery. With that in mind, our algorithms always keep battery usage to a minimum, even while you drive!",Everyone,"1,470,497",Install,4.5,4,6396
com.arlo.app,Arlo,"Arlo Technologies, Inc",Lifestyle,"Arlo is the worldwide leader in Smart Home Security, and the creator of the world’s first ever 100% wire-free, weatherproof 4K UHD security camera.

Arlo security devices make it simple to protect and connect what matters most. Stream live video, play recorded clips, easily arm and disarm your system, and stay aware of what’s happening. And, with Arlo Smart and Rich Notifications, take immediate action on alerts without unlocking your phone.

Arlo even works with Amazon Alexa, Google Assistant, SmartThings and IFTTT so you can build a safer and smarter home.",Everyone,"109,407",Install,3.5,5,6153
com.samsung.android.oneconnect,SmartThings,"Samsung Electronics Co., Ltd.",Lifestyle,"With SmartThings, you can connect and control multiple devices quicker and easier. No matter where you are, you can monitor and control smart devices, home appliances (refrigerator, wine cellar, washer, dryer, oven range, dishwasher, cooktop, robot vacuum, air conditioner, air purifier and etc.)
, TVs, and speakers registered on the server.

[Key features]
- Remotely control and check the status of devices registered through a Wi-Fi AP.
- Group multiple devices into a Mode and control them simultaneously.
- Configure your device settings, including the time and operating conditions, and operate them automatically.
- Invite others to a location where devices are registered to enable shared control.
- The notification feature allows you to receive status information about your device.

※ SmartThings is optimized for Samsung smartphones and watches. Some features may be limited when used with other vendors' smartphones and watches.
※ Some features may not be available in all countries.
※ You can also install SmartThings on Wear OS-based watches.
※ SmartThings for Wear OS is only available when the watch is connected to a mobile phone.
※ Wear OS supported devices: Galaxy Watch4, Galaxy Watch4 Classic

[App requirements]
Some mobile devices may not be supported.
- RAM size : 2GB over
- Galaxy : Smart View to support screen mirroring

※ App permissions
The following permissions are required for the app. You can use the app without optional permissions, but some functions may be limited.

[Optional access permissions]
• Location: Used to find nearby devices using Bluetooth or BLE and to automate actions using GPS (GPS is optional)
• Camera: Used to scan QR codes
• Contacts: Used to get phone numbers of your contacts to send text message notifications
• Microphone: Used to provide voice control features
• Storage: Used to save data and to transfer files and content using the app
• Phone: Used to make calls on smart speakers and to show information about the sender when sharing content with another device",Everyone,"879,708",Install,4.4,6,5722
com.nextdoor,Nextdoor: Your Neighborhood,Nextdoor.com,Lifestyle,"Nextdoor is in neighborhoods nationwide.

Tap into your neighborhood with Nextdoor. Find recommendations for businesses near you, search Nextdoor Finds to buy and sell great stuff, join groups to connect with neighbors. The possibilities nearby are endless.

Use Nextdoor to stay informed about what’s going on in your community. Find home services, learn about local business openings or get to know the people you see every day.

Welcome the new kids on the block, keep up with local news, plan a nearby event or share recommendations.

From community activities to block parties, neighbors can connect in many ways. Nextdoor makes it easy to meet neighbors who have similar interests.

WHAT MAKES NEXTDOOR THE APP FOR NEIGHBORHOODS

Stay Connected

• Keep up-to-date on all the neighborhood happenings

• Get offers & free stuff when a neighbor sells that chair she no longer needs

• Meet your neighbors and finally call that nice man down the street by name


See What's Happening Nearby

• Find local events like cookouts, arts festivals and community activities

• Discover garage sales and clothing swaps

• Learn about restaurants and shops near you


Find Home Services & Deals

• Hire a local babysitter or recommend a nanny

• Locate a pet sitter or dog walker for your furry friend

• Find discounts offered by nearby businesses


HEAR WHAT NEIGHBORS HAVE TO SAY ABOUT NEXTDOOR


“Before Nextdoor, I didn’t know there were several qualified babysitters living nearby and looking for work. It was easy to feel comfortable hiring my neighbor’s daughter to watch my son after school.” - Patrick, Mission East


“This year for Spring Cleaning, we wanted to sell old appliances, tools, clothing and electronics on Nextdoor Finds. In no time, our neighbors stopped by to make a deal and take things off our hands. It was easier than anything else, and it feels good knowing our old stuff has found a new home in the neighborhood.” - Dan, Hayes Valley


OUR PURPOSE

At Nextdoor, we believe that by bringing neighbors together, we can cultivate a kinder world where everyone has a neighborhood they can rely on.


YOUR PRIVACY

Nextdoor is a trusted environment where all neighbors are verified, making it safe to share online the kinds of things you'd be okay sharing with your neighbors in person.


Here's how:

• Every neighbor verifies their address

• All members go by their real names, just like in person


Connect with us:

https://www.facebook.com/nextdoor
https://twitter.com/nextdoor
https://instagram.com/nextdoor

Continued use of Location Services running in the background can dramatically decrease battery life. Nextdoor doesn't run Location Services in the background unless you give us permission by turning on optional features that require it.


Terms: nextdoor.com/member_agreement

Privacy: nextdoor.com/privacy_policy

California """"Do Not Sell My Information"""" Notice: www.nextdoor.com/do_not_sell",Teen,"179,121",Install,4.0,7,5275
com.fullsenders.sendit,sendit,"fullsenders, inc.",Lifestyle,"1) choose a game
2) friends answer right on your story
3) get responses on sendit",Teen,"199,597",Install,4.6,8,5223
com.thetileapp.tile,Tile,Tile Inc.,Lifestyle,"Tile helps you keep track of your things.
Find misplaced things nearby and far away. Add a Premium plan for the most robust finding experience for all your Tiles

FIND KEYS, WALLETS, BAGS & MORE - Our Bluetooth trackers are small and easily attach directly to your things.

FIND NEARBY-- Use the Tile app to ring your Tile when it’s within Bluetooth range or ask your Smart Home device to find it for you.

FIND FAR AWAY -- When outside of Bluetooth range, use the Tile app to view your Tile’s most recent location on a map.

FIND YOUR PHONE - Double press the button on your Tile to make your phone ring, even when it’s on silent.

NOTIFY WHEN FOUND -- Enlist the help of the Tile Network to help find your things. If your Tile is lost, add your contact information so you can be reached when someone scans the QR code on your lost Tile. QR Codes are available on 2022 Pro, Mate and Slim Tiles.

SMART HOME COMPATIBLE - Tile works with Amazon Alexa and Google Assistant, so finding is easier than ever. Sync your Tile account in the Alexa App or Google Home app to activate this feature.

Get the most from Tile with a Premium Plan
Subscribe to a Plan for the most robust finding experience for all of your Tiles. You’ll receive a Smart Alert notification when you leave something behind. For U.S. subscribers, if you do actually lose something, and Tile can’t find it, we reimburse you up to your item reimbursement limit.

All new users are eligible for a 30 day free trial of a Premium or Premium Protect Plan. Afterwards, Premium is available for a monthly or annual subscription and Premium Protect is available for an annual subscription.

● Item Reimbursement is provided under Premium and Premium Protect subscription with no additional fees through XCover.com and is currently available to U.S, subscribers only.
● For exclusions, conditions and limitations for Item Reimbursement, including current Item Reimbursement limits, go to https://tileteam.zendesk.com/hc/en-us/articles/360050114674
● After your one-month free trial (new customers only), payment will be charged to your Google Play account. Your free trial will end, and your Google Play account will be charged, 30 days after you sign up for Tile Premium or Premium Protect.
● Requires installation of the Tile application, ownership of a Tile-enabled device, Tile account registration, acceptance of Tile’s Terms of Service and acknowledgment of Tile’s Privacy Policy.
● For Japan: No refunds or exchanges for convenience are permitted.
● For Korea and Quebec: Residents of Korea and Quebec’ first subscription fee will be charged in 30 days instead of a free trial.

Additional conditions, terms and limitations included in the Tile Terms of Service and Privacy Policy.
● Terms of service: https://www.thetileapp.com/en-us/terms-of-service
● Privacy policy: https://www.thetileapp.com/en-us/privacy-policy


Android Notes:
● The app utilizes Bluetooth Low Energy (BLE) to communicate with your Tiles.
● The app utilizes Location Services to record the most recent location of your Tiles, based on your phone’s geolocation data.
● Continued use of GPS or Bluetooth running in the background can dramatically decrease battery life.
● Requires purchase of Tile-enabled device, Tile account registration, acceptance of Tile’s Terms of Service and acknowledgment of Tile’s Privacy Policy.
● By installing this app, you consent to its installation and the installation of updates or upgrades released through the platform. You can turn off automatic updates through your device settings, but if you do not update your app, you may experience reduced functionality. Some updates may change the way we record data or change data stored on your device. Any changes will be consistent with Tile’s Privacy Policy. You can withdraw your consent at any time by removing or disabling your app.",Everyone,"113,838",Install,4.8,9,5219
com.cricut.designspace,Cricut Design Space,Cricut,Lifestyle,"Design Space® is a companion app that works with Cricut Maker™ and Cricut Explore® family smart cutting machines. Browse thousands of images, ready-to-make projects, and fonts in the Cricut Library. Or design your own project from scratch.

Features:
• Choose from over 60,000 images, fonts, and ready-to-make projects—or use your own images and fonts for FREE
• Upload and edit most image types (.jpg, .gif., .png, .bmp, .svg, and .dxf)
• Sign in with your Cricut ID to access your images and projects and for easy checkout when making purchases on cricut.com or in Design Space
• Bluetooth® wireless capability (wireless Bluetooth adapter may be required, sold separately)
• App syncs across all your devices, so you can design whenever inspired

Note: To cut Knife Blade projects, you must use Design Space software on a desktop or laptop.",Everyone,"57,232",Install,4.3,10,5107
com.gaana,Gaana Hindi Song Music App,Gamma Gaana Ltd,Music & Audio,"Gaana is the one-stop music streaming, made in India app for all your music needs. Gaana offers you free, unlimited online access to all your favourite Hindi Songs, Bollywood Music, Regional Music, Bhajans & Mantra, Hanuman Chalisa, Aigiri Nandini, Podcast, lyrics & Video songs.

Enjoy the best music of Arijit Singh, AR Rahman, Badshah, Lata Mangeshkar, Neha Kakkar, Kishore Kumar, Kumar Sanu, Shreya Ghoshal, Alka Yagnik, Jubin Nautiyal, Sidhu Moose Wala, Anirudh Ravichander, S.P. Balasubrahmanayam, Ilaiyaraaja, K.J. Yesudas, Sid Sriram, K.S. Chithra, P. Susheela, and many others on India's Music app.

Gaana music app offers a variety of top Indian songs like Kheench Te Nach, Pyaar Karte Ho Na, Boom Boom, Satyameva Jayate 2, and a lot more; devotional songs like Aigiri Nandini, Hanuman Chalisa, Durga Chalisa, Jai Ambe Gauri and Hindi movies songs such as Chandigarh Kare Aashiqui, Satyameva Jayate 2, Sooryavanshi, & many more. Listen to Telugu Patalu such as Pushpa - The Rise (Telugu), Edo Edo, Ee Raathale, Rrr, & many more; Tamil Padalgal like Annaatthe, Jai Bhim, Enemy - Tamil, Uchanthala Regaiyile, Sivakumarin Sabadham, etc. Enjoy songs of top Indian actors like Govinda, Shah Rukh Khan, Amitabh Bachchan, Kareena Kapoor, Salman Khan, Rajinikanth, Dhanush, Allu Arjun, Mahesh Babu, & many others. Start your day by listening to popular Podcasts of Zakir Khan, Sunny Leone, BK Shivani, Gaur Gopal Das, RJ Naved, Sadhguru, etc.

Explore new & old songs depending on your mood through the discover section & listen to curated playlists; Gaana Video Songs, Bollywood film songs, Remix, Dance, Romantic Love Songs, 80s & 90s songs, Sad Songs, Bhangra, Indian Devotional/Bhakti geet, Lord Shiva, Venkateswara Songs, Arti, Rock Music, DJ Songs, Kids Music and Rhymes, Bhajans, Ghazals.

Enjoy millions of Hindi songs, Punjabi Gane, Tamil Padalgal, Telugu Patalu, Marathi Gaani, Kannada Hadugalu, Malayalam Ganannal, Bangla Gaan, Gujarati geeto & more Regional Songs from a wide collection of New Songs to Old Evergreen Classics, for Free. Download songs of your favourite Indian artists, popular albums/movies. Browse our top charts such as Bollywood Top 50, India's Top 50, Punjabi Top 50, Music Video, Podcast & Shows

Gaana Music app offers
- Over 45 million MP3 songs
- High-quality HD music streaming
- Thousands of playlists created by Experts
- India's Podcast & Shows- Comedy, News, Meditation, Workout, kids storytelling
- Music updated daily for Hindi, Punjabi, Tamil, Telugu, Bangla, Marathi & other regional languages
- Lyrics of your favourite songs
- Experience app in 16 languages

Gaana Plus offers:
- Download unlimited mp3 songs for offline listening
- Ad-free Music experience
- Music in high definition audio quality
- Sync downloads on 5 devices

We are also searched by gaana.com, ganna.com, gana.com, gana, ghana, gaana music

Subscribe to Gaana Plus for INR 99 per month (within India) or $3.99 per month (outside India).Your Gaana Plus subscription will automatically renew each month through your Google Play account. You can cancel auto-renewal at any time from the subscription list in your Google Play account. Cancellation of the current subscription is not allowed during the active subscription period
We need permission to read SMS to offer seamless phone number login by reading OTP sent via SMS

Please go to http://gaana.com/privacy_policy.html
http://gaana.com/terms_and_conditions.html for more info

Still reading? You’re a true music lover!

Like us on Facebook: facebook.com/gaana.com
Follow us on Twitter: twitter.com/gaana
Follow us on Instagram: https://www.instagram.com/gaana
Subscribe to our YouTube channel: https://www.youtube.com/channel/UCFu4MmcRqMsXrkWiD32h9HA
Send Feedback: feedback@gaana.com

All content is legitimate and duty licensed.
*Publisher- Times Internet (Times of India Group)
*English songs are currently available in India only
*Offline content is only playable from Gaana app, till you are an active Gaana+ subscriber",Teen,"4,623,779",Install,4.5,1,7992
com.spotify.music,Spotify: Music and Podcasts,Spotify AB,Music & Audio,"With Spotify, you can listen to music and play millions of songs and podcasts for free. Stream music and podcasts you love and find music - or your next favorite song - from all over the world.

• Discover new music, albums, playlists and podcasts
• Search for your favorite song, artist, or podcast
• Enjoy music playlists and an unique daily mix made just for you
• Make and share your own playlists
• Explore the top songs from different genres, places, and decades
• Find music playlists for any mood and activity
• Listen to music and more on your mobile, tablet, desktop, PlayStation, Chromecast, TV, Wear OS watch and speakers

Play podcasts and music for free on your mobile and tablet with Spotify. Download albums, playlists, or just that one song and listen to music offline, wherever you are.

With Spotify, you have access to a world of free music, curated playlists, artists, and podcasts you love. Discover new music, podcasts, top songs or listen to your favorite artists, albums. Create your own music playlists with the latest songs to suit your mood.

Spotify makes streaming music easy with curated playlists and thousands of podcasts you can’t find anywhere else. Find music from new artists, stream your favorite album or playlist and listen to music you love for free.

• Free music and podcasts made easy – Listen to a playlist, album, or the top songs from any genre on shuffle mode.

Listen to music and podcasts on your tablet for free
• Play any song, artist, podcast, album, or playlist and enjoy a personalised music experience with a daily mix to match your taste.

Spotify Premium features
• Listen to an album, playlist, or podcast without ad breaks. With Spotify you can play music by any artist, at any time on any device--mobile, tablet, or your computer.
• Download to listen to music offline, wherever you are.
• Jump back in and listen to your top songs.
• Enjoy amazing sound quality on personalized music and podcasts.
• Discover new music, a daily mix or curated playlists that suit your mood. With Spotify you’ll get a personalized music experience like no other.
• No commitment - cancel any time you like.

Want to discover new music?
Find music that you’ll love today! Explore our curated music playlists, top songs and albums, or get personalized music recommendations with your daily mix.

Love Spotify?
Like us on Facebook: http://www.facebook.com/spotify
Follow us on Twitter: http://twitter.com/spotify

Please note: This app features Nielsen’s audience measurement software which will allow you to contribute to market research, such as Nielsen’s Audio Measurement. If you don't want to participate, you can opt-out within the app settings. To learn more about our digital audience measurement products and your choices in regard to them, please visit http://www.nielsen.com/digitalprivacy for more information.",Teen,"25,276,842",Install,4.4,2,7307
com.starmakerinteractive.starmaker,StarMaker: Sing Karaoke Songs,StarMaker Interactive,Music & Audio,"Do you believe there is a hidden singer in all of us?
Bring out the singer in you with StarMaker——The popular Karaoke App featured by Google Play and Apple Store🏆

StarMaker is a popular singing app and music community with 50M＋users globally, sing karaoke songs and to be a Supernova through music now!

No matter you like Pop or Hip hop, R&B or folk, just pick your favorite songs from millions of songs, sing along with the high quality backing music and rolling lyrics, edit your recordings with a selection of voice effects and video filters, and share to social platforms like Whatsapp, Facebook, Instagram, Twitter, Snapchat and more.

You can also duet with top artists and sing together with a group of friends, or go Live to broadcast your music concerts and win likes and fans like a super star!

🎵POPULAR RINGTONES
So you want a super hit ringtone but don’t know where to start? Enjoy the download free mobile ringtones on StarMaker and personalize your phone call ringtone from the high-quality song collections.

StarMaker offers millions of free ringtones for your phone. Explore our popular ringtones free section. There you can sing, edit and get the unique and most listened to popular ringtones in 2021. Since it includes not only your own songs, your duets (with friends, family, singers or stars) and other users' work, but also almost all of the hot songs on social medias, this can be your source to find the best special ringtones for free.

Join the hundreds of millions of people who already downloaded this highly popular ringtone personalization platform. One of the largest collections of unique and popular ringtones ever is now available in your pocket!

We have added a bunch of new features for a better singing experience! Such as:
🎤 Pick your favorite songs and latest hits from millions of local and international songs.
🎤 Record your karaoke recordings with various voice effects like Distant, Warm, Vinyl, Party, Fascinating etc.
🎤 Edit your selfie music videos with beautiful filters like Vintage, Paris, Sunset, Urban, Spring etc.
🎤 Use Pitch correction to make you sound like a pro singer.
🎤 ‘Hook’ allows you to sing the best part of your favorite songs! Duet with top artists or friends, make a recording together!
🎤 Go Live to broadcast your singing, hold your own concerts or just enjoy others'.
🎤 Join a ‘Family’ community to play with other music lovers who share the same tastes with you, Like,Comment and Gift to find kindred spirit through music!


Pick from all the hit songs now Including:
+ Stuck With U – Ariana Grande & Justin Bieber
+ Someone You Loved - Lewis Capaldi
+ Lost Boy - Ruth B
+ Dance Monkey - TONES AND I
+ All of Me (Remix) - John Legend
+ Señorita - Shawn Mendes & Camila Cabello
+ Let It Go - Idina Menzel
+ One Call Away - Charlie Puth
+ Bad Guy - Billie Eilish
+ Perfect - Ed Sheeran
+ Love Me Like You Do - Ellie Goulding
+ Shape Of You - Ed Sheeran

Like us on Facebook
https://www.facebook.com/starmaker
Follow us on Instagram
https://www.instagram.com/starmaker_app
Subscribe to our YouTube Channel
https://www.youtube.com/user/StarMakerNetwork",Teen,"2,668,284",Install,4.5,3,6759
com.musixmatch.android.lyrify,Musixmatch - Lyrics for your music,Musixmatch,Music & Audio,"Musixmatch is the world’s largest collection of song lyrics used by millions of people to get instant time synced lyrics for Youtube, Spotify, Pandora and more.
You can also now use it to get song translations on the go.

KEY FEATURES:

Musixmatch lets you:

• Enjoy song lyrics with music from Spotify, Youtube, Pandora, Apple Music, SoundCloud, Google Play Music and all your other favourite streaming services
• Tap on the real- time notification to display the Floating Lyrics widget and get the current track’s lyrics
• Easily learn new languages by displaying the translation of the lyrics, in time with music.
• Identify and get the lyrics to any song that’s playing around you with one tap
• Search for your favourite song by title, artist and even just using a single line of the lyrics

*Playback of previews or Spotify songs may be limited for some songs based on country restrictions.

ADDITIONAL FEATURES

With Musixmatch you can also:

• Use the smart seek to find your favourite lyrics by easily skipping through a song using the progress bar
• Share your favourite song lyrics on amazing backgrounds with the LyricsCard feature
• Play Youtube videos in full screen, on landscape mode, to enjoy the FloatingLyrics fully integrated with the video
• Play, pause, skip track from your lock screen
• Get notified instantly when new lyrics from your favourite artists are available
• Quickly and easily find all your favorites on your profile
• Preview songs or watch their Youtube videos
• Collect your identified songs in a Spotify playlist
• Join our Community so you can submit all your favourite lyrics, put them in time with music and even have fun translating them
• Fetch song info and cover art for your songs.

WEARABLES & TV STREAMING

• Musixmatch is available on your Android Wear devices
• Enjoy Musixmatch at home casting local music and lyrics to your TV with Chromecast

MUSIXMATCH PREMIUM FEATURES

Party mode - sing along to any song with word by word syncing and beautiful themes.
Offline lyrics - enjoy all the lyrics you have viewed without a connection.
No ads - get all the lyrics with no ads.
No commitment - cancel any time you like.

GET STARTED

Not sure where to start?
Be sure to have enabled the FloatingLyrics and let Musixmatch find lyrics for your songs on Spotify, Pandora, Play music, YouTube, SoundCloud and more.

COMMUNITY

Love Musixmatch? Don’t miss our updates:

Musixmatch Blog: https://blog.musixmatch.com/
Facebook: https://www.facebook.com/musixmatch
Twitter: https://twitter.com/Musixmatch
Instagram: https://www.instagram.com/musixmatch/
Spotify: https://open.spotify.com/user/musixmatch

PROBLEMS? FEEDBACK?

We love receiving your feedback, they help us to improve Musixmatch.
Reach us: on Twitter: @musixmatch or via email
Visit our Support: https://support.musixmatch.com

REVIEWS AND HONORS

Awarded in Android Excellence Apps 2018
The best Music Player as for AndroidPolice, Android Authority and The Next Web
""Best Apps 2014 and 2015"" selection on Google Play Store
+50M people enjoying their music with the power of lyrics
Google Play Editor Choice with +1,2M 5 stars reviews

PERMISSIONS

*We only ask for the permissions we need for the app to be at its best.
Musixmatch requests the ""Notification access"" permission only to listen for music.",Teen,"2,079,405",Install,4.4,4,6274
com.search.music.mp3.musicplayer,Music player,creative & quality std,Music & Audio,"Music player app is a powerful player which helps you listen to all song formats and help you edit music information and optimize them by cutting tool. Music player app supports almost formats of audio files. Following music formats can be playback well: MP3, AAC, MP4, WAV, M4A, FLAC, 3GP, OGG, etc. This music player is also called with other name: mp3 player. Because mp3 format is most popular song format in android.
Music player was designed to bring better experience to user when they listen to music. Music player scans all music automatically and group them by title, artist, album. Easy to find the song you want. Supports audio equalizer to improves music sound, you can customize with own style. Please listen to songs on ""Music player"" everyday and enjoy the life. It is totally free.

Main functions of free music player - mp3 player:
* Scan all audio files automatically. Support almost formats: mp3, m4a, wav, flac, ogg, aac
* Quick navigator with helpful label: album, artist, genre, song, playlist.
* Notification bar and mini music player. Show enough information such as: album artwork, titles and artists. Include basic buttons: play, pause, skip and stop.
* Play next, Previous, Rewind, Pause, Fast forward. Queue of songs is supported. Add music to the waiting list very easily.
* Share your favorite songs to someone
* Equalizerd. This MP3 player has built-in equalizer which brings great music listening experience.
* Background and wallpaper. Make mp3 music player more beautiful, there are a lot options to choose.
* Cutting editor. Crop or Trim music, cut audio. Optimize size of music, remove unwanted parts. Make smaller audio to set music as ringtone.
* Edit tag. Include: song title, album name, artist name.
* Headset or headphone. You can play, pause, next by pressing buttons on headphone. Bluetooth headphone also is supported.
* Music library and all hidden places. All of audio music, songs will be scan.
* Search. Fast and convenient. Search by title (song name), album , artist, playlist.
* Playlist. create new playlist, edit or delete an old playlist. Add album, artist, song, genre directory to playlist. Has recent playlists.
* Music player widget.
* Mp3 file. Mp3 is the most popular music format. Mp3 player or audio player also is the name of this app
* Photo of song, artist and cover of album.

Enjoy free music player - listen to your favorite songs. While using music player app if you want some new features please contact me. I will try to make music player better.",Everyone,"381,860",Install,4.6,5,6160
com.audiomack,Audiomack-Stream Music Offline,Audiomack,Music & Audio,"Stream and download the best new music, play music offline data-free, and listen to your MP3s! Browse music from top categories like Hip-Hop, Rap, R&B, EDM, Afropop, and Reggae on the Audiomack music app. Download songs and even listen offline, without using your data, or listen to your personal MP3 collection! Audiomack provides streaming and download access to the newest and hottest tracks, right at your fingertips. Our music download feature allows you to play your favorite songs offline, and our proprietary “Trending” section shows you the best albums and songs that are hot right now. Plus, you can listen to all local MP3s, WAV, M4A, AAC, and other local files right from the app. KEY FEATURES • Find & stream music and mixtapes that are new or trending. Be the first of your friends to be up on what’s next. • Download songs and albums for offline, data-free listening. • Unlimited listening & streaming - play as much Hip-Hop, Afrobeat, Electronic, Reggae & dancehall music as you want. • Favorite tracks, albums, and playlists and easily search, browse, and shuffle your favorites collection. • Listen to local music like MP3s, AAC, M4A, WAV, and other files from the local file player. • Browse expertly curated playlists by mood, genre, and much more. • Create unlimited playlists of your own. • Follow your favorite artists, producers, and tastemakers including 21 Savage, Young Thug, Future, and more. • Go ad-free for just $4.99 per month STREAM AND DOWNLOAD SONGS FROM TOP ARTISTS • Hip hop, rap, and trap from Migos, 21 Savage, Young Thug, Gunna, Juice WRLD, Chance the Rapper, 6IX9INE, Future, 2 Chainz, Kodak Black, Lil Baby, Ynw Melly, Lil Durk, Moneybagg Yo, Famous Dex, A Boogie Wit Da Hoodie, Hoodrich Pablo Juan, Flipp Dinero, Youngeen Ace and more • Afrobeats, Afro-Caribbean, Reggae, dancehall, and soca from Shatta Wale, Ade Gold, Chronixx, DJ Frass, Kranium and more • Latin, urbano, latin trap, musica urbana, reggaeton, and dembow from Quimico Ultra Mega, La Insuperable, Melymel, Musicologo, Don Miguelo, Juhn, Mark B, Bad Bunny • R&B and soul from August Alsina, PnB Rock, Brent Faiyaz, SiR, Alina Baraz, Lloyd, and more • Electronic, EDM, house, and bass from Diplo, Mad Decent, Whethan, NGHTMRE, Poppy, Cheat Codes, Krewellla, Snails, Lowly Palace, Dim Mak, Fool's Gold, Trap Nation and more Use of the Audiomack App and download feature is subject to your agreement with our Privacy Policy/TOS. Privacy Policy: http://www.audiomack.com/privacy-policy TOS: http://www.audiomack.com/about/terms-of-service",Teen,"2,124,566",Install,4.8,6,5962
com.jio.media.jiobeats,JioSaavn - Music & Podcasts,Saavn Media Limited,Music & Audio,"JioSaavn is the best way to listen to millions of songs, radio, and podcasts, all for free. Set caller tunes on the all-new JioTune page, with specially curated playlists to easily find your tune. Enjoy the latest songs from a collection of music across Hindi and English songs, Tamil padalgal, Telugu patalu, Punjabi, Marathi gaani, Kannada hadugalu, Malayalam ganannal, Gujarati, Bangla gaan, Rajasthani, Bengali gaan, Assamese, Odia, Urdu, and Bhojpuri gane.

Listen to well-curated playlists like DJ Songs, Love Songs, Bhajans, Hindi Sad Songs, Bhangra Songs, Relaxing Music, Ghazals, Kids Rhymes, and millions more. Find the right music for every occasion, with a wide variety of playlists and stations like Gym Songs, Party Songs, Birthday Songs, Holi Songs, Mother’s Day, Garba, Shaadi ke Geet, etc.

Try JioSaavn Pro to download mp3 songs of your favourite artists like Jass Manak, Arijit Singh, Guru Randhawa, Himesh Reshammiya, Atif Aslam, Nusrat Fateh Ali Khan, Lata Mangeshkar, Dhvani Bhanushali, Alan Walker, Sidhu Moose Wala, Udit Narayan, Shreya Ghoshal, Geetha Govindam, Hardy Sandhu, Pawan Singh, Parmish Verma, Sid Sriram, Neha Kakkar, Badshah, Alka Yagnik, Mohd, Rafi, and many more!
Find the best collection of devotional music only on JioSaavn. Listen to Bhakti Geet, Krishna Bhajans, Mata Ke Bhajans, Ganpati Aarti and other Ganesh Songs, Sai Baba Bhajans, Ayyappa Songs, Ram Bhajans, Hanuman Chalisa, Murugan Songs, Kannada Bhakthi Geethegalu, Hindi Bhakti Songs, Shiv Bhajans, and other aartis.
Listen to all the evergreen and latest songs on JioSaavn like Jai Jai Shivshankar, Aashiqui Songs, Lamborghini Song, Pyaar Karona, Genda Phool, Kalla Sohna Nai, Luka Chuppi, Marana Mass, Tera Fitoor, Senorita, Rowdy Baby Song, Dil Meri Na Sune, Student Of The Year 2 Songs, Defaulter Song, Dilbar, Dil Me Ho Tum, Kuch Kuch Hota Hai Songs, Kabir Singh Songs, Bewafa Sanam, Mere Rashke Qamar, and millions more.

You can also read and sing along to the lyrics of your favourite songs like Senorita, Bekhayali, Aigiri Nandini, Skechers, Death Bed, Zara Zara.
What do you get for free?
• Unlimited music
• Set your JioTunes
• Expertly curated playlists and radio stations
• Smart, personalized recommendations
• Lyrics, with live sync for karaoke
• Exclusive content
• Original shows and podcasts
• Listen on Alexa, Chromecast, Google Home, Android Auto, Airplay, and more.
Listen free with ads, or get JioSaavn Pro.
*** Jio SIM users get 30 days of JioSaavn Pro free! ***
What is JioSaavn Pro?
• Completely ad-free, with no interruptions or limits.
• Download to listen offline and save data.
• Beautiful, high quality 320kbps audio.
• Special deals and offers on amazing concerts, products, and events.
• Listen on Sonos hi-fi systems.



---
Stop fussing with shady music players or searching for mp3 songs online. JioSaavn (formerly JioMusic) is your answer, for any song, any time. #LetsPlay
Love JioSaavn, or need help?
Like us on Facebook: facebook.com/jiosaavn
Follow us on Twitter: @jiosaavn
Email us anytime: feedback@jiosaavn.com
Privacy & Terms:
http://www.jiosaavn.com/corporate/privacy
http://www.jiosaavn.com/corporate/terms
¹ English content is currently available in: India, Pakistan, Afghanistan, Bangladesh, Bhutan, Maldives, Nepal, Sri Lanka, UAE, Saudi Arabia, Kuwait, Oman, Qatar, Bahrain, Yemen, Iraq, Lebanon and Egypt.",Everyone,"4,039,403",Install,4.2,7,5834
com.shazam.android,Shazam: Music Discovery,"Apple, Inc.",Music & Audio,"Shazam will identify any song in seconds. Discover, artists, lyrics, videos & playlists, all for free. Over 1 billion installs and counting.

“Shazam is an app that feels like magic” - Techradar.com (http://techradar.com/)

“Shazam is a gift... a game changer” - Pharrell Williams, GQ interview 

Think you can Beat Shazam? To find out, play along with the Shazam App while you watch the show!

WHY YOU’LL LOVE IT

* Find the name of any song in seconds.
* Listen and add to Apple Music playlists.
* Follow along with time-synced lyrics.
* Watch music videos from Apple Music or YouTube.
* Enable Dark theme on Shazam.


SHAZAM ANYWHERE, AT ANYTIME

* Use Pop-up Shazam to identify music in any app - Instagram, YouTube, TikTok...
* No connection? No problem! Shazam while offline.
* Turn on Auto Shazam to keep finding songs even when you leave the app.


WHAT ELSE?

* Find out what is popular in your country or city with Shazam charts.
* Get recommended songs and playlists to discover new music.
* Open any song directly in Spotify, Apple Music or YouTube Music.
* Share songs with friends through Snapchat, Facebook, WhatsApp, Instagram, Twitter and more.

THOUSANDS OF 5-STAR REVIEWS!

Availability and features may vary by country.
For more information on Shazam’s privacy practices, please read the Privacy Policy, available at https://www.apple.com/legal/privacy/.",Teen,"6,475,991",Install,4.8,8,5821
com.sec.android.app.music,Samsung Music,"Samsung Electronics Co., Ltd.",Music & Audio,"※ Android 11(One UI 3) Upgarde
- Samsung Music app needs to be updated to the latest version.(Music file may not be displayed or unavailable to use the app.)
- Samsung Music Playlist and Android MediaProvider Playlist will be separated due to the enhanced security of Android 11. To import or export playlists, you can use the playlist import/export function provided in the settings.
- The Queue will be reset due to system changes.
- Some music files (eg, recorded files) that were previously hidden may be displayed. In this case, you can hide the folder containing the files you want to hide by using the folder hide function. (Folder Tab > more button(3 dot) > Hide the folder)

Samsung Music is optimized for Samsung android device and provides a powerful music play functionality and the best user interface.

Key Features

1. Supports playback of various sound formats such as MP3, AAC, FLAC.
(Supported file formats may vary depending on the device.)
2. Helps to effectively manage song lists by categories.(Track,Album,Artist,Genre,Folder,Composer)
3. Supports a new user experience that easily interact with Samsung smart devices like Tablet,TV(DLNA,Screen mirroring),Wearable.
4. Provides a clean and intuitive user interface.
5. The Samsung music shows recommendation of playlists from Spotify. You can find Spotify recommendation music by Spotify tab and search Spotify music you’ll love.
(The Spotify tab is only available in countries where Spotify is on service.)

What is FLAC?
FLAC is an audio coding format similar to MP3 & AAC, but lossless, meaning that audio is compressed in FLAC without any loss in quality.


*** Required App Permissions ***
Below mandatory permission is required for basic features of Samsung Music.
Even if optional permission are denied, basic features may work properly.

[Mandatory Permission]
1. STORAGE permission :
- Allows the player to write,modify,delete to SD card.
- Allows the player to read data from SD card.

[Optional Permission]
2. MICROPHONE permission : Galaxy S4, Note3, Note4 only
- Allows to control the player with voice commands which are listening, not recording.
ex : PLAY,PAUSE,NEXT,PREVIOUS,VOLUME UP,VOLUME DOWN

3. PHONE permission : Korean devices only.
- Verify your phone when using the music service.",Everyone,"709,476",Install,3.8,9,5815
com.musicplayer.playermusic,Music Player - Audify Player,Audify Music Player,Music & Audio,"🎵 ""Music Player"" - A simple Music Player with a powerful equalizer packed with all the features better than any other music player available for your Android devices.

This Music Player is one of the best music player with a stylish design.

Features of Music Player

1. Browse songs in 6 different ways from the app (Playlist, Genre, folder, Artist, Album and songs).

2. Full widget support with list of songs.

3. Play songs directly from folder inside the App.

4. Elegant themes are available in two sets along with costume themes.

5. Create playlists as per your mood and add songs to them. 

7. Remove annoying clips from Music Player while scanning the app.

8. Can set Ringtone within the music player.

9. 5-band equalizer with powerful bass and virtualizer with reverb settings.

10. Play songs in a selective order by adding to the currently playing list through Add to Queue feature.

11. Share songs that you are currently listening on social media apps like Facebook, WhatsApp. etc.

12. Available in 40 different languages (English, Hindi, German, French, Chinese, Russian, Spanish, Turkish, Japanese, Indonesian, etc.).

13. System equaliser support is provided along with in-app equaliser within the Music Player App.

14. App is designed based on the concept of material design to make the experience native for Android users.

15. Ringtone Cutter

16. In build Voice Assistance

17. Audiobooks support

18. Fastest way of song sharing without internet through nearby sharing

19. Support all formates like MP3, WAV, FLAC, AC3, AAC, WMA, ACC, MIDI, etc.


Install the music player (mp3 player) and enjoy your favourite songs like never before!

Also, share your feedback on Google Play Store if you like the Music Player App.

PS: With help of our music player, share your favourite songs among your friends on the social media and let your friends know what you are listening.",Everyone,"1,011,901",Install,4.6,10,5746
com.intsig.camscanner,CamScanner - PDF Scanner App,CamSoft Information,Productivity,"Looking for a Efficient scanner app?
CamScanner will turn your device into a powerful portable scanner that recognizes text automatically (OCR) , and help you become more productive in your work and daily life. Download this scanner app for to instantly scan, save, and share any document in PDF, JPG , Word or TXT formats.

Would you like to keep your entire office in your pocket and increase your productivity at work?
Use CamScanner features to handle your paperwork with ease. Say goodbye to huge and ugly copy machines and get this ultra-fast scanner app for now.

* CamScanner scanner app installed on over 500 million devices in over 200 countries around the world
* Over 500,000 new registrations per day

FEATURES:

*Quickly Digitize Document
Just use your phone camera to scan and digitize all kinds of paper documents: receipts, notes, invoices, whiteboard discussions, business cards, certificates, etc.

*Optimize Scan Quality
Smart cropping and auto enhancing ensures the texts and graphics in scanned documents are clear and sharp with premium colors and resolutions.

*Extract Texts from Image
OCR (optical character recognition) feature recognizes texts in document images and extract them from images for later searching, editing or sharing. (Premium only)

*Share PDF/JPEG Files
Easily share documents in PDF or JPEG format with friends via various ways: post on social media, send attachment or document download link through email.

*AirPrint & Fax Documents
Instantly print out any documents in CamScanner scanner app with nearby printer via AirPrint; directly select document and fax to over 30 countries from the app.

*Advanced Document Editing
Make annotations on documents with a full set of editing tools. Also adding customized watermarks are made available to mark your own documents.

*Quick Search
When you have plenty of documents, you can use Tags to categorize and easily find them. In addition, OCR for Search helps you find texts inside image and notes. Just enter one keyword, you can quickly find the document you want. (Registrants only)

*Secure Important Documents
If you want to protect confidential contents, you can set passcode for viewing important documents; also, while sending document download link, you can set password to protect others from seeing it.

*Sync across Platforms
Sign up to sync documents on the go. Just sign in to any smartphone, tablet or computer (visit www.camscanner.com ) and you can view, edit and share any document with our scanner app. (Registrants only)

UNLIMITED ACCESS MEMBERSHIP SUBSCRIPTION
* You can subscribe to get unlimited access to all app features
* Subscriptions are billed weekly, monthly, quarterly, or annually at the rate based on the subscription plan
* Payment will be charged to Google Play Store at confirmation of purchase
* Subscription renews automatically unless auto-renew is turned off at least 24 hours before the end of the current period
* Account will be charged for renewal within 24 hours prior to the end of the current period. The cost depends on the selected plan
* Subscriptions may be managed by the user, and auto-renewal may be turned off by going to the user's Account Settings after purchase
* Any unused portion of the free trial will be forfeited when the user purchases a subscription

We’d love to hear your feedback: asupport@intsig.com
Follow us on Twitter: @CamScanner
Like us on Facebook: CamScanner
Follow us on Google+: CamScanner",Everyone,"3,836,495",Install,4.9,1,7641
com.grammarly.android.keyboard,Grammarly - Grammar Keyboard,"Grammarly, Inc.",Productivity,"Edit and correct your grammar, spelling, punctuation, and more with your personal writing assistant, grammar checker, and editor.

The Grammarly Keyboard and proofreader allows you to write clearly, confidently, and mistake-free in all your apps. Advanced features such as the synonyms tool help you enhance your vocabulary, spell check words and improve your writing - from emails to social media posts.

Grammarly grammar checker and editor - how does it work?

1. Simply download the Grammarly app and enable Grammarly in your Keyboard settings.
2. You can adjust the look of your Keyboard for a customized experience—choose light or dark, key borders, the number row, and more.
3. You’re now good to go! Simply start typing in any app. Grammarly will check each word, your grammar, spelling, and punctuation, suggest synonyms, and help you improve your communication skills.

Whether you’re typing emails on the go, editing an important LinkedIn post, sending a text message, or composing an essential tweet, the Grammarly writing assistant and grammar checker lets you spell check, correct, edit and perfect your message from your mobile device with confidence.

The Grammarly Keyboard also supports swipe typing, so you can compose quality writing without slowing down.

Edit, spell check and correct your writing in real time

– Grammar checker: Know your grammar is always mistake-free.
– Spelling checker and proofreader: Easily avoid common typos.
– Advanced punctuation correction: Take the guesswork out of punctuation.
– Synonyms and editor: See better word choices and select synonyms as you’re typing.

Writing assistant and proofreader: Improve your communication skills

– Receive short, clear explanations for every correction.
– Understand your mistakes and avoid them in the future.

Customizable for your needs

– Dialect settings (American, Canadian, British, and Australian English)
– Light and dark themes
– Personal dictionary: Easily add your own vocabulary to your dictionary

*** Uplevel Your Communication Skills With Premium ***

Take your writing and communication skills from good to great with our advanced features and suggestions.

Grammarly Premium helps you strike the right tone, gives you real-time feedback, and helps you broaden your vocabulary by suggesting impactful, vivid words to help your message, social media post, or email come to life.

Premium features include:

✓ Vocabulary enhancement
✓ Clarity improvements
✓ Tone adjustments
✓ Word choice
✓ Formality level
✓ Fluency

****************

We designed the Grammarly Keyboard to be a writing assistant that works anywhere you write—no copying or pasting required, no proofreader needed.

Grammarly always keeps your writing safe and private. See our User Trust Guidelines for details: https://www.grammarly.com/trust

By installing the Keyboard, you agree to Grammarly’s Terms and Conditions (www.grammarly.com/terms) and acknowledge that you have read Grammarly’s Privacy Policy (https://www.grammarly.com/privacy-policy). California residents, please see the California Privacy Notice (https://www.grammarly.com/privacy-policy#for-california-users).",Everyone,"136,975",Install,4.1,2,7101
com.evernote,Evernote - Notes Organizer & Daily Planner,Evernote Corporation,Productivity,"Capture ideas when inspiration strikes. Bring your notes, to-dos, and schedule together to tame life’s distractions and accomplish more—at work, at home, and everywhere in between.

Evernote syncs to all your devices, so you can stay productive on the go. Tackle your to-do list with Tasks, connect your Google Calendar to stay on top of your schedule, and see your most relevant information quickly with a customizable Home dashboard.

Note: The new version of Evernote is available for Android version 10 and newer. Users of Android version 9 and older will receive the Evernote Legacy app. The new Evernote for Android will be made available for Android versions 6, 7, 8 and 9 in a future update.

""Use Evernote as the place you put everything … Don’t ask yourself which device it’s on—it’s in Evernote"" – The New York Times

“When it comes to taking all manner of notes and getting work done, Evernote is an indispensable tool.” – PC Mag

---

CAPTURE IDEAS
• Write, collect, and capture ideas as searchable notes, notebooks, and to-do lists.
• Clip interesting articles and web pages to read or use later.
• Add different types of content to your notes: text, docs, PDFs, sketches, photos, audio, web clippings, and more.
• Use your camera to scan and organize paper documents, business cards, whiteboards, and handwritten notes.

GET ORGANIZED
• Manage your to-do list with Tasks—set due dates and reminders, so you never miss a deadline.
• Connect Evernote and Google Calendar to bring your schedule and your notes together.
• See your most relevant information instantly on the Home dashboard.
• Create separate notebooks to organize receipts, bills, and invoices.
• Find anything fast—Evernote's powerful search can even find text in images and handwritten notes.

ACCESS ANYWHERE
• Sync your notes and notebooks automatically across any Chromebook, phone, or tablet.
• Start work on one device and continue on another without missing a beat.

EVERNOTE IN EVERYDAY LIFE
• Keep a journal to keep your thoughts organized.
• Go paperless by scanning receipts and important documents.

EVERNOTE IN BUSINESS
• Keep everyone up to date by capturing meeting notes and sharing notebooks with your team.
• Bring people, projects, and ideas together with shared Spaces.

EVERNOTE IN EDUCATION
• Keep track of lecture notes, exams, and assignments so you don’t miss important details.
• Create notebooks for each class and keep everything organized.

---

Also available from Evernote:

EVERNOTE PERSONAL
• 10 GB of new uploads each month
• Unlimited number of devices
• Create and manage tasks
• Connect one Google Calendar account
• Access your notes and notebooks offline

EVERNOTE PROFESSIONAL
• 20 GB of new uploads each month
• Unlimited number of devices
• Create, manage, and assign tasks
• Connect multiple Google Calendar accounts
• Access your notes and notebooks offline
• Home dashboard - Full customization

Price may vary by location. Subscriptions will be charged to your credit card through your Google Play account. Where applicable, your subscription will automatically renew unless canceled at least 24 hours before the end of the current period. Subscriptions may not be cancelled for refund except as provided in Evernote's Commercial Terms. Manage your subscriptions in Account Settings after purchase.

---

Privacy Policy: https://evernote.com/legal/privacy.php
Terms of Service: https://evernote.com/legal/tos.php
Commercial terms: https://evernote.com/legal/commercial-terms",Everyone,"1,680,762",Install,4.0,3,6490
com.google.android.calendar,Google Calendar,Google LLC,Productivity,"Get the official Google Calendar app, part of Google Workspace, for your Android phone and tablet to save time and make the most of every day.

• Different ways to view your calendar - Quickly switch between month, week, and day view.
• Events from Gmail - Flight, hotel, concert, restaurant reservations, and more are added to your calendar automatically.
• Tasks - Create, manage, and view your tasks alongside your events in Calendar
• All your calendars in one place - Google Calendar works with all calendars on your phone, including Exchange.

Google Calendar is part of Google Workspace. With Google Workspace, you and your team can:
• Schedule meetings quickly by checking coworkers' availability or layering their calendars in a single view
• See if meeting rooms or shared resources are free
• Share calendars so people see full event details or just if you are free
• Access from your laptop, tablet or phone
• Publish calendars on the web

Learn more about Google Workspace: https://workspace.google.com/products/calendar/

Follow us for more:
Twitter: https://twitter.com/googleworkspace
Linkedin: https://www.linkedin.com/showcase/googleworkspace
Facebook: https://www.facebook.com/googleworkspace/",Everyone,"1,960,935",Install,4.2,4,6300
com.google.android.apps.docs.editors.docs,Google Docs,Google LLC,Productivity,"Create, edit, and collaborate with others on documents from your Android phone or tablet with the Google Docs app. With Docs you can:

- Create new documents or edit existing files
- Share documents and collaborate in the same document at the same time.
- Work anywhere, anytime - even offline
- Add and respond to comments.
- Never worry about losing your work – everything is saved automatically as you type.
- Search the web and your files in Drive, right from Docs
- Open, edit, and save Word documents and PDFs.

Google Docs is part of Google Workspace: where teams of any size can chat, create, and collaborate.

Google Workspace subscribers have access to additional Google Docs features, including:
- Working in a single document with teammates or people outside your company. See edits as others type, communicate through built-in chat, and leave feedback through comments and suggestions
- Importing your documents to make them instantly editable, including Microsoft® Word and PDF files. Export your work in .docx, .pdf, .odt, .rtf, .txt or .html format
- Unlimited version history. Track changes made to your documents and undo anything you choose.
- Working across devices, with or without Internet

Learn more about Google Workspace: https://workspace.google.com/products/docs/

Follow us for more:
Twitter: https://twitter.com/googleworkspace
Linkedin: https://www.linkedin.com/showcase/googleworkspace
Facebook: https://www.facebook.com/googleworkspace/

Permissions Notice
Contacts: This is used to give suggestions of people to add to files and share with.
Storage: This is used to save and open files on USB or SD storage.",Everyone,"1,662,032",Install,4.2,5,5679
com.google.android.keep,Google Keep - Notes and Lists,Google LLC,Productivity,"Quickly capture what’s on your mind and get a reminder later at the right place or time. Speak a voice memo on the go and have it automatically transcribed. Grab a photo of a poster, receipt or document and easily organize or find it later in search. Google Keep makes it easy to capture a thought or list for yourself, and share it with friends and family.

Capture what’s on your mind
• Add notes, lists and photos to Google Keep. Pressed for time? Record a voice memo and Keep will transcribe it so you can find it later.
Share ideas with friends and family
• Easily plan that surprise party by sharing your Keep notes with others and collaborating on them in real time.
Find what you need, fast
• Color and add labels to code notes to quickly organize and get on with your life. If you need to find something you saved, a simple search will turn it up.
Always within reach
• Keep works on your phone, tablet, computer and Android wearables. Everything you add syncs across all of your devices so your thoughts are always with you.
The right note at the right time
• Need to remember to pick up some groceries? Set a location-based reminder to pull up your grocery list right when you get to the store.
Available everywhere
• Try Google Keep on the web at http://keep.google.com and find it in the Chrome Web Store at http://g.co/keepinchrome.

Permissions Notice
Camera: This is used to attach images to notes in Keep.
Contacts: This is used to share notes to contacts.
Microphone: This is used to attach audio to notes.
Location: This is used to set and fire location-based reminders.
Storage: This is used to add attachments from storage to their notes.",Everyone,"1,342,363",Install,4.2,6,5610
com.microsoft.office.powerpoint,Microsoft PowerPoint,Microsoft Corporation,Productivity,"Microsoft PowerPoint presents you with a presentation and slides app that you can carry with you wherever you go. Make a slideshow and leverage templated PowerPoint slideshows in quarterly reports, yearly reports and any other reports.

The PowerPoint app gives you access to the familiar slideshow tool you know and love. Create, edit, view, present or share presentations quickly and easily from anywhere. Present a slideshow free of errors with confidence, with Presenter Coach.

Access recently used PowerPoint files quickly while on the go. PowerPoint provides a quick view of your recent files for easy access on any device. Syncing is seamless across devices, so you no longer have to worry about multiple file versions when you work on PowerPoint mobile.

Give presentations with training from Presenter Coach, a new AI tool designed to help with public speaking. Practice presentations on your own, in private with the Presenter Coach. Presenter Coach helps you practice presentations with real-time suggestions to help you adjust your pacing, avoid “umms” and speak confidently.

Create a custom slideshow with powerful and customizable presentations that make you stand out. Create and present with confidence from anywhere. Make an impactful presentation easily. PowerPoint gives you the ability to edit your ppt or pptx files and customize it on the go, collaborating with others in real time.

Present with Confidence
• Edit and present slideshows using PowerPoint mobile
• Present a slideshow free of errors with the help of Presenter Coach
• This presentation maker gives you the option to create presentations from scratch or work on pre-existing slides
• Practice slideshow presentations for your yearly reports with the Presenter Coach to master public speaking
• Present your point clearly & with confidence using presentation view on any device

Make a Lasting Impression
• Make a slideshow using templates or create your own custom slides; an expertly crafted presentation is always a winner
• Quarterly reports are made easy with PowerPoint templates
• Become a skilled presentation maker & take advantage of the slides app with highly customizable tools

Work with Others Easily
• PowerPoint makes it easy for you to collaborate with others
• Make a slideshow and share with your team to get feedback and edits
• Invite others to edit, view, or provide feedback on your slides with 1-click sharing
• Easily manage permissions and see who’s working in your presentation & on which slides
• Stay on top of changes & feedback from others with integrated comments within the slides
• Compare changes to see how your presentation has evolved over time

REQUIREMENTS
1 GB RAM or above

To create or edit documents, sign in with a free Microsoft account on devices with a screen size of 10.1 inches or smaller.

Unlock the full Microsoft experience with a qualifying Microsoft 365 subscription for your phone, tablet, PC, and Mac.

Microsoft 365 subscriptions purchased from the app will be charged to your Play Store account and will automatically renew within 24 hours prior to the end of the current subscription period, unless auto-renewal is disabled beforehand. You can manage your subscriptions in your Play Store account settings. A subscription cannot be cancelled during the active subscription period.

This app is provided by either Microsoft or a third-party app publisher and is subject to a separate privacy statement and terms and conditions. Data provided through the use of this store and this app may be accessible to Microsoft or the third-party app publisher, as applicable, and transferred to, stored, and processed in the United States or any other country where Microsoft or the app publisher and their affiliates or service providers maintain facilities.

Please refer to Microsoft’s EULA for Terms of Service for Microsoft 365 on Android. By installing the app, you agree to these terms and conditions: http://aka.ms/eula",Everyone,"1,997,505",Install,4.3,7,5477
com.socialnmobile.dictapps.notepad.color.note,ColorNote Notepad Notes,Notes,Productivity,"ColorNote® is a simple and awesome notepad app. It gives you a quick and simple notepad editing experience when you write notes, memos, e-mails, messages, shopping lists and to-do lists. Taking notes with ColorNote® Notepad is easier than any other notepad or memo pad app.

* Notice *
- If you cannot find the widget, then please read the FAQ below.
- When you're finished using the notepad, an automatic save command preserves your individual note.

* Product Description *
ColorNote® features two basic note taking formats, a lined-paper styled text option, and a checklist option. Add as many as you want to your master list, which appears on the app's home screen each time the program opens. This list may be viewed in traditional ascending order, in grid format, or by note color.

- Taking a Note -
Serving as a simple word processing program, the text option allows for as many characters as you're willing to type. Once saved, you can edit, share, set a reminder, or check off or delete the note through your device's menu button. When checking off a text note, the app places a slash through the list's title, and this will be displayed on the main menu.

- Making To-do List or Shopping List -
In the checklist mode, you can add as many items as you'd like and arrange their order with drag buttons activated in the edit mode. After the list is finished and saved, you may check or uncheck each line on your list with a quick tap, which will toggle a line slash. If all items have been checked, then the list's title is slashed as well.


* Features *
- Organize notes by color (color notebook)
- Sticky note memo widget (Put your notes on your home screen)
- Checklist notes for To do list & Shopping list. (Quick and simple list maker)
- Checklist notes to get things done (GTD)
- Organize your schedule by note in calendar
- Write a diary and journal in calendar
- Password Lock note : Protect your notes with passcode
- Secured backup notes to SD storage
- Supports online back up and sync. You can sync notes between phone and tablet.
- Reminder notes on status bar
- List/Grid View
- Search notes
- Notepad supports ColorDict Add-on
- Powerful task reminder : Time Alarm, All day, Repetition.(lunar calendar)
- Quick memo / notes
- Wiki note link : [[Title]]
- Share notes via SMS, e-mail or Twitter

* Online backup and sync cloud service *
- Notes will be encrypted before uploading notes by using the AES standard, which is the same encryption standard used by banks to secure customer data.
- It does not send any of your notes to the server without you signing in.
- Sign-in with Google or Facebook.

* Permissions *
- Internet Access: For online backup & sync notes
- Storage : For backup notes to the storage of the device
- Prevent phone from sleeping, control vibrator, automatically start at boot: For reminder notes

* FAQ *
Q: How do you put a sticky note widget on the home screen?
A: Go to the home screen and hold down your finger on an empty space and choose widget, Color Note will then be desplayed so you can stick on the page.

Q: Why don't the widget, the alarm and notes remider functions work?
A: If the app is installed on the SD card, your widget, reminder, etc. will not work properly because Android doesn't support these features when installed on an SD card! If you have already moved the app to an SD card, but want those features, then you have to move the app back on the device and reboot your phone.

Settings - Applications - Manage Applications - Color Note - Move to Device

Q: Where are backed up notes data on the SD card?
A: '/data/colornote' or '/Android/data/com.socialnmobile.dictapps.notepad.color.note/files' on SD card

Q: I forgot my master password. How can I change it?
A: Menu → Settings → Master Password → Menu Button → Clear Password. You will lose your current locked notes when you clear the password!

Q: How can I create todo list note?
A: New - Select checklist note - Put items - Save. Tap an item to strikethrough.",Everyone,"3,412,930",Install,4.9,8,5425
com.lastpass.lpandroid,LastPass Password Manager,"GoTo Group, Inc.",Productivity,"LastPass is a password manager and password generator that locks your passwords and personal information in a secure vault. From your LastPass vault, you can store passwords and logins, create online shopping profiles, generate strong passwords, track personal information in notes, and more. All you have to do is remember your LastPass master password, and LastPass will autofill web browser and app logins for you.

Stop getting locked out of your online accounts or struggling with frustrating password resets. Let LastPass remember your passwords for you, and keep you safe online.

NEW TO LASTPASS?

Download LastPass now and get the protection you need for your online information. You can use LastPass on one device type (Computer or Mobile) for free. Unlimited device type access is available with LastPass Premium or Families.

- Store usernames and passwords for all of your online accounts securely in your LastPass encrypted vault.

- For Android Oreo and future OS releases, LastPass will automatically save usernames and passwords to the vault as you visit each site and app.

- Passwords will automatically fill in for you as you visit sites and apps, so you never need to remember them again. Only remember your LastPass master password and forget the rest.

- With automatic device sync, anything you save on one device is instantly available on other devices.

- Securely store information like credit card numbers and health insurance cards in the encrypted vault.

- Log in with your fingerprint for simple, secure access to everything in LastPass.

- Safely and conveniently share passwords with others, such as the cable login or WiFi password.

- Create secure passwords in one click with the built-in password generator.

- Multi-factor authentication secures your password vault to add a second layer of protection on your account.

LastPass never has the key to your encrypted data, so your information is available to you, and only you. Your vault is encrypted with bank-level, AES 256-bit encryption.

Get more with LastPass Premium:
- Unlimited device type access
- Unlimited sharing of passwords, items and notes
- 1GB encrypted file storage
- Premium multi-factor authentication like YubiKey
- Personal support
- Desktop fingerprint authentication

Download LastPass today for simple, secure access to your passwords!",Everyone,"214,559",Install,3.4,9,5424
com.google.android.apps.tasks,Google Tasks,Google LLC,Productivity,"Get more done with the Google Tasks mobile app. Manage, capture, and edit your tasks from anywhere, at anytime, with to-dos that sync across all your devices. Integrations with Gmail and Google Calendar help you get tasks done—faster.

Quickly capture tasks anywhere
• Create task lists with your most important to-dos
• View, edit, and manage tasks on the go, from any device
• Manage tasks created in Gmail or Calendar on the web from your mobile device

Add details and create subtasks
• Break down your tasks to subtasks
• Add details about the work you need to focus on
• Edit details about any task as your work progresses

View tasks created from emails
• Create a task directly from an email in Gmail
• View your tasks in the side panel of Gmail
• Trace a task back to its source email

Stay on track with due dates and notifications
• Set a due date for every task to help you achieve your goals
• Organize your tasks by date or prioritize using drag-and-drop
• Receive due date notification reminders to keep your tasks on track

Part of G Suite
• Bring Google's suite of powerful, intelligent apps to your business
• Leverage Google’s AI to bring data insights and analysis to every employee
• Connect with your team seamlessly using one suite: Gmail, Tasks, Calendar & more

Take control of your task management and install the Google Tasks mobile app. Start easily managing your to-do list on the go with the Tasks planner app from Google.",Everyone,"223,994",Install,4.6,10,5349
com.zzkko,SHEIN-Fashion Shopping Online,Shein Group Ltd,Shopping,"Now introducing the SHEIN mobile app! Everything you love about our site, now at your fingertips. SHEIN is a fun, ultra-affordable online shopping platform featuring styles for women, men, kids, curve, plus over 20,000+ styles including dresses, tops, swimwear, shoes and accessories. Think of us as your one-stop destination for everything trendy! We'll keep you in the loop with push notifications, you can engage with other SHEIN lovers in real time and browse over 1000+ daily new arrivals, plus styling tips, livestreams, reviews and more to inspire you!

Perks:
- Get an extra 10% off on your first order
- Free shipping on orders over $49 & free returns
- Fun, easy shopping that's 100% secure
- Browse by New Arrivals, Trends, Category, Best Sellers and more
- Daily Flash Sales: Score up to 80% off countless styles
- Get first access to sale alerts and promotional discounts
- Now accepting PayPal and major Credit Cards
- Style now, pay later! Choose Afterpay to pay in 4 interest-free payments.
- 24/7 Customer Service and Live Chat available


Contact us:
URL: us.shein.com
Facebook: www.facebook.com/sheinus/
Instagram: www.instagram.com/shein_us/
Email: dispute@shein.com",Teen,"3,179,493",Install,4.8,1,7415
com.offerup,OfferUp: Buy. Sell. Letgo.,OfferUp Inc.,Shopping,"Buy. Sell. Letgo. - OfferUp and Letgo are now one big mobile marketplace.

Buy, sell and shop deals on thousands of unique items nearby! So whether you want to make some extra money by selling your used furniture or want to do some clothes shopping the choice is yours with OfferUp.

OfferUp makes it easy to find great deals on the things you want and make money on the things you want to sell. Ditch the Classified Ads and garage sales -- this is the best way to buy and sell in your community or neighborhood with a mobile marketplace you can trust.

Cars, clothes, shoes, vintage fashion, and more! Here’s how shopping and selling with OfferUp works:

• Buy or sell anything; easily offer up your items for sale in 30 seconds.
• Find great deals and discounts on clothes, shoes, furniture, vintage fashion, cell phones, electronics, baby & kids items, sports equipment, used cars, home goods and more.
• Use reputation features like ratings and profiles to see who you’re dealing with and build trust.
• Shop local items for sale with thousands of new postings daily.
• Message buyers and sellers securely from within the app.
• Build your reputation with your unique seller profile page.
• Browse and shop items by image and sort by category or location.
• Join millions of people using OfferUp across the country.
• Skip the garage sale! OfferUp is the simplest way to buy and sell locally.

Fun facts about shopping and selling with OfferUp:

1. With OfferUp you can easily sell anything like clothes and shoes, used cars, electronics, vintage fashion, and furniture.
2. OfferUp shows you what’s selling nearby in your local community.
3. Communication between buyers & sellers happens through the app via secure messaging.
4. OfferUp is better than a garage sale; you can do your shopping right on your phone or tablet.

Be part of the community:

We’re making local shopping and selling an experience that everyone can try and trust. The community at the heart of our marketplace is what makes that possible. When you join OfferUp, you’re joining millions of people helping each other make money and save money around the nation -- and right in the neighborhood.

From shoes to cars, vintage fashion to furniture - unearth unique items that you can’t find anywhere else with OfferUp. Download OfferUp today and enjoy the mobile marketplace with plenty of hidden gems just waiting to be discovered.

The two leading mobile marketplaces in the U.S., OfferUp and Letgo, are joining forces to create a new powerhouse. OfferUp acquired Letgo on July 1, 2020.",Everyone,"1,037,443",Install,4.2,2,7113
com.mercariapp.mercari,Mercari: Your Marketplace,"Mercari, Inc",Shopping,"Mercari is your marketplace.
It’s the perfect place to go to declutter or find your new look. Letting go has never felt so good – it’s almost as good as finding your new favorite thing. And we’re here to help.

Our team is always trying to find new ways to make exchanging items even easier. This means at-home pickups, same-day delivery, and a curated list of items you’ll love.

SELLING ON MERCARI:
It’s all from home.
- Item sold? Contact your carrier for a home pickup.
- Check out Mercari Local in select cities. The day your item is sold, a driver will pick it up and deliver it to the buyer.

Listing is easy.
- Take a few photos, add a description, and tap “list.”
- Listing an item will always be free. We only charge fees when your sale is complete.
- Once your ID is verified, you can get paid in minutes with Instant Pay.

There are no meetups.
- With Mercari, all items ship. You can sell almost anything from the comfort of home.
- When you ship with a Mercari label, we’ll email you a printable shipping label when your item sells. Just print it out and drop off your package, or schedule a pickup.

SHOPPING ON MERCARI:
Shop from thousands of popular brands: Nike, Apple, Nintendo, Rae Dunn, Funko, and many more. We also have deals on quirky collectibles and authenticated luxury, all sold by real people like you.

When you’ve found that perfect thing, we ask the seller to ship within 3 business days.

Say goodbye to your old go-tos, and hello to the new you.
We’d love to hear from you.

DM us on our Instagram @mercari or tweet @mercari_app.

Mercari is available in the US for anyone 18+.",Everyone,"343,474",Install,4.6,3,7084
com.dhgate.buyermob,DHgate-online wholesale stores,dhgate.com,Shopping,"The DHgate shopping app allows free access to the DHgate wholesale marketplace on the go – connecting you directly to wholesale sellers and getting you cheap prices.

The DHgate app provides one-stop solution for your online purchasing, from international logistics and payment, to internet finance and customer services. DHgate app features over a million Chinese wholesalers, 40 million products for sale and has amassed 10 million buyers from 230 countries and regions.

We provide cost effective all-in-one solution for your business. We enable anyone to buy and sell products in wholesale price globally by providing secure payment services, logistics solutions, escrow protection services, and internet financing.

With a variety of over 20 million products in categories ranging from electronics to wedding dresses and from cosmetics to furniture – you’ll never miss what you’re looking for. Simply tell the app whether you’re buying for wholesale or personal use, choose your favorite categories and receive personalized discounts and recommendations.

DHgate Shopping APP Features:
• Secure, organized and reliable mobile platform.
• Shop directly from sellers and enjoy lower-than-retail prices.
• Check daily deals to find new discount products every day.
• Make purchases individually or in bulk (for additional discounts).
• Filter and customize to find the perfect product.
• Get smart product recommendations based on preferences and browsing history.
• Read customer reviews for insight on any product.
• Pay using innovative and easy payment options.
• Ship using worldwide delivery on most products.
• Scan QR codes to jump straight to a product’s page.
• Shop at the $1.99 store for the best discounts.
• Join the VIP club to receive exclusive benefits including 24/7 customer support and more.
• Redeem seasonal promotions for coupons on all your favorite seasonal items.

Whether you’re an entrepreneur making a bottom line or just a savvy consumer looking for the best deals, the DHgate app offers the value you need at the prices you want.

Quick Facts for DHgate Shopping APP
• Approximately 1.2 million sellers globally
• 10 million enterprise and individual buyers from over 230 countries and regions
• 33 million wholesale and retail product listingsA transaction every 3 seconds
• Multilingual Sales: English, French, German, Italian, Portuguese, Russian, Spanish


Download DHgate app and discover the best prices on clothes, electronics, shoes and more!""",Teen,"442,152",Install,4.3,4,7066
com.shopee.ph,Shopee PH: Shop on 3.3 - 3.15,Shopee,Shopping,"Prepare your carts for 3.3 - 3.15 Consumer Day on Shopee Philippines from March 3 - 15, 2022! Enjoy 3.3 - 3.15 promos including free shipping with no minimum spend, ₱1 deals, and 10% off daily

Shopee is the leading online shopping platform in Southeast Asia and Taiwan that offers convenient and seamless shopping to users that are looking to shop anytime and anywhere. With strong payment and logistical support, Shopee provides all users with an easy, secure, and fast online shopping experience.

SHOP ANYTIME, ANYWHERE
• Browse and shop with ease from our comprehensive range of categories, including health & beauty, electronics, fashion, home & living, babies & kids' toys, and more
• Get quality products from official brands on Shopee Mall
• Explore Daily Discover section for tailored product offerings
• Enjoy great savings from our daily Flash Sales
• Earn Shopee Coins to enjoy more savings

SAFE ONLINE ENVIRONMENT
• Make informed purchases – Scan through seller's ratings and reviews
• Risk-free payment - Shopee Guarantee only releases payment upon confirming receipt of order
• Strong logistics support - Track your orders from payment to delivery via up-to-date shipping information

SEAMLESS CHECKOUT & SECURE PAYMENT METHODS
• Use the ShopeePay in-app wallet for exclusive vouchers
• Experience quick and convenient purchase process with our intuitive interface
• Transact with your preferred method - pay with bank transfer or credit card

[Per Game Version]
GET A CHANCE TO WIN COINS, VOUCHERS, AND MORE PRIZES
• Shopee Farm - Plant and harvest seeds to win free gadgets, coins, vouchers, and more!
• Shopee Candy - Switch and match candies for a chance to win the latest gadgets, shopee coins, and rewards via ShopeePay!
• Shopee Bubble - Pop bubbles daily for the chance to win gadgets exciting gadgets! Don't miss out on special events and sales to collect points faster!
• Shopee Claw - Grab props to win coins, vouchers ,and more exciting prizes!
• Shopee Shake - Get a chance to win Shopee Coins and exciting prizes!
• Shopee Pets - Raise your pet for a chance to win coins, vouchers, and exciting prizes!
• Pera Panalo - Play Pera Panalo daily and win free money via ShopeePay, coins, and raffle tickets!

[Overall Games Version]
GET A CHANCE TO WIN COINS, VOUCHERS, AND MORE PRIZES
• Participate in the different games and special events to win exciting prizes daily on Shopee Philippines!

APP HIGHLIGHTS
• Search by category and brand
• App-exclusive offers and daily deals notifications
• Personalised product recommendations
• Customer rating and reviews
• Shopee Coins with every purchase
• Order tracking
• 100% protection with Shopee Guarantee
• Many more to come

-------------------
Give us a shout-out - we'd love to hear from you!
Visit our WEBSITE: www.shopee.ph
Like us on FACEBOOK: facebook.com/ShopeePH
Follow us on INSTAGRAM : @shopee_ph",Everyone,"2,386,998",Install,4.4,5,6817
com.shopee.my,Shopee MY: 3.15 Consumer Day,Shopee,Shopping,"Get ready for our 1st Mega Sale of the year during the Shopee 3.15 Consumer Day Sale! Enjoy no shipping fee with no min. spend and all-day 95% OFF deals. Don't forget to participate in Shopee Games like Spin & Win for a chance to win the 1st biggest giveaway of the year: a brand new Nissan Almera! That's not all - other deals not to be missed out on include 12pm-2pm Free Shipping Hours, 4pm-8pm Jom Lokal Bersama, 8pm-12am Coins Cashback Hours, Daily Brands Spotlight, and so much more! Keep an eye out for special ShopeePay deals like 1 Sen Shopee Pay Vouchers and ShopeeFood Free Delivery Vouchers that you can only use when you pay with your e-wallet. So mark your calendars and celebrate the 1st Mega Sale of the year with Shopee's 3.15 Consumer Day Sale!

Shopee is the leading online shopping platform in Southeast Asia and Taiwan that offers convenient and seamless shopping to users that are looking to shop anytime, anywhere. With strong payment and logistical support, Shopee is an e-commerce platform and online shopping app that provides all users with an easy, secure and fast online shopping experience.

SHOP ANYTIME, ANYWHERE

• Browse and shop with ease from our comprehensive range of categories, including health & beauty, electronics, fashion, home & living, baby & toys and more
• Shop online for quality product deals from official brands on Shopee Mall
• Enjoy great savings from our daily Shocking Sale
• Enjoy Free Shipping from more than 30,000 selected stores (up to 5KG for West Malaysia and up to 1KG for East Malaysia)
• Explore Daily Discover section for tailored product offerings
• Earn Shopee Coins on purchases and daily check-in to enjoy more savings

SAFE ONLINE ENVIRONMENT

• Make informed purchases – Scan through seller's ratings and reviews
• Risk-free payment - Shopee Guarantee only releases payment upon confirming receipt of order
• Strong logistics support - Track your orders from payment to delivery via up-to-date shipping information

SEAMLESS CHECKOUT & SECURE PAYMENT METHODS

• Experience quick and convenient purchase process with our intuitive interface
• Transact with your preferred method - pay with bank transfer or credit card

APP HIGHLIGHTS

• Search by category, brand and location
• App-exclusive offers and daily deals notifications
• Personalised product recommendations
• Customer rating and reviews
• Earn Shopee Coins with purchase and daily check-in
• Order tracking
• 100% protection with Shopee Guarantee
• Many more to come

-------------------
Give us a shout-out - we'd love to hear from you!
Visit our WEBSITE: www.shopee.com.my
Like us on FACEBOOK: facebook.com/ShopeeMY
Follow us on INSTAGRAM : @shopee_my",Everyone,"1,734,523",Install,4.3,6,6736
com.ebay.mobile,eBay: The shopping marketplace,eBay Mobile,Shopping,"Buy and sell the brands you love, from seasonal fashion to luxury handbags, rare sneakers, top tech, vintage watches, and the latest toys. Shop your favorite brands including Nike, adidas, Gucci, Playstation, Nintendo, Apple, and more.

New to eBay marketplace? Sign up now to discover the joys of buying and selling with eBay.


• Discover online shopping deals and receive sales alerts.
• Track your online shopping orders in real time.
• Quickly and safely speed through checkout.
• Make money by listing on the marketplace in minutes.


• We have deals and sales in top categories: tech, toys, fashion, watches, sneakers and more.
• Shop the brands you love for less: Nike, adidas, Gucci, Playstation, Nintendo, Apple, and more.


Our professional authentication gives you peace of mind from start to finish. Across watches, sneakers, and handbags, you can safely buy and sell with our Authenticity Guarantee — at no cost to you:
• Sneakers: Pick up authentic pairs from Nike, adidas, and more.
• Watches: Find vintage, rare, and new designs from Rolex, OMEGA, Breitling, and more.
• Handbags: Shop a variety of colors and styles across Louis Vuitton, Gucci, Prada, Yves Saint Laurent, and more.


• Browse and buy phones, laptops, portable audio, game consoles, surveillance tools, and more.
• Shop smart and get phenomenal sales on premium brands including iRobot, KitchenAid, Bose, Samsung, and more, backed by a two-year warranty.
• All items are inspected and approved by the manufacturer to operate like-new PLUS all items include eBay’s Money Back Guarantee and hassle-free 30 day returns.


Get the item you ordered or your money back — it’s that simple. Our eBay Money Back Guarantee applies to virtually everything on our site, and there's no extra fee for coverage. It's automatic and covers your purchase price plus original shipping on eligible purchases.


Discover a range of useful features on eBay's app where you can find exactly what you want, at a price you'll love:
• Seamless payments: Buy with Google Pay, PayPal, PayPal Credit, credit card, and debit card for a quick and easy checkout.
• Dark Mode: Enhance your experience with our award-winning Dark Mode feature. Simply go to My eBay > Settings > Appearance > Dark Mode to turn on or off.
• Barcode Scanner: Scan the item to instantly find what you're looking for.
• Image search: Snap a photo with your phone or upload an image — we'll find it for you!


List items speedily with smart features that help you make money:
• Barcode Scanner: Scan the barcode of the item you want to sell and instantly get the details (description, shipping, etc.) for your listing.
• Image Clean-up: Snap a picture (or use one you already have) and use the background-remover to make your listing stand out.
• Up and Running: eBay proudly supports small businesses — join a community of sellers and access powerful selling tools and insights.

So, whether you’re scoring a deal, or making some money for the new year — download now to enjoy the best buying and selling experience with the eBay app. From tech and toys, to fashion, sneakers and home, we have you covered.


Thanks to all our loyal fans for your support and suggestions! Your feedback is important to us. Please contact us with any questions by tweeting @askebay or join the discussion at www.ebay.com/android.",Teen,"4,170,153",Install,4.7,7,6326
com.ibotta.android,Ibotta: Save & Earn Cash Back,Ibotta,Shopping,"With Ibotta, you can earn real cash back every time you shop online or in-store. Simply check Ibotta before you shop in-store or online, travel, dine out, or make a purchase in your favorite apps, and you can get rewarded with cash back. Ibotta works with leading brands and retailers, including Best Buy, Lowe’s, Safeway, eBay, and so many more, to help you save money without the hassle of traditional coupons, or promo codes.

Ibotta has credited $1 billion to savers! Join millions of users that are saving and earning cash back on every purchase. Be a part of the next billion dollars!

HOW IBOTTA WORKS:
1. Add cash back offers – Before you go shopping, find and add offers in the app for things you
want to buy.
2. Go shopping – Shop at your favorite stores, retailers, restaurants, bars, and apps
3. Redeem offers – Upload your receipt or link your loyalty card for instant cash back.
4. Get cash back – Watch your savings grow! When you’re ready, Withdraw your cash earnings via PayPal or your choice of a variety of gift cards.

Ibotta is the easiest way to save money every time you shop.

EARN CASH EASILY
- Earn cash back rewards simply by uploading a photo of your receipt
- Get your money quickly and easily

SAVE ON GROCERIES, TRAVEL, RETAIL, RESTAURANTS & MORE
- Ibotta helps you earn cash back on purchases at more than 500,000 locations (and counting)
- Our partners include: Walmart, Uber, Lowe’s, Kohl’s, Kroger, CVS, Rite Aid, Groupon, eBay, Boxed, Best Buy, Bed Bath & Beyond, Drizly, Hotels.com, AMC, eBags, Thrive Market, Safeway, Walgreens, Costco, World Market, Petco, Whole Foods, Trader Joe’s, and many more.

IBOTTA WORKS WITH YOUR FAVORITE APPS
- Start with Ibotta to easily earn cash back when you make purchases on your favorite mobile apps like Uber, Jet.com, Groupon, Boxed, and eBay.

EARN EVEN MORE CASH WITH BONUSES
- Earn extra cash when you refer friends with your referral code!
- Earn even more with extra cash bonuses on specific products or when you hit shopping milestones.
- Ditch the promo codes and old paper coupons and shop with Ibotta to earn real cash back.
- Download the Ibotta app now to start earning cash back on every purchase, and watch your savings grow!

LOVE IBOTTA?
Your feedback is what keeps us going! Please take a moment to rate our app.
Note: Ibotta may use your location to help find stores. Continued use of your phone’s GPS running in the background can dramatically decrease battery life.",Everyone,"586,746",Install,4.5,8,6198
com.jumia.android,JUMIA Online Shopping,JUMIA,Shopping,"Avoid crowds, stay safe and shop from the comfort of your home. With Jumia 🛒, you open your doors to savings and convenience!

Shop safely and conveniently online with Jumia, the largest online retailer in Africa.

★ Daily exclusive APP-only “Flash Sales” on top products and brands.
★ Early access to sales and special promotions
★ Free, fast shipping in select cities across Africa

Convenience and Quality
From fashion to electronics, find everything you need on Africa’s largest online shopping store. Jumia offers a large selection of international and local brands to choose from so you can shop 100% genuine products delivered to your door with hassle-free returns.

Secure Payment Options
Payment is made easy with secure payment options including cash on delivery, mobile money, or pay using your credit card 💳 with our secure payment portal, Jumia Pay.

Some top items include:
What’s available at Jumia? With millions of products available, we’re confident you will find what you are looking for and more. Some top items include:
- Mobile Phones & Tablets 📱, TVs 📺 and Home theatres
- Laptops, Desktops & accessories 💻
- Large & Small Appliances, Games & Consoles 🎮
- Sporting Goods & Lifestyle products - Dumbbells, Indoor Bikes, Weight Benches 🚴⚽
- Fashion for All - Men, Women, Kids & Babies👗👞
- Kids & Baby Essentials - Diapers, Skincare, Toys, Craft Kits 👶
- Health & Beauty Products - Make up, Perfumes, Hair Care, Vitamins & More 💅
- Home & Living - Furniture, Decor, Bedding, Kitchen Essentials 🛏️
- Supermarket & Grocery Items - Food, Storage, Cleaning Supplies & More 🥫

With the Jumia Shopping APP, you get:

- Customized shopping experience with a personalized feed
- Buyer protection
- Order management: our support team will call you to update you on the status of your order
- International shopping from brands like Apple, Canon, HP, Pampers, Moulinex, L’Oreal, Samsung, Tefal and many more
- Multi-device shopping: whether on a smartphone, a tablet or even on a desktop, Jumia app will keep all the products in your cart as long as you are logged in to your account

Support you can rely on:
Operating in 11 markets in Africa, the Jumia Online Shopping Application is available in Arabic, English and French. Our customer service team is easy to reach and strives to provide you with the best support every step of the way.

We aim to provide the best customer experience; please share your feedback to help us achieve that goal.

Contact us:
Nigeria : https://www.jumia.com.ng/contact/
Kenya : https://www.jumia.co.ke/contact/
Egypt : https://www.jumia.com.eg/contact/
Ghana : https://www.jumia.com.gh/contact/
Morocco : https://www.jumia.ma/contact/
Algeria : https://www.jumia.dz/contact/
Ivory Coast : https://www.jumia.ci/contact/
Senegal : https://www.jumia.sn/contact/
Tunisia : https://www.jumia.com.tn/contact/
Uganda : https://www.jumia.ug/contact/
South Africa : https://www.jumia.co.za/contact/",Teen,"1,179,164",Install,4.4,9,6152
com.myklarnamobile,Klarna | Shop now. Pay later.,Klarna Bank AB (publ),Shopping,"SHOP NOW. PAY LATER.
When you shop in the Klarna app, you can split the cost of your purchase from any online store into 4 smaller, interest-free payments. And it works just as easily in-store, with Google Pay. So you can get what you love today and pay later.

NEW DEALS EVERY DAY.
Shop and save money with exclusive deals and discounts from all over the world, right in the Klarna app. Find a deal you like, claim it with a simple tap. And check back in tomorrow – we add new shopping offers all the time.

UNLOCK A $5 WELCOME REWARD.
Join Klarna's free rewards club, Vibe, and get rewarded for all your shopping. Sign up in the Klarna app and unlock a $5 welcome reward after just 1 complete payment.

TRACK ALL YOUR DELIVERIES.
Get live updates with delivery times, pickup codes, and even photos of a pickup point to help guide the way. So go ahead and follow that truck, from purchase to pick up in the Klarna app.

GET PRICE DROP ALERTS.
Save items in Collections and never pay full price again. Each time you save an item, an automatic price drop alert is set. That way, when the price drops you will know. You can also share your Collections with family and friends.

PERSONALIZED INSPIRATION.
In Klarna’s Inspiration feed, you’ll find carefully curated suggestions for deals, product collections, complete looks, and editorials tailored to your shopping. It doesn’t matter if you love fashion, beauty, tech, or whatever – we’ve got something for you.

INCREASE YOUR SPENDING LIMIT.
The more you shop and pay later in 4 installments with Klarna and pay back on time, the more purchasing power you unlock which allows you to spend more. And, you'll also gain access to even more exclusive deals and offers!

HASSLE-FREE RETURNS.
Need to send something back? Report a return right in the app. We’ll pause your purchase so you don’t have to pay in the meantime.

MANAGE YOUR PAYMENTS.
Pay later without surprises. When you shop with Klarna, you get a complete overview of all your purchases and finances. And you can even make early payments or extend your due date.

INSTANT SHOPPING CONFIRMATION.
No one likes to wait. When you buy something through the Klarna app, you'll see your purchase just seconds after you place your order.

24/7 CUSTOMER SERVICE.
Get round-the-clock service whenever you need it using our chat right in the Klarna app.
Try smoooth shopping in the Klarna app. It’s shopping like a VIP. Without an annual fee.


// CA resident loans made or arranged pursuant to a California Financing Law license. //",Everyone,"400,133",Install,4.6,10,6100
com.zhiliao.musically.livewallpaper,TickTock Video Wallpaper by TikTok,TikTok Pte. Ltd.,Tools,"TikTok Wall Picture is the BEST & FREE Video Wallpaper Maker for TikTokers. All types of VIDEOS ON TIKTOK, from Dance, Comedy, Food, Sports, DIY, Animals, to Funny Memes and everything in between, can be easily converted to LIVE WALLPAPERS in seconds! We hope to bring you joy every time you unlock your phone😍

Convert Video to Live Wallpaper in 5 Easy Steps
✔ Install TikTok Wall Picture
✔ Open TikTok and find the video you like
✔ Save VIDEO as LIVE PHOTO
✔ Set the LIVE PHOTO as your Lock Screen & Home Screen
✔ Enjoy your personalized screen!


✔ Open TikTok Wall Picture
✔ Go set wall pictures
✔ Choose one LIVE PHOTO from the album
✔ Set as wallpaper



* Any feedback? Contact us at feedback@tiktok.com or tweet us @tiktok",Everyone,"380,909",Install,4.7,1,7879
com.google.android.apps.paidtasks,Google Opinion Rewards,Google LLC,Tools,"Answer quick surveys and earn Google Play credit with Google Opinion Rewards, an app created by the Google Surveys team.

Getting started is easy. Download the app and answer basic questions about yourself. We'll then send you surveys around once a week, although it may be more or less frequent. You'll get a notification on your phone when a short and relevant survey is ready for you, and can receive up to $1.00 in Play credit for completing it. Questions can range from, ""Which logo is best?"" and ""Which promotion is most compelling?"" to ""When do you plan on traveling next?""",Everyone,"2,581,267",Install,4.5,2,7219
com.cloudflare.onedotonedotonedotone,1.1.1.1: Faster & Safer Internet,"Cloudflare, Inc.",Tools,"✌️✌️1.1.1.1 w/ WARP – the free app that makes your Internet more private – ✌️✌️

1.1.1.1 w/ WARP makes your Internet more private and safer. No one should be able to snoop 🔍 on what you do on the Internet. We’ve created 1.1.1.1 so that you can connect to the Internet securely anytime, anywhere.


A better way to connect 🔑

1.1.1.1 with WARP replaces the connection between your phone and the Internet with a modern, optimized, protocol.


Greater privacy 🔒

1.1.1.1 with WARP prevents anyone from snooping on you by encrypting more of the traffic leaving your phone. We believe privacy is a right. We won't sell your data.


Better security 🛑

1.1.1.1 with WARP protects your phone from security threats like malware, phishing, crypto mining and other security threats. Enable 1.1.1.1 for Families option from the DNS settings inside the app.


Easy to use ✌️

One-touch setup to make your Internet more safe and private. Install it today, get a more private Internet, it’s that simple.


The only way to get WARP+ 🚀

We test thousands of paths over the Internet every second to find which have the best performance. Skip right past Internet traffic jams using the same technology that we use to make thousands of websites 30% faster (on average).

---------------------

Subscription Information for WARP+

• 1.1.1.1 with WARP is free, but WARP+ is a paid feature which can be enabled at any time.
• Subscribe on a monthly basis to receive unlimited WARP+ data for the duration of the subscription.
• Your subscription will automatically renew for the same package length at the same price until you cancel in settings in the Google Play Store at least 24 hours prior to the end of the current period.
• Any unused portion of a free trial period and/or WARP+ data transfer credits, if offered, will be forfeited when you purchase a subscription, where applicable.",Everyone,"591,589",Install,4.1,3,6909
com.google.android.apps.translate,Google Translate,Google LLC,Tools,"• Text translation: Translate between 108 languages by typing
• Tap to Translate: Copy text in any app and tap the Google Translate icon to translate (all languages)
• Offline: Translate with no internet connection (59 languages)
• Instant camera translation: Translate text in images instantly by just pointing your camera (94 languages)
• Photos: Take or import photos for higher quality translations (90 languages)
• Conversations: Translate bilingual conversations on the fly (70 languages)
• Handwriting: Draw text characters instead of typing (96 languages)
• Phrasebook: Star and save translated words and phrases for future reference (all languages)
• Cross-device syncing: Login to sync phrasebook between app and desktop
• Transcribe: Continuously translate someone speaking a different language in near real-time (8 languages)

Translations between the following languages are supported:
Afrikaans, Albanian, Amharic, Arabic, Armenian, Azerbaijani, Basque, Belarusian, Bengali, Bosnian, Bulgarian, Catalan, Cebuano, Chichewa, Chinese (Simplified), Chinese (Traditional), Corsican, Croatian, Czech, Danish, Dutch, English, Esperanto, Estonian, Filipino, Finnish, French, Frisian, Galician, Georgian, German, Greek, Gujarati, Haitian Creole, Hausa, Hawaiian, Hebrew, Hindi, Hmong, Hungarian, Icelandic, Igbo, Indonesian, Irish, Italian, Japanese, Javanese, Kannada, Kazakh, Khmer, Kinyarwanda, Korean, Kurdish (Kurmanji), Kyrgyz, Lao, Latin, Latvian, Lithuanian, Luxembourgish, Macedonian, Malagasy, Malay, Malayalam, Maltese, Maori, Marathi, Mongolian, Myanmar (Burmese), Nepali, Norwegian, Odia (Oriya), Pashto, Persian, Polish, Portuguese, Punjabi, Romanian, Russian, Samoan, Scots Gaelic, Serbian, Sesotho, Shona, Sindhi, Sinhala, Slovak, Slovenian, Somali, Spanish, Sundanese, Swahili, Swedish, Tajik, Tamil, Tatar, Telugu, Thai, Turkish, Turkmen, Ukrainian, Urdu, Uyghur, Uzbek, Vietnamese, Welsh, Xhosa, Yiddish, Yoruba, Zulu

Permissions Notice
Google Translate may ask for permission to access the following features:
• Microphone for speech translation
• Camera for translating text via the camera
• SMS for translating text messages
• External storage for downloading offline translation data
• Accounts and credentials for signing-in and syncing across devices",Everyone,"8,315,188",Install,4.4,4,6727
com.lenovo.anyshare.gps,SHAREit: Share & File Manager,Smart Media4U Technology Pte.Ltd.,Tools,"With SHAREit, you can easily share, transfer and manage files, apps, games and more. The choice of 2 billion+ users. One app, many solutions: memory and speed booster, clean and manage files, stream videos, play games.

SHAREit app features:
Phone cleaner: Clean waste - free app storage space with the cleaner feature by clearing junk and cache files.
Transfer game apps: Within seconds transfer large game apps, without needing to download the game cache file.
File Manager: Be organized - clean and manage the heaviest files, move files or remove them from the phone, as per your needs.
Battery Saver: Save and enhance the battery life of your phone.
Phone Booster: Free up more space with the speed booster. Get a smoother gaming experience, as it optimizes background app usage.

How does SHAREit work? A very secure & easy file sharing process:
1.Select file
2.Select recipients
3.Share

🔥 Why is SHAREit the #1 file sharing & data transfer app that you must have?

🚀 The Fastest File Sharing & App Sharing in the World, offline and online
200 times faster than Bluetooth, the highest speed goes up to 42M/s. Share files without any data consumption, transfer files without any quality loss. Experience the best data-free file transferring and sharing app.

👍 Powerful Cross-Platform Transferring, Supports All Types of Files.
Share for free any size and file type across different platforms.
Transfer All Data Content from Old to New Mobile- Android to Android & iOS(OPPO /Vivo /Samsung /Xiaomi /Redmi /iPhone /Realme /Asus /ADVAN /LENOVO /HUAWEI /Sony /Haier /MITO /Meizu /Hisense /itel /ZTE /mobicel). Send large files without limitation. Transfer:
Apps
Games
Photos
Movies
Videos
Music
Wallpapers
GIFs

🗂️ Easy to Use File Manager
Easy to view, move or delete files to manage storage on your device, find how many files & apps you have on your phone at a glance. Easy and powerful -file explorer and manager.

✨ Just One Click to Booster Your Phone
File Cleaner and Speed Booster. - Clean up your phone, find files fast & share files offline. Clean app cache and junk files. With our professional cleaner, free up so much space from your device without worrying about deleting the wrong files.

📀 Infinite HD & Selective Online Videos
Find Continuously updated online videos, wonderful high quality & fun videos for you to enjoy the app with excitement.

🎶 Elegant Music Player-Audio Player
One of the most gorgeous and powerful music players. Easily find all the music on your phone. The perfect equalizer for your best experience

🔒 High Privacy & Data Security
Your privacy and data security will be protected in the best way. We ensure you enjoy your highly secure trip with our cutting-edge technology.

💡Note： SHAREit will not access permissions that are irrelevant to our functionality.
By accessing Location, SHAREit can help to discover nearby users. Plus, it is required by the Android system to access this permission.
By accessing Bluetooth Connection, SHAREit can discover nearby users more quickly so as to connect with Sender/Receiver more efficiently.

【LIKE US and STAY CONNECTED】
△ Facebook https://facebook.com/bestSHAREit
△ Twitter https://twitter.com/Global_SHAREit
△ Instagram https://instagram.com/bestSHAREit

❤️ Come use the SHAREit sharing file app now! You will find it's a really super useful file transfer & app share tool! If you like it, tell your friends and SHARE it! ❤️

Share, Watch & Play. All day. With SHAREit.",Everyone,"16,952,902",Install,4.2,5,6501
com.expressvpn.vpn,ExpressVPN: Fast & Private VPN,ExpressVPN,Tools,"Better than an internet proxy: Get ExpressVPN and stay private on any network, even Wi-Fi hotspots. Secure your connection with the top-rated VPN today. Try it free now!

7-day free trial
Download ExpressVPN on your Android phone, tablet, or TV, and enjoy a 7-day free trial.

World’s top premium VPN provider
ExpressVPN is rated Excellent by 7,000+ reviewers on Trustpilot and has been crowned the #1 VPN by CNN, The Verge, TechRadar, and more.

Fast VPN server network
Connect to high-speed VPN servers in 94 countries—wherever you want to be.

Safely access your favorite content
Enjoy secure access to a world of great content and apps, with blazing speed and unlimited bandwidth.

Powerful online security
Protect your data and keep online activity more private with best-in-class encryption. Secure your connection on public Wi-Fi hotspots.

Industry-leading privacy protection
Browse in peace while keeping your IP address and location private. Under our strict privacy policy, we don’t collect activity logs or connection logs—it has been independently audited to ensure your protection.

Next-generation VPN protocol
Get exclusive access to Lightway, a VPN protocol developed from the ground up by ExpressVPN to offer greater speed, security, and reliability.

Apps for every device
Download and use ExpressVPN on all your devices. Available on Windows, Mac, iOS, Android, Linux, routers, smart TVs, and more.

Wide language selection
Make our app work for you by switching among 17 languages.

Five-star customer service
Get help in seconds, not days. Ask us anything, anytime, through 24/7 live chat support or email.

Android app features
• Our in-built kill switch stops all internet traffic if your VPN connection drops. Kill switch is supported on Android 8 and higher.
• Select which apps will use the VPN and which apps won’t when your device is connected with ExpressVPN’s split-tunneling feature.
• Our convenient widget allows you to easily connect or disconnect from ExpressVPN, change your location, or check your VPN status.
• ExpressVPN automatically connects whenever you join or rejoin an untrusted Wi-Fi hotspot or network, and it auto-reconnects if your VPN connection is interrupted.
• ExpressVPN’s encryption supports these protocols: OpenVPN UDP, OpenVPN TCP, Lightway.

Learn more about ExpressVPN:
https://www.expressvpn.com",Everyone,"249,743",Install,4.5,6,6252
com.google.ar.lens,Google Lens,Google LLC,Tools,"Google Lens lets you search what you see, get things done faster, and understand the world around you—using just your camera or a photo.

SCAN & TRANSLATE TEXT
Translate words you see, save a business card to your contacts, add events to your calendar from a poster, and copy and paste complicated codes or long paragraphs into your phone to save time.

IDENTIFY PLANTS & ANIMALS
Find out what that plant is in your friend's apartment, or what kind of dog you saw in the park.

EXPLORE PLACES AROUND YOU
Identify and learn about landmarks, restaurants, and storefronts. See ratings, hours of operation, historical facts, and more.

FIND THE LOOK YOU LIKE
See an outfit that catches your eye? Or a chair that's perfect for your living room? Find similar clothes, furniture, and home decor to the one you like.

KNOW WHAT TO ORDER
See popular dishes on a restaurant menu based on reviews from Google Maps.

SCAN CODES
Quickly scan QR codes and barcodes.

*Limited availability and not available in all languages or regions. For further details go to g.co/help/lens. Some Lens features require an internet connection.",Everyone,"1,391,685",Install,4.5,7,6208
com.immediasemi.android.blink,Blink Home Monitor — Smart Home Security App,Immedia Semiconductor,Tools,"Blink’s affordable smart home security cameras and systems help you monitor your home directly from your smartphone. With multi-system support and simple setup, you can easily control multiple Blink cameras within one app. The Blink Home Monitor app will alert you to what matters, day or night, no matter where you are. Just Blink and you’re home.

Be there from anywhere with Blink smart home security cameras

The new battery-powered smart home security cameras from Blink and Amazon go where wires can’t! Outdoor and Indoor run for up to two years on the included set of AA lithium batteries to help protect what matters most for less. Looking for an affordable plug-in option? Blink Mini has you covered!

Blink Outdoor: weathers the storm so you don’t have to. Outdoor runs for up to two years* on a single set of AA batteries to help you protect your home inside and out — rain or shine — with features like two-way audio, motion detection, and more. Outdoor works with Alexa.

Blink Indoor: is a wireless, battery-powered security camera that you can place anywhere inside your home. Features like two-way audio and night vision help you stay connected to what’s happening no matter where you are — day or night. Indoor works with Alexa.

Blink Mini: is mighty — but tiny — which means you can plug it in anywhere inside your home. Starting at $34.99 Mini is a great first step towards keeping your home more secure. Hear, see, and speak right from the Blink Home Monitor app on your phone and get alerts whenever motion is detected.

Works with Alexa

Connect Blink Outdoor, Indoor, or Mini to select Alexa-enabled devices for voice commands at home. You can use your voice to stream live video, play recorded clips, arm and disarm your camera, be alerted to motion, and more.
Go hands-free with Alexa!

Enhance Your Smart Home Security

Use the Blink Home Monitor app to check in on what’s happening at home from anywhere at any time. The app connects your home to your phone in HD video so you can see and protect what matters most. With multi-system support, you can use Blink to watch your home, vacation home, or business all at the same time.",Everyone,"33,876",Install,3.4,8,6104
com.samsung.android.app.watchmanager,Galaxy Wearable (Samsung Gear),"Samsung Electronics Co., Ltd.",Tools,"The Galaxy Wearable application connects your wearable devices to your mobile device. It also manages and monitors the wearable device features and applications you've installed through Galaxy Apps.

Use the Galaxy Wearable application to set up and manage the following features:
- Mobile device connection/disconnection
- Software updates
- Clock settings
- Application download and settings
- Find my Watch
- Notification type and settings, etc.

Install the Galaxy Wearable application on your mobile device, then pair your wearable devices via Bluetooth to enjoy all of its features.

※ Settings and features provided by the Galaxy Wearable application are only available when your wearable device is connected to your mobile device. Features will not work properly without a stable connection between your wearable device and your mobile device.

※ The Galaxy Wearable application does not support the Gear VR or Gear 360.

※ only for Galaxy Buds models, The Galaxy Wearable application can be used with tablets .

※ Supported devices vary depending on your region, operator, and device model.

※ Please allow the Galaxy Wearable application permissions in Android Settings so you can use all the functions in Android 6.0.
Settings > Apps > Galaxy Wearable > Permissions

※ App permissions
The following permissions are required for the app service. For optional permissions, the default functionality of the service is turned on, but not allowed.

[Required permissions]
• Location: Used to search for nearby devices for Gear through Bluetooth
• Storage: Used to transmit and receive the stored files with Gear
• Telephone: Used to check device-unique identification information for updating apps and installing plug-in apps
• Contacts: Used to provide services that need to be linked with accounts using registered Samsung account information",Everyone,"1,498,643",Install,4.3,9,6038
com.nordvpn.android,NordVPN – fast VPN for privacy,Nord Security,Tools,"Get yourself an ultra-fast VPN connection and never stop for anything.

Download NordVPN and you’ll get a fast and encrypted internet connection wherever you go. It will hide your data from cybercriminals and other people online.

One tap is all it takes to have a private and secure internet in an instant. It’s an easy-to-use VPN app for Android, trusted by millions of users worldwide.

✔ Use a VPN for privacy
When you browse the internet without a VPN, your IP address can reveal where you live. But once you connect to NordVPN, no one knows where you are, what websites you visit or files you download.

✔ Shield yourself from cyber threats
Surf the web in confidence with our CyberSec feature. It blocks your access to malicious websites and protects your device from accidentally joining a botnet zombie army.

✔ Stay safe on public Wi-Fi hotspots
A coffee shop serves the best espresso but its Wi-Fi is unsecured? Use NordVPN to secure your internet connection and get stuff done without worrying about your information being leaked.

✔ Guard your sensitive data
With NordVPN, your online traffic travels through a secure encrypted tunnel. This way, it’s out of reach for cybercriminals eager to snatch your private data. No proxy server or privacy browser will give you this level of security.

✔ Stay one step ahead
Enable the Dark Web Monitor to get an alert if your credentials are exposed online. This way, you can take immediate action and protect your compromised accounts before anyone can get to them.

✔ Enjoy high-speed connection with NordLynx
It’s our fastest VPN protocol built on the backbone of WireGuard to bring you blazing speeds and bulletproof privacy. All you need to do is tap “Quick Connect” – you’ll be connected to one of our 5,200+ servers in seconds. It’s almost like traveling on a virtual express train!

✔ Fail-safe protection
Working with sensitive information? Turn the Kill Switch on – your data will stay safe even if your VPN connection drops.

✔ For everyone and everything
Protect your family, friends, and all their devices with a single NordVPN account. Install it on your Wi-Fi router and enjoy an encrypted connection 24/7.

FEATURES

• Strong VPN encryption for bulletproof security
• VPN protocols: OpenVPN, NordLynx based on WireGuard
• Unlimited data for internet freedom
• 5500+ servers worldwide for turbo speeds
• Protection of 6 devices with a single account
• Double VPN for ultimate privacy
• VPN auto-connect for effortless online protection
• 24/7 customer support by our award-winning team

If you want to go more advanced...
Enjoy these extra features without additional costs or premium subscriptions:

• Split tunneling: select apps you don’t want to run through the encrypted VPN connection
• Custom DNS: set a custom DNS server address
• Switch between TCP and UDP protocols
• Specialty servers optimized for your individual needs

Ready to experience a better internet?
If you’re looking for a single all-around cybersecurity app, VPN is a solid choice.
Wind down, connect to NordVPN, and enjoy safe and private internet access wherever you go. Online security is just a tap away!

WireGuard® is a registered trademark of Jason A. Donenfeld.",Everyone,"530,056",Install,4.5,10,6008
